timestamp_utc,timestamp_local,station_name,temperature_c,feels_like_c,dew_point_c,humidity_pct,pressure_relative_hpa,pressure_absolute_hpa,wind_speed_kn,wind_gust_kn,max_daily_gust_kn,wind_direction_deg,wind_direction_compass,rain_rate_mm_hr,rain_daily_mm,rain_event_mm,rain_monthly_mm,rain_total_mm,solar_radiation_w_m2,uv_index
2026-09-07T04:00:00Z,2026-09-06T21:00:00-07:00,Brambley,15.89,15.89,14.08,89.0,1011.14,1018.63,2.17,2.95,11.82,248.0,WSW,0.0,0.0,0.0,29.21,5999.99,0.0,0.0
2026-09-07T04:19:00Z,2026-09-06T21:19:00-07:00,Brambley,15.78,15.78,13.97,89.0,1011.31,1018.83,2.35,3.91,11.82,232.0,SW,0.0,0.0,0.0,29.21,5999.99,0.0,0.0
2026-09-07T08:39:00Z,2026-09-07T01:39:00-07:00,Brambley,15.72,15.72,14.59,93.0,1012.02,1019.54,4.87,6.0,7.99,246.0,WSW,0.0,0.0,0.0,29.21,5999.99,0.0,0.0
2026-09-07T14:25:00Z,2026-09-07T07:25:00-07:00,Brambley,15.28,15.28,14.48,95.0,1013.14,1020.62,0.0,0.0,7.99,264.0,W,0.0,0.0,0.0,29.21,5999.99,28.52,0.0
2026-09-07T18:46:00Z,2026-09-07T11:46:00-07:00,Brambley,17.5,17.5,16.18,92.0,1014.53,1022.01,3.3,5.04,7.99,237.0,WSW,0.0,0.0,0.0,29.21,5999.99,206.31,2.0
2026-09-07T21:47:00Z,2026-09-07T14:47:00-07:00,Brambley,19.0,19.0,16.6,86.0,1014.32,1021.84,7.73,8.95,9.91,238.0,WSW,0.0,0.0,0.0,29.21,5999.99,339.16,3.0
2026-09-07T23:47:00Z,2026-09-07T16:47:00-07:00,Brambley,19.11,19.11,15.58,80.0,1014.12,1021.64,5.04,7.04,9.91,227.0,SW,0.0,0.0,0.0,29.21,5999.99,208.99,2.0
2026-09-08T01:26:00Z,2026-09-07T18:26:00-07:00,Brambley,18.89,18.89,14.97,78.0,1014.02,1021.54,3.74,6.0,9.91,234.0,SW,0.0,0.0,0.0,29.21,5999.99,27.6,0.0
2026-09-08T06:06:00Z,2026-09-07T23:06:00-07:00,Brambley,12.72,12.72,12.1,96.0,1015.44,1022.93,0.0,0.0,9.91,251.0,WSW,0.0,0.0,0.0,29.21,5999.99,0.0,0.0
2026-09-08T11:08:00Z,2026-09-08T04:08:00-07:00,Brambley,10.28,10.28,10.13,99.0,1015.61,1023.13,0.0,0.0,0.0,251.0,WSW,0.0,0.0,0.0,29.21,5999.99,0.0,0.0
2026-09-08T15:03:00Z,2026-09-08T08:03:00-07:00,Brambley,9.5,9.5,9.35,99.0,1017.34,1024.82,0.0,0.0,0.0,251.0,WSW,0.0,0.0,0.0,29.21,5999.99,20.17,0.0
2026-09-08T18:29:00Z,2026-09-08T11:29:00-07:00,Brambley,16.72,16.72,14.9,89.0,1017.61,1025.13,4.26,5.04,6.0,235.0,SW,0.0,0.0,0.0,29.21,5999.99,58.67,0.0
2026-09-08T21:19:00Z,2026-09-08T14:19:00-07:00,Brambley,20.11,20.14,15.53,75.0,1017.44,1024.92,6.0,7.99,11.82,214.0,SW,0.0,0.0,0.0,29.21,5999.99,538.83,5.0
2026-09-08T23:25:00Z,2026-09-08T16:25:00-07:00,Brambley,20.89,20.91,15.64,72.0,1017.03,1024.52,3.13,5.04,12.86,237.0,WSW,0.0,0.0,0.0,29.21,5999.99,303.51,2.0
2026-09-09T01:19:00Z,2026-09-08T18:19:00-07:00,Brambley,20.22,20.21,15.22,73.0,1016.12,1023.64,2.95,2.95,12.86,241.0,WSW,0.0,0.0,0.0,29.21,5999.99,28.11,0.0
2026-09-09T06:02:00Z,2026-09-08T23:02:00-07:00,Brambley,13.0,13.0,12.38,96.0,1017.34,1024.82,0.0,0.0,12.86,251.0,WSW,0.0,0.0,0.0,29.21,5999.99,0.0,0.0
2026-09-09T11:09:00Z,2026-09-09T04:09:00-07:00,Brambley,10.5,10.5,10.35,99.0,1017.44,1024.92,0.0,0.0,0.0,252.0,WSW,0.0,0.0,0.0,29.21,5999.99,0.0,0.0
2026-09-09T15:05:00Z,2026-09-09T08:05:00-07:00,Brambley,10.72,10.72,10.57,99.0,1017.71,1025.23,0.0,0.0,0.0,228.0,SW,0.0,0.0,0.0,29.21,5999.99,36.05,0.0
2026-09-09T18:29:00Z,2026-09-09T11:29:00-07:00,Brambley,19.28,19.28,15.74,80.0,1017.54,1025.03,0.0,0.0,0.96,224.0,SW,0.0,0.0,0.0,29.21,5999.99,86.84,0.0
2026-09-09T21:04:00Z,2026-09-09T14:04:00-07:00,Brambley,20.39,20.54,16.62,79.0,1016.42,1023.94,7.39,7.99,9.91,223.0,SW,0.0,0.0,0.0,29.21,5999.99,507.6,4.0
2026-09-09T23:08:00Z,2026-09-09T16:08:00-07:00,Brambley,20.39,20.57,16.82,80.0,1015.34,1022.82,6.0,8.95,14.95,200.0,SSW,0.0,0.0,0.0,29.21,5999.99,331.05,3.0
2026-09-10T01:00:00Z,2026-09-09T18:00:00-07:00,Brambley,20.39,20.39,15.38,73.0,1014.43,1021.91,1.39,1.91,14.95,217.0,SW,0.0,0.0,0.0,29.21,5999.99,59.36,0.0
2026-09-10T05:42:00Z,2026-09-09T22:42:00-07:00,Brambley,14.5,14.5,14.03,97.0,1013.04,1020.52,0.0,0.0,14.95,223.0,SW,0.0,0.0,0.0,29.21,5999.99,0.0,0.0
2026-09-10T10:01:00Z,2026-09-10T03:01:00-07:00,Brambley,14.0,14.0,13.69,98.0,1011.14,1018.63,0.0,0.0,0.96,217.0,SW,0.0,0.0,0.0,29.21,5999.99,0.0,0.0
2026-09-10T14:11:00Z,2026-09-10T07:11:00-07:00,Brambley,14.78,14.78,14.31,97.0,1011.14,1018.63,0.0,0.0,5.04,185.0,S,0.0,0.0,0.0,29.21,5999.99,5.48,0.0
2026-09-10T17:40:00Z,2026-09-10T10:40:00-07:00,Brambley,17.28,17.28,13.79,80.0,1011.51,1019.03,3.3,5.04,10.86,210.0,SSW,0.0,0.0,0.0,29.21,5999.99,129.11,1.0
2026-09-10T20:00:00Z,2026-09-10T13:00:00-07:00,Brambley,17.28,17.28,13.21,77.0,1011.31,1018.83,5.04,6.0,13.82,215.0,SW,0.0,0.0,0.0,29.21,5999.99,396.79,3.0
2026-09-10T22:18:00Z,2026-09-10T15:18:00-07:00,Brambley,16.78,16.78,13.49,81.0,1010.63,1018.12,6.26,7.04,13.82,245.0,WSW,0.0,0.0,0.0,29.21,5999.99,233.81,2.0
2026-09-11T00:13:00Z,2026-09-10T17:13:00-07:00,Brambley,17.28,17.28,13.4,78.0,1009.52,1017.03,6.26,7.99,13.82,238.0,WSW,0.0,0.0,0.0,29.21,5999.99,154.67,1.0
2026-09-11T04:37:00Z,2026-09-10T21:37:00-07:00,Brambley,13.22,13.22,11.95,92.0,1009.31,1016.83,0.0,0.0,13.82,249.0,WSW,0.0,0.0,0.0,29.21,5999.99,0.0,0.0
2026-09-11T09:05:00Z,2026-09-11T02:05:00-07:00,Brambley,11.11,11.11,10.65,97.0,1009.04,1016.53,0.0,0.0,0.0,245.0,WSW,0.0,0.0,0.0,29.21,5999.99,0.0,0.0
2026-09-11T13:29:00Z,2026-09-11T06:29:00-07:00,Brambley,12.39,12.39,12.23,99.0,1009.04,1016.53,0.0,0.0,0.0,274.0,W,0.0,0.0,0.0,29.21,5999.99,0.06,0.0
2026-09-11T17:04:00Z,2026-09-11T10:04:00-07:00,Brambley,14.78,14.78,14.47,98.0,1009.62,1017.14,0.0,0.0,2.95,259.0,W,0.0,0.0,0.0,29.21,5999.99,149.06,1.0
2026-09-11T19:33:00Z,2026-09-11T12:33:00-07:00,Brambley,17.89,17.89,14.19,79.0,1009.52,1017.03,2.69,3.91,7.99,231.0,SW,0.0,0.0,0.0,29.21,5999.99,428.15,4.0
2026-09-11T21:52:00Z,2026-09-11T14:52:00-07:00,Brambley,17.22,17.22,13.74,80.0,1008.33,1015.82,1.74,1.91,8.95,238.0,WSW,0.0,0.0,0.0,29.21,5999.99,297.79,2.0
2026-09-11T23:33:00Z,2026-09-11T16:33:00-07:00,Brambley,16.89,16.89,12.43,75.0,1007.62,1015.14,0.35,0.96,8.95,248.0,WSW,0.0,0.0,0.0,29.21,5999.99,128.26,1.0
2026-09-12T01:27:00Z,2026-09-11T18:27:00-07:00,Brambley,16.22,16.22,12.77,80.0,1006.94,1014.43,2.17,2.95,8.95,248.0,WSW,0.0,0.0,0.0,29.21,5999.99,46.0,0.0
2026-09-12T06:05:00Z,2026-09-11T23:05:00-07:00,Brambley,12.61,12.61,11.67,94.0,1006.33,1013.82,0.0,0.0,8.95,253.0,WSW,0.0,0.0,0.0,29.21,5999.99,0.0,0.0
2026-09-12T10:37:00Z,2026-09-12T03:37:00-07:00,Brambley,11.89,11.89,11.58,98.0,1005.93,1013.41,0.0,0.0,0.0,262.0,W,0.0,0.0,0.0,29.21,5999.99,0.0,0.0
2026-09-12T13:43:00Z,2026-09-12T06:43:00-07:00,Brambley,12.0,12.0,11.69,98.0,1005.32,1012.83,0.0,0.0,0.0,262.0,W,0.0,0.0,0.0,29.21,5999.99,0.2,0.0
2026-09-12T16:28:00Z,2026-09-12T09:28:00-07:00,Brambley,13.11,13.11,12.96,99.0,1006.03,1013.51,0.0,0.0,0.0,265.0,W,0.0,0.0,0.0,29.21,5999.99,61.23,0.0
2026-09-12T18:34:00Z,2026-09-12T11:34:00-07:00,Brambley,14.78,14.78,13.15,90.0,1005.93,1013.41,0.0,0.0,1.91,252.0,WSW,0.0,0.0,0.0,29.21,5999.99,91.71,0.0
2026-09-12T20:52:00Z,2026-09-12T13:52:00-07:00,Brambley,15.61,15.61,13.63,88.0,1005.42,1012.94,0.17,0.96,3.91,251.0,WSW,0.0,0.0,0.0,29.21,5999.99,86.41,0.0
2026-09-12T22:38:00Z,2026-09-12T15:38:00-07:00,Brambley,15.39,15.39,14.09,92.0,1005.01,1012.53,3.3,5.04,5.04,255.0,WSW,0.0,0.0,0.0,29.21,5999.99,96.89,0.0
2026-09-13T00:15:00Z,2026-09-12T17:15:00-07:00,Brambley,14.78,14.78,13.66,93.0,1005.01,1012.53,2.52,5.04,6.0,263.0,W,0.0,0.0,0.0,29.21,5999.99,45.96,0.0
2026-09-13T04:49:00Z,2026-09-12T21:49:00-07:00,Brambley,13.61,13.61,13.3,98.0,1006.03,1013.51,0.0,0.0,6.0,248.0,WSW,9.65,11.68,11.68,40.89,5999.99,0.0,0.0
2026-09-13T09:46:00Z,2026-09-13T02:46:00-07:00,Brambley,13.11,13.11,12.96,99.0,1006.84,1014.32,0.0,0.0,5.04,277.0,W,1.78,13.97,39.12,68.33,5999.99,0.0,0.0
2026-09-13T13:54:00Z,2026-09-13T06:54:00-07:00,Brambley,13.72,13.72,13.57,99.0,1006.94,1014.43,0.35,0.96,5.04,262.0,W,0.0,14.48,39.62,68.83,5999.99,0.3,0.0
2026-09-13T17:05:00Z,2026-09-13T10:05:00-07:00,Brambley,14.61,14.61,14.3,98.0,1007.72,1015.24,0.0,0.0,7.04,263.0,W,0.0,14.48,39.62,68.83,5999.99,52.91,0.0
2026-09-13T19:20:00Z,2026-09-13T12:20:00-07:00,Brambley,15.28,15.28,14.64,96.0,1008.23,1015.71,0.0,0.0,7.04,276.0,W,0.0,14.48,39.62,68.83,5999.99,174.8,1.0
2026-09-13T21:28:00Z,2026-09-13T14:28:00-07:00,Brambley,16.89,16.89,15.75,93.0,1008.74,1016.22,3.48,3.91,7.99,241.0,WSW,0.0,14.48,39.62,68.83,5999.99,212.5,2.0
2026-09-13T23:17:00Z,2026-09-13T16:17:00-07:00,Brambley,17.11,17.11,15.28,89.0,1009.72,1017.24,6.0,7.04,9.91,224.0,SW,0.0,14.48,39.62,68.83,5999.99,182.38,1.0
2026-09-14T01:08:00Z,2026-09-13T18:08:00-07:00,Brambley,16.61,16.61,14.79,89.0,1010.33,1017.81,2.17,2.95,9.91,231.0,SW,0.0,14.48,39.62,68.83,5999.99,35.86,0.0
2026-09-14T06:10:00Z,2026-09-13T23:10:00-07:00,Brambley,15.22,15.22,14.59,96.0,1012.43,1019.91,0.78,2.95,9.91,205.0,SSW,0.0,14.99,40.13,69.34,5999.99,0.0,0.0
2026-09-14T12:38:00Z,2026-09-14T05:38:00-07:00,Brambley,13.89,13.89,13.73,99.0,1013.41,1020.93,0.0,0.0,7.04,267.0,W,0.0,0.0,0.0,69.34,5999.99,0.0,0.0
2026-09-14T18:09:00Z,2026-09-14T11:09:00-07:00,Brambley,16.11,16.11,15.31,95.0,1014.43,1021.91,0.35,0.96,7.04,255.0,WSW,0.0,0.0,0.0,69.34,5999.99,102.68,1.0
2026-09-14T21:45:00Z,2026-09-14T14:45:00-07:00,Brambley,18.5,18.5,14.18,76.0,1013.72,1021.23,3.3,5.04,7.04,253.0,WSW,0.0,0.0,0.0,69.34,5999.99,463.01,4.0
2026-09-14T23:59:00Z,2026-09-14T16:59:00-07:00,Brambley,17.61,17.61,13.73,78.0,1013.14,1020.62,5.04,6.0,8.95,232.0,SW,0.0,0.0,0.0,69.34,5999.99,182.3,1.0
2026-09-15T02:25:00Z,2026-09-14T19:25:00-07:00,Brambley,16.11,16.11,12.66,80.0,1012.43,1019.91,0.0,0.0,8.95,254.0,WSW,0.0,0.0,0.0,69.34,5999.99,2.25,0.0
2026-09-15T02:30:00Z,2026-09-14T19:30:00-07:00,Brambley,15.89,15.89,12.44,80.0,1012.43,1019.91,0.0,0.0,8.95,255.0,WSW,0.0,0.0,0.0,69.34,5999.99,1.46,0.0
2026-09-15T02:35:00Z,2026-09-14T19:35:00-07:00,Brambley,16.0,16.0,12.74,81.0,1012.43,1019.91,0.0,0.0,8.95,255.0,WSW,0.0,0.0,0.0,69.34,5999.99,0.9,0.0
2026-09-15T02:40:00Z,2026-09-14T19:40:00-07:00,Brambley,15.78,15.78,12.52,81.0,1012.53,1020.01,0.0,0.0,8.95,255.0,WSW,0.0,0.0,0.0,69.34,5999.99,0.49,0.0
2026-09-15T02:45:00Z,2026-09-14T19:45:00-07:00,Brambley,15.72,15.72,12.47,81.0,1012.43,1019.91,0.0,0.0,8.95,255.0,WSW,0.0,0.0,0.0,69.34,5999.99,0.21,0.0
2026-09-15T02:50:00Z,2026-09-14T19:50:00-07:00,Brambley,15.61,15.61,12.36,81.0,1012.53,1020.01,0.0,0.0,8.95,255.0,WSW,0.0,0.0,0.0,69.34,5999.99,0.08,0.0
2026-09-15T02:55:00Z,2026-09-14T19:55:00-07:00,Brambley,15.61,15.61,12.36,81.0,1012.43,1019.91,0.0,0.0,8.95,255.0,WSW,0.0,0.0,0.0,69.34,5999.99,0.02,0.0
2026-09-15T03:00:00Z,2026-09-14T20:00:00-07:00,Brambley,15.5,15.5,12.44,82.0,1012.33,1019.81,0.0,0.0,8.95,255.0,WSW,0.0,0.0,0.0,69.34,5999.99,0.01,0.0
2026-09-15T03:05:00Z,2026-09-14T20:05:00-07:00,Brambley,15.28,15.28,12.22,82.0,1012.33,1019.81,0.0,0.0,8.95,255.0,WSW,0.0,0.0,0.0,69.34,5999.99,0.0,0.0
2026-09-15T03:10:00Z,2026-09-14T20:10:00-07:00,Brambley,15.0,15.0,12.13,83.0,1012.23,1019.74,0.0,0.0,8.95,255.0,WSW,0.0,0.0,0.0,69.34,5999.99,0.0,0.0
2026-09-15T03:15:00Z,2026-09-14T20:15:00-07:00,Brambley,14.89,14.89,12.21,84.0,1012.63,1020.12,0.0,0.0,8.95,255.0,WSW,0.0,0.0,0.0,69.34,5999.99,0.0,0.0
2026-09-15T03:20:00Z,2026-09-14T20:20:00-07:00,Brambley,14.61,14.61,12.29,86.0,1012.33,1019.81,0.0,0.0,8.95,255.0,WSW,0.0,0.0,0.0,69.34,5999.99,0.0,0.0
2026-09-15T03:25:00Z,2026-09-14T20:25:00-07:00,Brambley,14.28,14.28,11.97,86.0,1012.53,1020.01,0.0,0.0,8.95,255.0,WSW,0.0,0.0,0.0,69.34,5999.99,0.0,0.0
2026-09-15T03:30:00Z,2026-09-14T20:30:00-07:00,Brambley,14.0,14.0,11.87,87.0,1012.53,1020.01,0.0,0.0,8.95,255.0,WSW,0.0,0.0,0.0,69.34,5999.99,0.0,0.0
2026-09-15T03:35:00Z,2026-09-14T20:35:00-07:00,Brambley,14.22,14.22,12.26,88.0,1012.33,1019.81,0.0,0.0,8.95,255.0,WSW,0.0,0.0,0.0,69.34,5999.99,0.0,0.0
2026-09-15T03:36:00Z,2026-09-14T20:36:00-07:00,Brambley,14.22,14.22,12.26,88.0,1012.43,1019.91,0.0,0.0,8.95,255.0,WSW,0.0,0.0,0.0,69.34,5999.99,0.0,0.0
2026-09-15T03:40:00Z,2026-09-14T20:40:00-07:00,Brambley,14.0,14.0,12.04,88.0,1012.33,1019.81,0.0,0.0,8.95,255.0,WSW,0.0,0.0,0.0,69.34,5999.99,0.0,0.0
2026-09-15T03:45:00Z,2026-09-14T20:45:00-07:00,Brambley,13.72,13.72,11.94,89.0,1012.43,1019.91,0.0,0.0,8.95,255.0,WSW,0.0,0.0,0.0,69.34,5999.99,0.0,0.0
2026-09-15T03:50:00Z,2026-09-14T20:50:00-07:00,Brambley,13.61,13.61,11.83,89.0,1012.43,1019.91,0.0,0.0,8.95,255.0,WSW,0.0,0.0,0.0,69.34,5999.99,0.0,0.0
2026-09-15T03:55:00Z,2026-09-14T20:55:00-07:00,Brambley,13.72,13.72,12.11,90.0,1012.33,1019.81,0.0,0.0,8.95,255.0,WSW,0.0,0.0,0.0,69.34,5999.99,0.0,0.0
2026-09-15T04:00:00Z,2026-09-14T21:00:00-07:00,Brambley,13.72,13.72,12.28,91.0,1012.33,1019.81,0.0,0.0,8.95,255.0,WSW,0.0,0.0,0.0,69.34,5999.99,0.0,0.0
2026-09-15T04:05:00Z,2026-09-14T21:05:00-07:00,Brambley,13.5,13.5,12.06,91.0,1012.53,1020.01,0.0,0.0,8.95,255.0,WSW,0.0,0.0,0.0,69.34,5999.99,0.0,0.0
2026-09-15T04:10:00Z,2026-09-14T21:10:00-07:00,Brambley,13.39,13.39,12.12,92.0,1012.33,1019.81,0.0,0.0,8.95,255.0,WSW,0.0,0.0,0.0,69.34,5999.99,0.0,0.0
2026-09-15T04:15:00Z,2026-09-14T21:15:00-07:00,Brambley,13.39,13.39,12.12,92.0,1012.53,1020.01,0.0,0.0,8.95,255.0,WSW,0.0,0.0,0.0,69.34,5999.99,0.0,0.0
2026-09-15T04:20:00Z,2026-09-14T21:20:00-07:00,Brambley,13.39,13.39,12.12,92.0,1012.73,1020.22,0.0,0.0,8.95,255.0,WSW,0.0,0.0,0.0,69.34,5999.99,0.0,0.0
2026-09-15T04:25:00Z,2026-09-14T21:25:00-07:00,Brambley,13.28,13.28,12.17,93.0,1012.63,1020.12,0.0,0.0,8.95,255.0,WSW,0.0,0.0,0.0,69.34,5999.99,0.0,0.0
2026-09-15T04:30:00Z,2026-09-14T21:30:00-07:00,Brambley,13.28,13.28,12.17,93.0,1012.23,1019.74,0.0,0.0,8.95,255.0,WSW,0.0,0.0,0.0,69.34,5999.99,0.0,0.0
2026-09-15T04:35:00Z,2026-09-14T21:35:00-07:00,Brambley,13.22,13.22,12.28,94.0,1012.53,1020.01,0.0,0.0,8.95,255.0,WSW,0.0,0.0,0.0,69.34,5999.99,0.0,0.0
2026-09-15T04:40:00Z,2026-09-14T21:40:00-07:00,Brambley,13.22,13.22,12.28,94.0,1012.23,1019.74,0.0,0.0,8.95,255.0,WSW,0.0,0.0,0.0,69.34,5999.99,0.0,0.0
2026-09-15T04:45:00Z,2026-09-14T21:45:00-07:00,Brambley,13.22,13.22,12.28,94.0,1012.23,1019.74,0.0,0.0,8.95,255.0,WSW,0.0,0.0,0.0,69.34,5999.99,0.0,0.0
2026-09-15T04:50:00Z,2026-09-14T21:50:00-07:00,Brambley,13.0,13.0,12.06,94.0,1012.23,1019.74,0.0,0.0,8.95,255.0,WSW,0.0,0.0,0.0,69.34,5999.99,0.0,0.0
2026-09-15T04:55:00Z,2026-09-14T21:55:00-07:00,Brambley,13.0,13.0,12.22,95.0,1012.43,1019.91,0.0,0.0,8.95,255.0,WSW,0.0,0.0,0.0,69.34,5999.99,0.0,0.0
2026-09-15T05:00:00Z,2026-09-14T22:00:00-07:00,Brambley,12.89,12.89,12.11,95.0,1012.43,1019.91,0.0,0.0,8.95,255.0,WSW,0.0,0.0,0.0,69.34,5999.99,0.0,0.0
2026-09-15T05:05:00Z,2026-09-14T22:05:00-07:00,Brambley,12.89,12.89,12.11,95.0,1012.23,1019.74,0.0,0.0,8.95,255.0,WSW,0.0,0.0,0.0,69.34,5999.99,0.0,0.0
2026-09-15T05:10:00Z,2026-09-14T22:10:00-07:00,Brambley,12.78,12.78,11.99,95.0,1012.43,1019.91,0.0,0.0,8.95,255.0,WSW,0.0,0.0,0.0,69.34,5999.99,0.0,0.0
2026-09-15T05:15:00Z,2026-09-14T22:15:00-07:00,Brambley,12.78,12.78,11.99,95.0,1012.43,1019.91,0.0,0.0,8.95,255.0,WSW,0.0,0.0,0.0,69.34,5999.99,0.0,0.0
2026-09-15T05:20:00Z,2026-09-14T22:20:00-07:00,Brambley,12.61,12.61,11.99,96.0,1012.23,1019.74,0.0,0.0,8.95,255.0,WSW,0.0,0.0,0.0,69.34,5999.99,0.0,0.0
2026-09-15T05:25:00Z,2026-09-14T22:25:00-07:00,Brambley,12.5,12.5,11.88,96.0,1011.92,1019.44,0.0,0.0,8.95,255.0,WSW,0.0,0.0,0.0,69.34,5999.99,0.0,0.0
2026-09-15T05:30:00Z,2026-09-14T22:30:00-07:00,Brambley,12.28,12.28,11.66,96.0,1012.12,1019.64,0.0,0.0,8.95,256.0,WSW,0.0,0.0,0.0,69.34,5999.99,0.0,0.0
2026-09-15T05:35:00Z,2026-09-14T22:35:00-07:00,Brambley,12.22,12.22,11.6,96.0,1012.23,1019.74,0.0,0.0,8.95,256.0,WSW,0.0,0.0,0.0,69.34,5999.99,0.0,0.0
2026-09-15T05:40:00Z,2026-09-14T22:40:00-07:00,Brambley,12.28,12.28,11.66,96.0,1012.02,1019.54,0.0,0.0,8.95,256.0,WSW,0.0,0.0,0.0,69.34,5999.99,0.0,0.0
2026-09-15T05:45:00Z,2026-09-14T22:45:00-07:00,Brambley,12.39,12.39,11.77,96.0,1011.92,1019.44,0.0,0.0,8.95,255.0,WSW,0.0,0.0,0.0,69.34,5999.99,0.0,0.0
2026-09-15T05:50:00Z,2026-09-14T22:50:00-07:00,Brambley,12.28,12.28,11.66,96.0,1011.92,1019.44,0.0,0.0,8.95,255.0,WSW,0.0,0.0,0.0,69.34,5999.99,0.0,0.0
2026-09-15T05:55:00Z,2026-09-14T22:55:00-07:00,Brambley,12.22,12.22,11.76,97.0,1011.92,1019.44,0.0,0.0,8.95,255.0,WSW,0.0,0.0,0.0,69.34,5999.99,0.0,0.0
2026-09-15T06:00:00Z,2026-09-14T23:00:00-07:00,Brambley,12.11,12.11,11.65,97.0,1011.82,1019.34,0.0,0.0,8.95,255.0,WSW,0.0,0.0,0.0,69.34,5999.99,0.0,0.0
2026-09-15T06:05:00Z,2026-09-14T23:05:00-07:00,Brambley,12.11,12.11,11.65,97.0,1011.82,1019.34,0.0,0.0,8.95,256.0,WSW,0.0,0.0,0.0,69.34,5999.99,0.0,0.0
2026-09-15T06:10:00Z,2026-09-14T23:10:00-07:00,Brambley,11.89,11.89,11.43,97.0,1011.82,1019.34,0.0,0.0,8.95,257.0,WSW,0.0,0.0,0.0,69.34,5999.99,0.0,0.0
2026-09-15T06:15:00Z,2026-09-14T23:15:00-07:00,Brambley,11.78,11.78,11.32,97.0,1011.82,1019.34,0.0,0.0,8.95,257.0,WSW,0.0,0.0,0.0,69.34,5999.99,0.0,0.0
2026-09-15T06:20:00Z,2026-09-14T23:20:00-07:00,Brambley,11.78,11.78,11.32,97.0,1011.82,1019.34,0.0,0.0,8.95,256.0,WSW,0.0,0.0,0.0,69.34,5999.99,0.0,0.0
2026-09-15T06:25:00Z,2026-09-14T23:25:00-07:00,Brambley,11.5,11.5,11.04,97.0,1011.82,1019.34,0.0,0.0,8.95,255.0,WSW,0.0,0.0,0.0,69.34,5999.99,0.0,0.0
2026-09-15T06:30:00Z,2026-09-14T23:30:00-07:00,Brambley,11.39,11.39,10.93,97.0,1012.02,1019.54,0.0,0.0,8.95,255.0,WSW,0.0,0.0,0.0,69.34,5999.99,0.0,0.0
2026-09-15T06:35:00Z,2026-09-14T23:35:00-07:00,Brambley,11.39,11.39,10.93,97.0,1011.72,1019.24,0.0,0.0,8.95,255.0,WSW,0.0,0.0,0.0,69.34,5999.99,0.0,0.0
2026-09-15T06:40:00Z,2026-09-14T23:40:00-07:00,Brambley,11.39,11.39,10.93,97.0,1011.62,1019.13,0.0,0.0,8.95,255.0,WSW,0.0,0.0,0.0,69.34,5999.99,0.0,0.0
2026-09-15T06:45:00Z,2026-09-14T23:45:00-07:00,Brambley,11.28,11.28,10.82,97.0,1011.31,1018.83,0.0,0.0,8.95,255.0,WSW,0.0,0.0,0.0,69.34,5999.99,0.0,0.0
2026-09-15T06:50:00Z,2026-09-14T23:50:00-07:00,Brambley,11.28,11.28,10.82,97.0,1011.72,1019.24,0.0,0.0,8.95,255.0,WSW,0.0,0.0,0.0,69.34,5999.99,0.0,0.0
2026-09-15T06:55:00Z,2026-09-14T23:55:00-07:00,Brambley,11.22,11.22,10.76,97.0,1011.41,1018.93,0.0,0.0,8.95,255.0,WSW,0.0,0.0,0.0,69.34,5999.99,0.0,0.0
2026-09-15T07:00:00Z,2026-09-15T00:00:00-07:00,Brambley,11.11,11.11,10.65,97.0,1011.51,1019.03,0.0,0.0,0.0,255.0,WSW,0.0,0.0,0.0,69.34,5999.99,0.0,0.0
2026-09-15T07:05:00Z,2026-09-15T00:05:00-07:00,Brambley,11.11,11.11,10.65,97.0,1011.41,1018.93,0.0,0.0,0.0,255.0,WSW,0.0,0.0,0.0,69.34,5999.99,0.0,0.0
2026-09-15T07:10:00Z,2026-09-15T00:10:00-07:00,Brambley,11.0,11.0,10.54,97.0,1011.62,1019.13,0.0,0.0,0.0,255.0,WSW,0.0,0.0,0.0,69.34,5999.99,0.0,0.0
2026-09-15T07:15:00Z,2026-09-15T00:15:00-07:00,Brambley,11.0,11.0,10.69,98.0,1011.41,1018.93,0.0,0.0,0.0,255.0,WSW,0.0,0.0,0.0,69.34,5999.99,0.0,0.0
2026-09-15T07:20:00Z,2026-09-15T00:20:00-07:00,Brambley,11.0,11.0,10.69,98.0,1011.41,1018.93,0.0,0.0,0.0,255.0,WSW,0.0,0.0,0.0,69.34,5999.99,0.0,0.0
2026-09-15T07:25:00Z,2026-09-15T00:25:00-07:00,Brambley,11.0,11.0,10.69,98.0,1011.41,1018.93,0.0,0.0,0.0,255.0,WSW,0.0,0.0,0.0,69.34,5999.99,0.0,0.0
2026-09-15T07:30:00Z,2026-09-15T00:30:00-07:00,Brambley,10.89,10.89,10.58,98.0,1011.62,1019.13,0.0,0.0,0.0,255.0,WSW,0.0,0.0,0.0,69.34,5999.99,0.0,0.0
2026-09-15T07:35:00Z,2026-09-15T00:35:00-07:00,Brambley,10.89,10.89,10.58,98.0,1011.41,1018.93,0.0,0.0,0.0,255.0,WSW,0.0,0.0,0.0,69.34,5999.99,0.0,0.0
2026-09-15T07:40:00Z,2026-09-15T00:40:00-07:00,Brambley,10.89,10.89,10.58,98.0,1011.41,1018.93,0.0,0.0,0.0,255.0,WSW,0.0,0.0,0.0,69.34,5999.99,0.0,0.0
2026-09-15T07:45:00Z,2026-09-15T00:45:00-07:00,Brambley,10.89,10.89,10.58,98.0,1011.41,1018.93,0.0,0.0,0.0,255.0,WSW,0.0,0.0,0.0,69.34,5999.99,0.0,0.0
2026-09-15T07:50:00Z,2026-09-15T00:50:00-07:00,Brambley,10.89,10.89,10.58,98.0,1011.51,1019.03,0.0,0.0,0.0,255.0,WSW,0.0,0.0,0.0,69.34,5999.99,0.0,0.0
2026-09-15T07:55:00Z,2026-09-15T00:55:00-07:00,Brambley,11.0,11.0,10.69,98.0,1011.41,1018.93,0.0,0.0,0.0,255.0,WSW,0.0,0.0,0.0,69.34,5999.99,0.0,0.0
2026-09-15T08:00:00Z,2026-09-15T01:00:00-07:00,Brambley,11.0,11.0,10.69,98.0,1011.24,1018.73,0.0,0.0,0.0,255.0,WSW,0.0,0.0,0.0,69.34,5999.99,0.0,0.0
2026-09-15T08:05:00Z,2026-09-15T01:05:00-07:00,Brambley,11.11,11.11,10.81,98.0,1011.24,1018.73,0.0,0.0,0.0,255.0,WSW,0.0,0.0,0.0,69.34,5999.99,0.0,0.0
2026-09-15T08:10:00Z,2026-09-15T01:10:00-07:00,Brambley,11.22,11.22,10.92,98.0,1011.24,1018.73,0.0,0.0,0.0,255.0,WSW,0.0,0.0,0.0,69.34,5999.99,0.0,0.0
2026-09-15T08:15:00Z,2026-09-15T01:15:00-07:00,Brambley,11.28,11.28,10.97,98.0,1011.24,1018.73,0.0,0.0,0.0,255.0,WSW,0.0,0.0,0.0,69.34,5999.99,0.0,0.0
2026-09-15T08:20:00Z,2026-09-15T01:20:00-07:00,Brambley,11.39,11.39,11.08,98.0,1011.24,1018.73,0.0,0.0,0.0,255.0,WSW,0.0,0.0,0.0,69.34,5999.99,0.0,0.0
2026-09-15T08:25:00Z,2026-09-15T01:25:00-07:00,Brambley,11.28,11.28,10.97,98.0,1010.94,1018.42,0.0,0.0,0.0,255.0,WSW,0.0,0.0,0.0,69.34,5999.99,0.0,0.0
2026-09-15T08:30:00Z,2026-09-15T01:30:00-07:00,Brambley,11.5,11.5,11.19,98.0,1011.14,1018.63,0.0,0.0,0.0,255.0,WSW,0.0,0.0,0.0,69.34,5999.99,0.0,0.0
2026-09-15T08:35:00Z,2026-09-15T01:35:00-07:00,Brambley,11.72,11.72,11.57,99.0,1010.94,1018.42,0.0,0.0,0.0,255.0,WSW,0.0,0.0,0.0,69.34,5999.99,0.0,0.0
2026-09-15T08:40:00Z,2026-09-15T01:40:00-07:00,Brambley,12.11,12.11,11.81,98.0,1011.14,1018.63,0.0,0.0,0.0,255.0,WSW,0.0,0.0,0.0,69.34,5999.99,0.0,0.0
2026-09-15T08:45:00Z,2026-09-15T01:45:00-07:00,Brambley,12.0,12.0,11.69,98.0,1010.74,1018.22,0.0,0.0,0.0,255.0,WSW,0.0,0.0,0.0,69.34,5999.99,0.0,0.0
2026-09-15T08:50:00Z,2026-09-15T01:50:00-07:00,Brambley,11.89,11.89,11.74,99.0,1010.74,1018.22,0.0,0.0,0.0,255.0,WSW,0.0,0.0,0.0,69.34,5999.99,0.0,0.0
2026-09-15T08:55:00Z,2026-09-15T01:55:00-07:00,Brambley,11.72,11.72,11.57,99.0,1010.74,1018.22,0.0,0.0,0.0,255.0,WSW,0.0,0.0,0.0,69.34,5999.99,0.0,0.0
2026-09-15T08:56:00Z,2026-09-15T01:56:00-07:00,Brambley,11.72,11.72,11.57,99.0,1010.63,1018.12,0.0,0.0,0.0,255.0,WSW,0.0,0.0,0.0,69.34,5999.99,0.0,0.0
2026-09-15T09:00:00Z,2026-09-15T02:00:00-07:00,Brambley,11.72,11.72,11.57,99.0,1010.63,1018.12,0.0,0.0,0.0,255.0,WSW,0.0,0.0,0.0,69.34,5999.99,0.0,0.0
2026-09-15T09:05:00Z,2026-09-15T02:05:00-07:00,Brambley,11.72,11.72,11.57,99.0,1010.63,1018.12,0.0,0.0,0.0,255.0,WSW,0.0,0.0,0.0,69.34,5999.99,0.0,0.0
2026-09-15T09:10:00Z,2026-09-15T02:10:00-07:00,Brambley,11.61,11.61,11.46,99.0,1010.63,1018.12,0.0,0.0,0.0,255.0,WSW,0.0,0.0,0.0,69.34,5999.99,0.0,0.0
2026-09-15T09:15:00Z,2026-09-15T02:15:00-07:00,Brambley,11.72,11.72,11.57,99.0,1010.63,1018.12,0.0,0.0,0.0,255.0,WSW,0.0,0.0,0.0,69.34,5999.99,0.0,0.0
2026-09-15T09:20:00Z,2026-09-15T02:20:00-07:00,Brambley,11.61,11.61,11.46,99.0,1010.43,1017.91,0.0,0.0,0.0,255.0,WSW,0.0,0.0,0.0,69.34,5999.99,0.0,0.0
2026-09-15T09:25:00Z,2026-09-15T02:25:00-07:00,Brambley,11.5,11.5,11.35,99.0,1010.63,1018.12,0.0,0.0,0.0,255.0,WSW,0.0,0.0,0.0,69.34,5999.99,0.0,0.0
2026-09-15T09:30:00Z,2026-09-15T02:30:00-07:00,Brambley,11.61,11.61,11.46,99.0,1010.74,1018.22,0.0,0.0,0.0,255.0,WSW,0.0,0.0,0.0,69.34,5999.99,0.0,0.0
2026-09-15T09:35:00Z,2026-09-15T02:35:00-07:00,Brambley,11.5,11.5,11.35,99.0,1010.43,1017.91,0.0,0.0,0.0,255.0,WSW,0.0,0.0,0.0,69.34,5999.99,0.0,0.0
2026-09-15T09:40:00Z,2026-09-15T02:40:00-07:00,Brambley,11.39,11.39,11.24,99.0,1010.43,1017.91,0.0,0.0,0.0,255.0,WSW,0.0,0.0,0.0,69.34,5999.99,0.0,0.0
2026-09-15T09:45:00Z,2026-09-15T02:45:00-07:00,Brambley,11.39,11.39,11.24,99.0,1010.53,1018.02,0.0,0.0,0.0,255.0,WSW,0.0,0.0,0.0,69.34,5999.99,0.0,0.0
2026-09-15T09:50:00Z,2026-09-15T02:50:00-07:00,Brambley,11.39,11.39,11.24,99.0,1010.53,1018.02,0.0,0.0,0.0,255.0,WSW,0.0,0.0,0.0,69.34,5999.99,0.0,0.0
2026-09-15T09:55:00Z,2026-09-15T02:55:00-07:00,Brambley,11.5,11.5,11.35,99.0,1010.53,1018.02,0.0,0.0,0.0,255.0,WSW,0.0,0.0,0.0,69.34,5999.99,0.0,0.0
2026-09-15T10:00:00Z,2026-09-15T03:00:00-07:00,Brambley,11.39,11.39,11.24,99.0,1010.53,1018.02,0.0,0.0,0.0,255.0,WSW,0.0,0.0,0.0,69.34,5999.99,0.0,0.0
2026-09-15T10:05:00Z,2026-09-15T03:05:00-07:00,Brambley,11.39,11.39,11.24,99.0,1010.53,1018.02,0.0,0.0,0.0,255.0,WSW,0.0,0.0,0.0,69.34,5999.99,0.0,0.0
2026-09-15T10:10:00Z,2026-09-15T03:10:00-07:00,Brambley,11.5,11.5,11.35,99.0,1010.43,1017.91,0.0,0.0,0.0,255.0,WSW,0.0,0.0,0.0,69.34,5999.99,0.0,0.0
2026-09-15T10:15:00Z,2026-09-15T03:15:00-07:00,Brambley,11.61,11.61,11.46,99.0,1010.43,1017.91,0.0,0.0,0.0,255.0,WSW,0.0,0.0,0.0,69.34,5999.99,0.0,0.0
2026-09-15T10:20:00Z,2026-09-15T03:20:00-07:00,Brambley,11.72,11.72,11.57,99.0,1010.63,1018.12,0.0,0.0,0.0,255.0,WSW,0.0,0.0,0.0,69.34,5999.99,0.0,0.0
2026-09-15T10:25:00Z,2026-09-15T03:25:00-07:00,Brambley,11.72,11.72,11.57,99.0,1010.53,1018.02,0.0,0.0,0.0,255.0,WSW,0.0,0.0,0.0,69.34,5999.99,0.0,0.0
2026-09-15T10:30:00Z,2026-09-15T03:30:00-07:00,Brambley,11.72,11.72,11.57,99.0,1010.43,1017.91,0.0,0.0,0.0,255.0,WSW,0.0,0.0,0.0,69.34,5999.99,0.0,0.0
2026-09-15T10:35:00Z,2026-09-15T03:35:00-07:00,Brambley,11.72,11.72,11.57,99.0,1010.33,1017.81,0.0,0.0,0.0,255.0,WSW,0.0,0.0,0.0,69.34,5999.99,0.0,0.0
2026-09-15T10:40:00Z,2026-09-15T03:40:00-07:00,Brambley,11.72,11.72,11.57,99.0,1010.63,1018.12,0.0,0.0,0.0,255.0,WSW,0.0,0.0,0.0,69.34,5999.99,0.0,0.0
2026-09-15T10:45:00Z,2026-09-15T03:45:00-07:00,Brambley,11.72,11.72,11.57,99.0,1010.43,1017.91,0.0,0.0,0.0,255.0,WSW,0.0,0.0,0.0,69.34,5999.99,0.0,0.0
2026-09-15T10:50:00Z,2026-09-15T03:50:00-07:00,Brambley,11.61,11.61,11.46,99.0,1010.23,1017.71,0.0,0.0,0.0,255.0,WSW,0.0,0.0,0.0,69.34,5999.99,0.0,0.0
2026-09-15T10:55:00Z,2026-09-15T03:55:00-07:00,Brambley,11.72,11.72,11.57,99.0,1010.33,1017.81,0.0,0.0,0.0,255.0,WSW,0.0,0.0,0.0,69.34,5999.99,0.0,0.0
2026-09-15T11:00:00Z,2026-09-15T04:00:00-07:00,Brambley,11.72,11.72,11.57,99.0,1010.53,1018.02,0.0,0.0,0.0,255.0,WSW,0.0,0.0,0.0,69.34,5999.99,0.0,0.0
2026-09-15T11:05:00Z,2026-09-15T04:05:00-07:00,Brambley,11.72,11.72,11.57,99.0,1010.33,1017.81,0.0,0.0,0.0,255.0,WSW,0.0,0.0,0.0,69.34,5999.99,0.0,0.0
2026-09-15T11:10:00Z,2026-09-15T04:10:00-07:00,Brambley,11.78,11.78,11.63,99.0,1010.23,1017.71,0.0,0.0,0.0,255.0,WSW,0.0,0.0,0.0,69.34,5999.99,0.0,0.0
2026-09-15T11:15:00Z,2026-09-15T04:15:00-07:00,Brambley,11.78,11.78,11.63,99.0,1010.23,1017.71,0.0,0.0,0.0,255.0,WSW,0.0,0.0,0.0,69.34,5999.99,0.0,0.0
2026-09-15T11:20:00Z,2026-09-15T04:20:00-07:00,Brambley,11.78,11.78,11.63,99.0,1010.23,1017.71,0.0,0.0,0.0,255.0,WSW,0.0,0.0,0.0,69.34,5999.99,0.0,0.0
2026-09-15T11:25:00Z,2026-09-15T04:25:00-07:00,Brambley,12.0,12.0,11.85,99.0,1010.13,1017.61,0.0,0.0,0.0,255.0,WSW,0.0,0.0,0.0,69.34,5999.99,0.0,0.0
2026-09-15T11:30:00Z,2026-09-15T04:30:00-07:00,Brambley,12.11,12.11,11.96,99.0,1009.82,1017.34,0.0,0.0,0.0,255.0,WSW,0.0,0.0,0.0,69.34,5999.99,0.0,0.0
2026-09-15T11:35:00Z,2026-09-15T04:35:00-07:00,Brambley,12.11,12.11,11.96,99.0,1009.92,1017.44,0.0,0.0,0.0,255.0,WSW,0.0,0.0,0.0,69.34,5999.99,0.0,0.0
2026-09-15T11:40:00Z,2026-09-15T04:40:00-07:00,Brambley,12.11,12.11,11.96,99.0,1009.92,1017.44,0.0,0.0,0.0,255.0,WSW,0.0,0.0,0.0,69.34,5999.99,0.0,0.0
2026-09-15T11:45:00Z,2026-09-15T04:45:00-07:00,Brambley,12.22,12.22,12.07,99.0,1010.02,1017.54,0.0,0.0,0.0,255.0,WSW,0.0,0.0,0.0,69.34,5999.99,0.0,0.0
2026-09-15T11:50:00Z,2026-09-15T04:50:00-07:00,Brambley,12.22,12.22,12.07,99.0,1010.02,1017.54,0.0,0.0,0.0,255.0,WSW,0.0,0.0,0.0,69.34,5999.99,0.0,0.0
2026-09-15T11:55:00Z,2026-09-15T04:55:00-07:00,Brambley,12.22,12.22,12.07,99.0,1009.82,1017.34,0.0,0.0,0.0,255.0,WSW,0.0,0.0,0.0,69.34,5999.99,0.0,0.0
2026-09-15T12:00:00Z,2026-09-15T05:00:00-07:00,Brambley,12.22,12.22,12.07,99.0,1009.92,1017.44,0.0,0.0,0.0,255.0,WSW,0.0,0.0,0.0,69.34,5999.99,0.0,0.0
2026-09-15T12:05:00Z,2026-09-15T05:05:00-07:00,Brambley,12.22,12.22,12.07,99.0,1009.82,1017.34,0.0,0.0,0.0,255.0,WSW,0.0,0.0,0.0,69.34,5999.99,0.0,0.0
2026-09-15T12:10:00Z,2026-09-15T05:10:00-07:00,Brambley,12.22,12.22,12.07,99.0,1010.13,1017.61,0.0,0.0,0.0,255.0,WSW,0.0,0.0,0.0,69.34,5999.99,0.0,0.0
2026-09-15T12:15:00Z,2026-09-15T05:15:00-07:00,Brambley,12.11,12.11,11.96,99.0,1010.23,1017.71,0.0,0.0,0.0,255.0,WSW,0.0,0.0,0.0,69.34,5999.99,0.0,0.0
2026-09-15T12:20:00Z,2026-09-15T05:20:00-07:00,Brambley,12.11,12.11,11.96,99.0,1009.82,1017.34,0.0,0.0,0.0,255.0,WSW,0.0,0.0,0.0,69.34,5999.99,0.0,0.0
2026-09-15T12:25:00Z,2026-09-15T05:25:00-07:00,Brambley,12.11,12.11,11.96,99.0,1010.02,1017.54,0.0,0.0,0.0,255.0,WSW,0.0,0.0,0.0,69.34,5999.99,0.0,0.0
2026-09-15T12:30:00Z,2026-09-15T05:30:00-07:00,Brambley,12.11,12.11,11.96,99.0,1010.02,1017.54,0.0,0.0,0.0,255.0,WSW,0.0,0.0,0.0,69.34,5999.99,0.0,0.0
2026-09-15T12:35:00Z,2026-09-15T05:35:00-07:00,Brambley,12.11,12.11,11.96,99.0,1010.33,1017.81,0.0,0.0,0.0,255.0,WSW,0.0,0.0,0.0,69.34,5999.99,0.0,0.0
2026-09-15T12:40:00Z,2026-09-15T05:40:00-07:00,Brambley,12.11,12.11,11.96,99.0,1010.02,1017.54,0.0,0.0,0.0,255.0,WSW,0.0,0.0,0.0,69.34,5999.99,0.0,0.0
2026-09-15T12:45:00Z,2026-09-15T05:45:00-07:00,Brambley,12.11,12.11,11.96,99.0,1010.02,1017.54,0.0,0.0,0.0,255.0,WSW,0.0,0.0,0.0,69.34,5999.99,0.0,0.0
2026-09-15T12:50:00Z,2026-09-15T05:50:00-07:00,Brambley,12.11,12.11,11.96,99.0,1010.13,1017.61,0.0,0.0,0.0,255.0,WSW,0.0,0.0,0.0,69.34,5999.99,0.0,0.0
2026-09-15T12:55:00Z,2026-09-15T05:55:00-07:00,Brambley,12.22,12.22,12.07,99.0,1010.23,1017.71,0.0,0.0,0.0,255.0,WSW,0.0,0.0,0.0,69.34,5999.99,0.0,0.0
2026-09-15T13:00:00Z,2026-09-15T06:00:00-07:00,Brambley,12.22,12.22,12.07,99.0,1010.13,1017.61,0.0,0.0,0.0,255.0,WSW,0.0,0.0,0.0,69.34,5999.99,0.0,0.0
2026-09-15T13:05:00Z,2026-09-15T06:05:00-07:00,Brambley,12.22,12.22,12.07,99.0,1010.63,1018.12,0.0,0.0,0.0,255.0,WSW,0.0,0.0,0.0,69.34,5999.99,0.0,0.0
2026-09-15T13:10:00Z,2026-09-15T06:10:00-07:00,Brambley,12.22,12.22,12.07,99.0,1010.13,1017.61,0.0,0.0,0.0,255.0,WSW,0.0,0.0,0.0,69.34,5999.99,0.0,0.0
2026-09-15T13:15:00Z,2026-09-15T06:15:00-07:00,Brambley,12.22,12.22,12.07,99.0,1010.43,1017.91,0.0,0.0,0.0,255.0,WSW,0.0,0.0,0.0,69.34,5999.99,0.0,0.0
2026-09-15T13:20:00Z,2026-09-15T06:20:00-07:00,Brambley,12.22,12.22,12.07,99.0,1010.23,1017.71,0.0,0.0,0.0,255.0,WSW,0.0,0.0,0.0,69.34,5999.99,0.0,0.0
2026-09-15T13:25:00Z,2026-09-15T06:25:00-07:00,Brambley,12.22,12.22,12.07,99.0,1010.13,1017.61,0.0,0.0,0.0,255.0,WSW,0.0,0.0,0.0,69.34,5999.99,0.01,0.0
2026-09-15T13:30:00Z,2026-09-15T06:30:00-07:00,Brambley,12.22,12.22,12.07,99.0,1010.13,1017.61,0.0,0.0,0.0,255.0,WSW,0.0,0.0,0.0,69.34,5999.99,0.02,0.0
2026-09-15T13:35:00Z,2026-09-15T06:35:00-07:00,Brambley,12.28,12.28,12.12,99.0,1010.13,1017.61,0.0,0.0,0.0,255.0,WSW,0.0,0.0,0.0,69.34,5999.99,0.09,0.0
2026-09-15T13:40:00Z,2026-09-15T06:40:00-07:00,Brambley,12.28,12.28,12.12,99.0,1010.23,1017.71,0.0,0.0,0.0,255.0,WSW,0.0,0.0,0.0,69.34,5999.99,0.17,0.0
2026-09-15T13:45:00Z,2026-09-15T06:45:00-07:00,Brambley,12.28,12.28,12.12,99.0,1009.92,1017.44,0.0,0.0,0.0,255.0,WSW,0.0,0.0,0.0,69.34,5999.99,0.34,0.0
2026-09-15T13:50:00Z,2026-09-15T06:50:00-07:00,Brambley,12.28,12.28,12.12,99.0,1010.13,1017.61,0.0,0.0,0.0,255.0,WSW,0.0,0.0,0.0,69.34,5999.99,0.81,0.0
2026-09-15T13:55:00Z,2026-09-15T06:55:00-07:00,Brambley,12.22,12.22,12.07,99.0,1010.13,1017.61,0.0,0.0,0.0,255.0,WSW,0.0,0.0,0.0,69.34,5999.99,1.34,0.0
2026-09-15T13:57:00Z,2026-09-15T06:57:00-07:00,Brambley,12.22,12.22,12.07,99.0,1010.13,1017.61,0.0,0.0,0.0,255.0,WSW,0.0,0.0,0.0,69.34,5999.99,1.47,0.0
2026-09-15T14:00:00Z,2026-09-15T07:00:00-07:00,Brambley,12.22,12.22,12.07,99.0,1010.23,1017.71,0.0,0.0,0.0,255.0,WSW,0.0,0.0,0.0,69.34,5999.99,1.61,0.0
2026-09-15T14:05:00Z,2026-09-15T07:05:00-07:00,Brambley,12.28,12.28,12.12,99.0,1010.23,1017.71,0.0,0.0,0.0,255.0,WSW,0.0,0.0,0.0,69.34,5999.99,1.95,0.0
2026-09-15T14:10:00Z,2026-09-15T07:10:00-07:00,Brambley,12.28,12.28,12.12,99.0,1010.13,1017.61,0.0,0.0,0.0,255.0,WSW,0.0,0.0,0.0,69.34,5999.99,1.81,0.0
2026-09-15T14:15:00Z,2026-09-15T07:15:00-07:00,Brambley,12.28,12.28,12.12,99.0,1010.23,1017.71,0.0,0.0,0.0,255.0,WSW,0.0,0.0,0.0,69.34,5999.99,2.76,0.0
2026-09-15T14:20:00Z,2026-09-15T07:20:00-07:00,Brambley,12.39,12.39,12.23,99.0,1010.33,1017.81,0.0,0.0,0.0,255.0,WSW,0.0,0.0,0.0,69.34,5999.99,3.88,0.0
2026-09-15T14:25:00Z,2026-09-15T07:25:00-07:00,Brambley,12.39,12.39,12.23,99.0,1010.33,1017.81,0.0,0.0,0.0,255.0,WSW,0.0,0.0,0.0,69.34,5999.99,7.72,0.0
2026-09-15T14:30:00Z,2026-09-15T07:30:00-07:00,Brambley,12.39,12.39,12.23,99.0,1010.23,1017.71,0.0,0.0,0.0,255.0,WSW,0.0,0.0,0.0,69.34,5999.99,12.99,0.0
2026-09-15T14:35:00Z,2026-09-15T07:35:00-07:00,Brambley,12.39,12.39,12.23,99.0,1010.23,1017.71,0.0,0.0,0.0,255.0,WSW,0.0,0.0,0.0,69.34,5999.99,23.08,0.0
2026-09-15T14:40:00Z,2026-09-15T07:40:00-07:00,Brambley,12.5,12.5,12.34,99.0,1010.33,1017.81,0.0,0.0,0.0,255.0,WSW,0.0,0.0,0.0,69.34,5999.99,24.42,0.0
2026-09-15T14:45:00Z,2026-09-15T07:45:00-07:00,Brambley,12.5,12.5,12.34,99.0,1010.33,1017.81,0.0,0.0,0.0,255.0,WSW,0.0,0.0,0.0,69.34,5999.99,20.75,0.0
2026-09-15T14:50:00Z,2026-09-15T07:50:00-07:00,Brambley,12.61,12.61,12.46,99.0,1010.02,1017.54,0.0,0.0,0.0,255.0,WSW,0.0,0.0,0.0,69.34,5999.99,24.59,0.0
2026-09-15T14:55:00Z,2026-09-15T07:55:00-07:00,Brambley,12.39,12.39,12.23,99.0,1010.23,1017.71,0.0,0.0,0.0,255.0,WSW,0.0,0.0,0.0,69.34,5999.99,31.74,0.0
2026-09-15T15:00:00Z,2026-09-15T08:00:00-07:00,Brambley,12.39,12.39,12.23,99.0,1010.13,1017.61,0.0,0.0,0.0,255.0,WSW,0.0,0.0,0.0,69.34,5999.99,38.17,0.0
2026-09-15T15:05:00Z,2026-09-15T08:05:00-07:00,Brambley,12.5,12.5,12.34,99.0,1010.23,1017.71,0.0,0.0,0.0,255.0,WSW,0.0,0.0,0.0,69.34,5999.99,40.69,0.0
2026-09-15T15:10:00Z,2026-09-15T08:10:00-07:00,Brambley,12.61,12.61,12.46,99.0,1010.23,1017.71,0.0,0.0,0.0,255.0,WSW,0.0,0.0,0.0,69.34,5999.99,40.94,0.0
2026-09-15T15:15:00Z,2026-09-15T08:15:00-07:00,Brambley,12.89,12.89,12.73,99.0,1010.43,1017.91,0.0,0.0,0.0,255.0,WSW,0.0,0.0,0.0,69.34,5999.99,40.92,0.0
2026-09-15T15:20:00Z,2026-09-15T08:20:00-07:00,Brambley,13.0,13.0,12.84,99.0,1010.23,1017.71,0.0,0.0,0.0,255.0,WSW,0.0,0.0,0.0,69.34,5999.99,28.45,0.0
2026-09-15T15:25:00Z,2026-09-15T08:25:00-07:00,Brambley,13.0,13.0,12.84,99.0,1010.43,1017.91,0.0,0.0,0.0,255.0,WSW,0.0,0.0,0.0,69.34,5999.99,31.44,0.0
2026-09-15T15:30:00Z,2026-09-15T08:30:00-07:00,Brambley,13.0,13.0,12.84,99.0,1010.23,1017.71,0.0,0.0,0.0,255.0,WSW,0.0,0.0,0.0,69.34,5999.99,41.98,0.0
2026-09-15T15:35:00Z,2026-09-15T08:35:00-07:00,Brambley,13.0,13.0,12.84,99.0,1010.43,1017.91,0.0,0.0,0.0,255.0,WSW,0.0,0.0,0.0,69.34,5999.99,51.53,0.0
2026-09-15T15:40:00Z,2026-09-15T08:40:00-07:00,Brambley,13.22,13.22,13.07,99.0,1010.63,1018.12,0.0,0.0,0.0,255.0,WSW,0.0,0.0,0.0,69.34,5999.99,59.07,0.0
2026-09-15T15:45:00Z,2026-09-15T08:45:00-07:00,Brambley,13.39,13.39,13.23,99.0,1010.23,1017.71,0.0,0.0,0.0,255.0,WSW,0.0,0.0,0.0,69.34,5999.99,63.43,0.0
2026-09-15T15:50:00Z,2026-09-15T08:50:00-07:00,Brambley,13.5,13.5,13.34,99.0,1010.13,1017.61,0.0,0.0,0.0,255.0,WSW,0.0,0.0,0.0,69.34,5999.99,47.17,0.0
2026-09-15T15:55:00Z,2026-09-15T08:55:00-07:00,Brambley,13.39,13.39,13.23,99.0,1010.43,1017.91,0.0,0.0,0.0,255.0,WSW,0.0,0.0,0.0,69.34,5999.99,49.01,0.0
2026-09-15T16:00:00Z,2026-09-15T09:00:00-07:00,Brambley,13.39,13.39,13.23,99.0,1010.33,1017.81,0.0,0.0,0.0,255.0,WSW,0.0,0.0,0.0,69.34,5999.99,73.62,0.0
2026-09-15T16:05:00Z,2026-09-15T09:05:00-07:00,Brambley,13.61,13.61,13.46,99.0,1010.53,1018.02,0.0,0.0,0.0,255.0,WSW,0.0,0.0,0.0,69.34,5999.99,87.52,0.0
2026-09-15T16:10:00Z,2026-09-15T09:10:00-07:00,Brambley,13.72,13.72,13.57,99.0,1010.53,1018.02,0.0,0.0,0.0,255.0,WSW,0.0,0.0,0.0,69.34,5999.99,101.7,0.0
2026-09-15T16:15:00Z,2026-09-15T09:15:00-07:00,Brambley,13.89,13.89,13.73,99.0,1010.53,1018.02,0.0,0.0,0.0,255.0,WSW,0.0,0.0,0.0,69.34,5999.99,93.34,0.0
2026-09-15T16:20:00Z,2026-09-15T09:20:00-07:00,Brambley,13.78,13.78,13.62,99.0,1010.43,1017.91,0.0,0.0,0.0,255.0,WSW,0.0,0.0,0.0,69.34,5999.99,80.41,0.0
2026-09-15T16:25:00Z,2026-09-15T09:25:00-07:00,Brambley,13.61,13.61,13.46,99.0,1010.33,1017.81,0.0,0.0,0.0,255.0,WSW,0.0,0.0,0.0,69.34,5999.99,90.33,0.0
2026-09-15T16:30:00Z,2026-09-15T09:30:00-07:00,Brambley,13.61,13.61,13.46,99.0,1010.43,1017.91,0.0,0.0,0.0,255.0,WSW,0.0,0.0,0.0,69.34,5999.99,105.69,1.0
2026-09-15T16:35:00Z,2026-09-15T09:35:00-07:00,Brambley,13.89,13.89,13.73,99.0,1010.43,1017.91,0.0,0.0,0.0,255.0,WSW,0.0,0.0,0.0,69.34,5999.99,91.43,0.0
2026-09-15T16:40:00Z,2026-09-15T09:40:00-07:00,Brambley,13.89,13.89,13.73,99.0,1010.23,1017.71,0.0,0.0,0.0,255.0,WSW,0.0,0.0,0.0,69.34,5999.99,66.79,0.0
2026-09-15T16:45:00Z,2026-09-15T09:45:00-07:00,Brambley,14.22,14.22,14.07,99.0,1010.53,1018.02,0.0,0.0,0.0,255.0,WSW,0.0,0.0,0.0,69.34,5999.99,54.51,0.0
2026-09-15T16:50:00Z,2026-09-15T09:50:00-07:00,Brambley,14.28,14.28,14.12,99.0,1010.53,1018.02,0.0,0.0,0.0,255.0,WSW,0.0,0.0,0.0,69.34,5999.99,96.75,0.0
2026-09-15T16:55:00Z,2026-09-15T09:55:00-07:00,Brambley,14.22,14.22,14.07,99.0,1010.63,1018.12,0.0,0.0,0.0,255.0,WSW,0.0,0.0,0.0,69.34,5999.99,111.66,1.0
2026-09-15T17:00:00Z,2026-09-15T10:00:00-07:00,Brambley,14.39,14.39,14.23,99.0,1010.74,1018.22,0.0,0.0,0.0,255.0,WSW,0.0,0.0,0.0,69.34,5999.99,136.16,1.0
2026-09-15T17:05:00Z,2026-09-15T10:05:00-07:00,Brambley,14.0,14.0,13.84,99.0,1010.33,1017.81,0.0,0.0,0.0,255.0,WSW,0.0,0.0,0.0,69.34,5999.99,148.3,1.0
2026-09-15T17:10:00Z,2026-09-15T10:10:00-07:00,Brambley,14.22,14.22,14.07,99.0,1010.43,1017.91,0.0,0.0,0.0,255.0,WSW,0.0,0.0,0.0,69.34,5999.99,154.02,1.0
2026-09-15T17:15:00Z,2026-09-15T10:15:00-07:00,Brambley,14.22,14.22,14.07,99.0,1010.63,1018.12,0.0,0.0,0.0,253.0,WSW,0.0,0.0,0.0,69.34,5999.99,147.62,1.0
2026-09-15T17:20:00Z,2026-09-15T10:20:00-07:00,Brambley,15.0,15.0,14.84,99.0,1010.63,1018.12,0.0,0.0,0.0,254.0,WSW,0.0,0.0,0.0,69.34,5999.99,163.43,1.0
2026-09-15T17:25:00Z,2026-09-15T10:25:00-07:00,Brambley,14.78,14.78,14.62,99.0,1010.74,1018.22,0.0,0.0,0.0,254.0,WSW,0.0,0.0,0.0,69.34,5999.99,153.29,1.0
2026-09-15T17:30:00Z,2026-09-15T10:30:00-07:00,Brambley,14.72,14.72,14.57,99.0,1010.74,1018.22,0.0,0.0,0.0,255.0,WSW,0.0,0.0,0.0,69.34,5999.99,156.13,1.0
2026-09-15T17:35:00Z,2026-09-15T10:35:00-07:00,Brambley,14.72,14.72,14.41,98.0,1010.43,1017.91,0.0,0.0,0.0,255.0,WSW,0.0,0.0,0.0,69.34,5999.99,149.64,1.0
2026-09-15T17:40:00Z,2026-09-15T10:40:00-07:00,Brambley,14.28,14.28,13.97,98.0,1010.63,1018.12,0.0,0.0,1.91,251.0,WSW,0.0,0.0,0.0,69.34,5999.99,152.64,1.0
2026-09-15T17:45:00Z,2026-09-15T10:45:00-07:00,Brambley,14.11,14.11,13.48,96.0,1010.84,1018.32,1.91,1.91,2.95,226.0,SW,0.0,0.0,0.0,69.34,5999.99,156.41,1.0
2026-09-15T17:50:00Z,2026-09-15T10:50:00-07:00,Brambley,14.28,14.28,13.49,95.0,1010.63,1018.12,0.0,0.0,2.95,240.0,WSW,0.0,0.0,0.0,69.34,5999.99,151.73,1.0
2026-09-15T17:51:00Z,2026-09-15T10:51:00-07:00,Brambley,14.39,14.39,13.6,95.0,1010.53,1018.02,0.0,0.0,2.95,238.0,WSW,0.0,0.0,0.0,69.34,5999.99,152.78,1.0
2026-09-15T17:55:00Z,2026-09-15T10:55:00-07:00,Brambley,14.61,14.61,13.66,94.0,1010.53,1018.02,0.0,0.0,2.95,244.0,WSW,0.0,0.0,0.0,69.34,5999.99,150.45,1.0
2026-09-15T18:00:00Z,2026-09-15T11:00:00-07:00,Brambley,14.78,14.78,13.66,93.0,1010.74,1018.22,0.0,0.0,2.95,251.0,WSW,0.0,0.0,0.0,69.34,5999.99,157.77,1.0
2026-09-15T18:05:00Z,2026-09-15T11:05:00-07:00,Brambley,14.78,14.78,13.32,91.0,1010.53,1018.02,0.0,0.0,2.95,248.0,WSW,0.0,0.0,0.0,69.34,5999.99,163.96,1.0
2026-09-15T18:10:00Z,2026-09-15T11:10:00-07:00,Brambley,15.11,15.11,13.48,90.0,1010.63,1018.12,0.0,0.0,2.95,252.0,WSW,0.0,0.0,0.0,69.34,5999.99,197.23,1.0
2026-09-15T18:15:00Z,2026-09-15T11:15:00-07:00,Brambley,15.72,15.72,13.91,89.0,1010.63,1018.12,0.0,0.0,2.95,252.0,WSW,0.0,0.0,0.0,69.34,5999.99,218.54,2.0
2026-09-15T18:20:00Z,2026-09-15T11:20:00-07:00,Brambley,16.0,16.0,13.83,87.0,1010.53,1018.02,0.0,0.0,2.95,254.0,WSW,0.0,0.0,0.0,69.34,5999.99,214.33,2.0
2026-09-15T18:25:00Z,2026-09-15T11:25:00-07:00,Brambley,16.39,16.39,13.68,84.0,1010.53,1018.02,0.17,0.96,2.95,257.0,WSW,0.0,0.0,0.0,69.34,5999.99,234.25,2.0
2026-09-15T18:30:00Z,2026-09-15T11:30:00-07:00,Brambley,16.5,16.5,13.03,80.0,1010.53,1018.02,0.0,0.0,2.95,249.0,WSW,0.0,0.0,0.0,69.34,5999.99,290.79,2.0
2026-09-15T18:35:00Z,2026-09-15T11:35:00-07:00,Brambley,17.11,17.11,13.04,77.0,1010.74,1018.22,0.0,0.0,2.95,251.0,WSW,0.0,0.0,0.0,69.34,5999.99,248.97,2.0
2026-09-15T18:40:00Z,2026-09-15T11:40:00-07:00,Brambley,17.11,17.11,12.64,75.0,1010.53,1018.02,0.17,0.96,2.95,245.0,WSW,0.0,0.0,0.0,69.34,5999.99,205.13,1.0
2026-09-15T18:45:00Z,2026-09-15T11:45:00-07:00,Brambley,17.11,17.11,12.43,74.0,1010.63,1018.12,2.69,2.95,3.91,242.0,WSW,0.0,0.0,0.0,69.34,5999.99,245.71,2.0
2026-09-15T18:50:00Z,2026-09-15T11:50:00-07:00,Brambley,16.78,16.78,12.12,74.0,1010.53,1018.02,2.52,2.95,6.0,230.0,SW,0.0,0.0,0.0,69.34,5999.99,196.1,1.0
2026-09-15T18:55:00Z,2026-09-15T11:55:00-07:00,Brambley,16.89,16.89,12.22,74.0,1010.43,1017.91,1.91,1.91,6.0,230.0,SW,0.0,0.0,0.0,69.34,5999.99,119.82,1.0
2026-09-15T19:00:00Z,2026-09-15T12:00:00-07:00,Brambley,16.5,16.5,12.05,75.0,1010.33,1017.81,2.17,2.95,6.0,229.0,SW,0.0,0.0,0.0,69.34,5999.99,85.1,0.0
2026-09-15T19:05:00Z,2026-09-15T12:05:00-07:00,Brambley,16.39,16.39,12.34,77.0,1010.74,1018.22,0.0,0.0,6.0,250.0,WSW,0.0,0.0,0.0,69.34,5999.99,81.42,0.0
2026-09-15T19:10:00Z,2026-09-15T12:10:00-07:00,Brambley,16.39,16.39,12.34,77.0,1010.63,1018.12,0.96,0.96,6.0,230.0,SW,0.0,0.0,0.0,69.34,5999.99,86.24,0.0
2026-09-15T19:15:00Z,2026-09-15T12:15:00-07:00,Brambley,16.39,16.39,12.73,79.0,1010.63,1018.12,1.39,1.91,6.0,245.0,WSW,0.0,0.0,0.0,69.34,5999.99,94.25,0.0
2026-09-15T19:20:00Z,2026-09-15T12:20:00-07:00,Brambley,16.22,16.22,12.57,79.0,1010.63,1018.12,1.56,1.91,6.0,239.0,WSW,0.0,0.0,0.0,69.34,5999.99,140.22,1.0
2026-09-15T19:25:00Z,2026-09-15T12:25:00-07:00,Brambley,16.28,16.28,12.63,79.0,1010.84,1018.32,0.0,0.0,6.0,244.0,WSW,0.0,0.0,0.0,69.34,5999.99,179.18,1.0
2026-09-15T19:30:00Z,2026-09-15T12:30:00-07:00,Brambley,16.61,16.61,12.95,79.0,1010.53,1018.02,0.78,0.96,6.0,236.0,SW,0.0,0.0,0.0,69.34,5999.99,609.8,5.0
2026-09-15T19:35:00Z,2026-09-15T12:35:00-07:00,Brambley,17.0,17.0,13.13,78.0,1010.63,1018.12,2.17,2.95,6.0,235.0,SW,0.0,0.0,0.0,69.34,5999.99,665.47,6.0
2026-09-15T19:40:00Z,2026-09-15T12:40:00-07:00,Brambley,17.22,17.22,12.95,76.0,1010.53,1018.02,2.17,2.95,6.0,235.0,SW,0.0,0.0,0.0,69.34,5999.99,166.59,1.0
2026-09-15T19:45:00Z,2026-09-15T12:45:00-07:00,Brambley,16.89,16.89,13.03,78.0,1010.63,1018.12,3.13,3.91,6.0,227.0,SW,0.0,0.0,0.0,69.34,5999.99,112.4,1.0
2026-09-15T19:50:00Z,2026-09-15T12:50:00-07:00,Brambley,16.5,16.5,12.65,78.0,1010.84,1018.32,3.48,5.04,6.0,238.0,WSW,0.0,0.0,0.0,69.34,5999.99,114.77,1.0
2026-09-15T19:55:00Z,2026-09-15T12:55:00-07:00,Brambley,16.22,16.22,12.77,80.0,1010.43,1017.91,2.35,2.95,7.04,237.0,WSW,0.0,0.0,0.0,69.34,5999.99,106.16,1.0
2026-09-15T20:00:00Z,2026-09-15T13:00:00-07:00,Brambley,16.39,16.39,13.12,81.0,1010.53,1018.02,1.56,1.91,7.04,243.0,WSW,0.0,0.0,0.0,69.34,5999.99,99.15,0.0
2026-09-15T20:05:00Z,2026-09-15T13:05:00-07:00,Brambley,16.28,16.28,13.2,82.0,1010.53,1018.02,2.35,2.95,7.04,236.0,SW,0.0,0.0,0.0,69.34,5999.99,127.73,1.0
2026-09-15T20:10:00Z,2026-09-15T13:10:00-07:00,Brambley,16.28,16.28,13.2,82.0,1010.33,1017.81,2.52,2.95,7.04,221.0,SW,0.0,0.0,0.0,69.34,5999.99,730.85,7.0
2026-09-15T20:15:00Z,2026-09-15T13:15:00-07:00,Brambley,16.78,16.78,13.49,81.0,1010.33,1017.81,4.69,6.0,7.04,241.0,WSW,0.0,0.0,0.0,69.34,5999.99,247.0,2.0
2026-09-15T20:20:00Z,2026-09-15T13:20:00-07:00,Brambley,17.22,17.22,13.74,80.0,1010.43,1017.91,2.95,3.91,7.04,250.0,WSW,0.0,0.0,0.0,69.34,5999.99,354.1,3.0
2026-09-15T20:25:00Z,2026-09-15T13:25:00-07:00,Brambley,16.72,16.72,13.25,80.0,1010.33,1017.81,2.95,3.91,7.99,239.0,WSW,0.0,0.0,0.0,69.34,5999.99,567.1,5.0
2026-09-15T20:28:00Z,2026-09-15T13:28:00-07:00,Brambley,17.11,17.11,13.44,79.0,1010.13,1017.61,4.69,6.0,7.99,241.0,WSW,0.0,0.0,0.0,69.34,5999.99,525.86,5.0
2026-09-15T20:30:00Z,2026-09-15T13:30:00-07:00,Brambley,17.0,17.0,13.33,79.0,1010.23,1017.71,3.74,3.91,7.99,249.0,WSW,0.0,0.0,0.0,69.34,5999.99,528.75,5.0
2026-09-15T20:35:00Z,2026-09-15T13:35:00-07:00,Brambley,17.22,17.22,13.54,79.0,1010.23,1017.71,4.26,5.04,7.99,237.0,WSW,0.0,0.0,0.0,69.34,5999.99,497.76,4.0
2026-09-15T20:40:00Z,2026-09-15T13:40:00-07:00,Brambley,17.11,17.11,13.44,79.0,1010.23,1017.71,4.08,5.04,7.99,240.0,WSW,0.0,0.0,0.0,69.34,5999.99,236.42,2.0
2026-09-15T20:45:00Z,2026-09-15T13:45:00-07:00,Brambley,16.89,16.89,13.41,80.0,1010.23,1017.71,1.39,1.91,7.99,235.0,SW,0.0,0.0,0.0,69.34,5999.99,558.27,5.0
2026-09-15T20:50:00Z,2026-09-15T13:50:00-07:00,Brambley,17.28,17.28,13.4,78.0,1010.23,1017.71,4.26,5.04,7.99,238.0,WSW,0.0,0.0,0.0,69.34,5999.99,563.26,5.0
2026-09-15T20:55:00Z,2026-09-15T13:55:00-07:00,Brambley,17.22,17.22,13.35,78.0,1010.02,1017.54,3.3,3.91,7.99,240.0,WSW,0.0,0.0,0.0,69.34,5999.99,352.68,3.0
2026-09-15T21:00:00Z,2026-09-15T14:00:00-07:00,Brambley,17.22,17.22,13.35,78.0,1010.13,1017.61,3.48,3.91,7.99,247.0,WSW,0.0,0.0,0.0,69.34,5999.99,269.16,2.0
2026-09-15T21:05:00Z,2026-09-15T14:05:00-07:00,Brambley,17.22,17.22,13.15,77.0,1010.43,1017.91,3.3,3.91,7.99,213.0,SSW,0.0,0.0,0.0,69.34,5999.99,315.75,3.0
2026-09-15T21:10:00Z,2026-09-15T14:10:00-07:00,Brambley,17.61,17.61,13.33,76.0,1010.23,1017.71,4.69,6.0,7.99,225.0,SW,0.0,0.0,0.0,69.34,5999.99,404.53,3.0
2026-09-15T21:15:00Z,2026-09-15T14:15:00-07:00,Brambley,17.61,17.61,13.53,77.0,1010.23,1017.71,5.47,7.04,7.99,243.0,WSW,0.0,0.0,0.0,69.34,5999.99,432.48,4.0
2026-09-15T21:20:00Z,2026-09-15T14:20:00-07:00,Brambley,17.39,17.39,13.31,77.0,1010.23,1017.71,5.04,7.04,7.99,237.0,WSW,0.0,0.0,0.0,69.34,5999.99,192.5,1.0
2026-09-15T21:25:00Z,2026-09-15T14:25:00-07:00,Brambley,17.28,17.28,13.21,77.0,1010.23,1017.71,4.69,6.0,7.99,242.0,WSW,0.0,0.0,0.0,69.34,5999.99,234.51,2.0
2026-09-15T21:30:00Z,2026-09-15T14:30:00-07:00,Brambley,17.28,17.28,13.4,78.0,1010.13,1017.61,8.52,9.91,9.91,233.0,SW,0.0,0.0,0.0,69.34,5999.99,559.08,5.0
2026-09-15T21:35:00Z,2026-09-15T14:35:00-07:00,Brambley,17.28,17.28,13.4,78.0,1009.92,1017.44,6.0,7.04,10.86,192.0,SSW,0.0,0.0,0.0,69.34,5999.99,545.0,5.0
2026-09-15T21:40:00Z,2026-09-15T14:40:00-07:00,Brambley,17.5,17.5,13.22,76.0,1010.13,1017.61,4.87,6.0,10.86,256.0,WSW,0.0,0.0,0.0,69.34,5999.99,486.86,4.0
2026-09-15T21:45:00Z,2026-09-15T14:45:00-07:00,Brambley,17.61,17.61,13.33,76.0,1010.13,1017.61,7.39,8.95,10.86,237.0,WSW,0.0,0.0,0.0,69.34,5999.99,481.38,4.0
2026-09-15T21:50:00Z,2026-09-15T14:50:00-07:00,Brambley,17.28,17.28,13.21,77.0,1010.23,1017.71,5.65,7.04,10.86,229.0,SW,0.0,0.0,0.0,69.34,5999.99,457.56,4.0
2026-09-15T21:55:00Z,2026-09-15T14:55:00-07:00,Brambley,17.39,17.39,13.11,76.0,1010.33,1017.81,5.21,6.0,10.86,244.0,WSW,0.0,0.0,0.0,69.34,5999.99,451.46,4.0
2026-09-15T22:00:00Z,2026-09-15T15:00:00-07:00,Brambley,17.72,17.72,13.83,78.0,1010.23,1017.71,6.0,7.99,10.86,212.0,SSW,0.0,0.0,0.0,69.34,5999.99,467.28,4.0
2026-09-15T22:05:00Z,2026-09-15T15:05:00-07:00,Brambley,17.5,17.5,13.62,78.0,1010.23,1017.71,5.65,7.04,10.86,229.0,SW,0.0,0.0,0.0,69.34,5999.99,463.77,4.0
2026-09-15T22:10:00Z,2026-09-15T15:10:00-07:00,Brambley,17.5,17.5,13.42,77.0,1010.13,1017.61,8.78,9.91,10.86,231.0,SW,0.0,0.0,0.0,69.34,5999.99,458.93,4.0
2026-09-15T22:15:00Z,2026-09-15T15:15:00-07:00,Brambley,17.5,17.5,13.62,78.0,1010.23,1017.71,6.6,7.99,10.86,234.0,SW,0.0,0.0,0.0,69.34,5999.99,445.02,4.0
2026-09-15T22:20:00Z,2026-09-15T15:20:00-07:00,Brambley,17.5,17.5,13.42,77.0,1010.13,1017.61,7.99,10.86,10.86,232.0,SW,0.0,0.0,0.0,69.34,5999.99,386.4,3.0
2026-09-15T22:25:00Z,2026-09-15T15:25:00-07:00,Brambley,17.5,17.5,13.42,77.0,1010.33,1017.81,7.04,7.99,10.86,242.0,WSW,0.0,0.0,0.0,69.34,5999.99,405.6,3.0
2026-09-15T22:30:00Z,2026-09-15T15:30:00-07:00,Brambley,17.61,17.61,13.73,78.0,1010.13,1017.61,6.6,7.99,10.86,224.0,SW,0.0,0.0,0.0,69.34,5999.99,415.59,4.0
2026-09-15T22:35:00Z,2026-09-15T15:35:00-07:00,Brambley,17.72,17.72,13.83,78.0,1010.33,1017.81,7.73,8.95,10.86,236.0,SW,0.0,0.0,0.0,69.34,5999.99,424.02,4.0
2026-09-15T22:40:00Z,2026-09-15T15:40:00-07:00,Brambley,17.89,17.89,14.19,79.0,1010.02,1017.54,3.91,5.04,10.86,246.0,WSW,0.0,0.0,0.0,69.34,5999.99,338.29,3.0
2026-09-15T22:45:00Z,2026-09-15T15:45:00-07:00,Brambley,18.5,18.5,14.39,77.0,1010.13,1017.61,4.43,7.04,11.82,230.0,SW,0.0,0.0,0.0,69.34,5999.99,415.94,4.0
2026-09-15T22:50:00Z,2026-09-15T15:50:00-07:00,Brambley,18.22,18.22,14.32,78.0,1010.13,1017.61,6.26,7.04,11.82,228.0,SW,0.0,0.0,0.0,69.34,5999.99,460.17,4.0
2026-09-15T22:55:00Z,2026-09-15T15:55:00-07:00,Brambley,18.11,18.11,14.21,78.0,1010.02,1017.54,5.21,7.04,11.82,237.0,WSW,0.0,0.0,0.0,69.34,5999.99,502.89,4.0
2026-09-15T23:00:00Z,2026-09-15T16:00:00-07:00,Brambley,18.5,18.5,14.18,76.0,1010.13,1017.61,5.65,7.99,11.82,230.0,SW,0.0,0.0,0.0,69.34,5999.99,197.55,1.0
2026-09-15T23:01:00Z,2026-09-15T16:01:00-07:00,Brambley,18.39,18.39,14.28,77.0,1009.92,1017.44,3.13,5.04,11.82,243.0,WSW,0.0,0.0,0.0,69.34,5999.99,198.49,1.0
2026-09-15T23:05:00Z,2026-09-15T16:05:00-07:00,Brambley,18.39,18.39,14.48,78.0,1010.23,1017.71,2.95,3.91,11.82,247.0,WSW,0.0,0.0,0.0,69.34,5999.99,154.76,1.0
2026-09-15T23:10:00Z,2026-09-15T16:10:00-07:00,Brambley,18.0,18.0,14.11,78.0,1010.13,1017.61,3.48,5.04,11.82,250.0,WSW,0.0,0.0,0.0,69.34,5999.99,119.63,1.0
2026-09-15T23:15:00Z,2026-09-15T16:15:00-07:00,Brambley,17.78,17.78,14.08,79.0,1010.43,1017.91,2.69,2.95,11.82,235.0,SW,0.0,0.0,0.0,69.34,5999.99,113.05,1.0
2026-09-15T23:20:00Z,2026-09-15T16:20:00-07:00,Brambley,17.5,17.5,13.82,79.0,1010.33,1017.81,2.35,3.91,11.82,215.0,SW,0.0,0.0,0.0,69.34,5999.99,131.21,1.0
2026-09-15T23:25:00Z,2026-09-15T16:25:00-07:00,Brambley,17.61,17.61,13.92,79.0,1010.33,1017.81,2.69,3.91,11.82,238.0,WSW,0.0,0.0,0.0,69.34,5999.99,120.23,1.0
2026-09-15T23:30:00Z,2026-09-15T16:30:00-07:00,Brambley,17.78,17.78,14.28,80.0,1010.33,1017.81,0.0,0.0,11.82,254.0,WSW,0.0,0.0,0.0,69.34,5999.99,105.6,1.0
2026-09-15T23:35:00Z,2026-09-15T16:35:00-07:00,Brambley,17.5,17.5,14.01,80.0,1010.23,1017.71,4.26,6.0,11.82,238.0,WSW,0.0,0.0,0.0,69.34,5999.99,101.37,0.0
2026-09-15T23:40:00Z,2026-09-15T16:40:00-07:00,Brambley,17.5,17.5,14.01,80.0,1010.23,1017.71,0.78,1.91,11.82,255.0,WSW,0.0,0.0,0.0,69.34,5999.99,100.02,0.0
2026-09-15T23:45:00Z,2026-09-15T16:45:00-07:00,Brambley,17.61,17.61,14.31,81.0,1010.13,1017.61,0.78,0.96,11.82,250.0,WSW,0.0,0.0,0.0,69.34,5999.99,85.32,0.0
2026-09-15T23:50:00Z,2026-09-15T16:50:00-07:00,Brambley,17.5,17.5,14.01,80.0,1010.13,1017.61,4.69,7.04,11.82,225.0,SW,0.0,0.0,0.0,69.34,5999.99,82.66,0.0
2026-09-15T23:55:00Z,2026-09-15T16:55:00-07:00,Brambley,17.39,17.39,13.9,80.0,1010.33,1017.81,2.95,3.91,11.82,239.0,WSW,0.0,0.0,0.0,69.34,5999.99,86.97,0.0
2026-09-16T00:00:00Z,2026-09-15T17:00:00-07:00,Brambley,17.22,17.22,13.74,80.0,1010.43,1017.91,0.78,1.91,11.82,229.0,SW,0.0,0.0,0.0,69.34,5999.99,87.04,0.0
2026-09-16T00:05:00Z,2026-09-15T17:05:00-07:00,Brambley,17.28,17.28,13.79,80.0,1010.33,1017.81,1.13,1.91,11.82,256.0,WSW,0.0,0.0,0.0,69.34,5999.99,83.99,0.0
2026-09-16T00:10:00Z,2026-09-15T17:10:00-07:00,Brambley,17.39,17.39,13.9,80.0,1010.43,1017.91,0.0,0.0,11.82,249.0,WSW,0.0,0.0,0.0,69.34,5999.99,92.1,0.0
2026-09-16T00:15:00Z,2026-09-15T17:15:00-07:00,Brambley,17.5,17.5,13.82,79.0,1010.53,1018.02,0.0,0.0,11.82,248.0,WSW,0.0,0.0,0.0,69.34,5999.99,93.24,0.0
2026-09-16T00:20:00Z,2026-09-15T17:20:00-07:00,Brambley,17.89,17.89,14.19,79.0,1010.23,1017.71,0.0,0.0,11.82,258.0,WSW,0.0,0.0,0.0,69.34,5999.99,75.49,0.0
2026-09-16T00:25:00Z,2026-09-15T17:25:00-07:00,Brambley,17.89,17.89,14.19,79.0,1010.23,1017.71,0.0,0.0,11.82,244.0,WSW,0.0,0.0,0.0,69.34,5999.99,66.36,0.0
2026-09-16T00:30:00Z,2026-09-15T17:30:00-07:00,Brambley,17.72,17.72,14.22,80.0,1010.33,1017.81,0.78,0.96,11.82,252.0,WSW,0.0,0.0,0.0,69.34,5999.99,70.56,0.0
2026-09-16T00:35:00Z,2026-09-15T17:35:00-07:00,Brambley,17.5,17.5,14.2,81.0,1010.23,1017.71,0.0,0.0,11.82,252.0,WSW,0.0,0.0,0.0,69.34,5999.99,71.43,0.0
2026-09-16T00:40:00Z,2026-09-15T17:40:00-07:00,Brambley,17.28,17.28,13.98,81.0,1010.33,1017.81,0.35,1.91,11.82,247.0,WSW,0.0,0.0,0.0,69.34,5999.99,73.94,0.0
2026-09-16T00:45:00Z,2026-09-15T17:45:00-07:00,Brambley,17.61,17.61,14.31,81.0,1010.43,1017.91,0.0,0.0,11.82,248.0,WSW,0.0,0.0,0.0,69.34,5999.99,129.68,1.0
2026-09-16T00:50:00Z,2026-09-15T17:50:00-07:00,Brambley,18.11,18.11,14.41,79.0,1010.23,1017.71,2.17,2.95,11.82,224.0,SW,0.0,0.0,0.0,69.34,5999.99,114.28,1.0
2026-09-16T00:55:00Z,2026-09-15T17:55:00-07:00,Brambley,18.11,18.11,14.41,79.0,1010.43,1017.91,3.3,3.91,11.82,232.0,SW,0.0,0.0,0.0,69.34,5999.99,106.06,1.0
2026-09-16T01:00:00Z,2026-09-15T18:00:00-07:00,Brambley,18.28,18.28,14.37,78.0,1010.43,1017.91,2.17,2.95,11.82,226.0,SW,0.0,0.0,0.0,69.34,5999.99,92.22,0.0
2026-09-16T01:05:00Z,2026-09-15T18:05:00-07:00,Brambley,18.39,18.39,14.68,79.0,1010.33,1017.81,2.95,3.91,11.82,232.0,SW,0.0,0.0,0.0,69.34,5999.99,73.35,0.0
2026-09-16T01:10:00Z,2026-09-15T18:10:00-07:00,Brambley,18.5,18.5,14.59,78.0,1010.43,1017.91,2.95,3.91,11.82,226.0,SW,0.0,0.0,0.0,69.34,5999.99,56.9,0.0
2026-09-16T01:15:00Z,2026-09-15T18:15:00-07:00,Brambley,18.22,18.22,14.52,79.0,1010.33,1017.81,0.0,0.0,11.82,263.0,W,0.0,0.0,0.0,69.34,5999.99,39.04,0.0
2026-09-16T01:20:00Z,2026-09-15T18:20:00-07:00,Brambley,18.89,18.89,14.97,78.0,1010.33,1017.81,0.0,0.0,11.82,257.0,WSW,0.0,0.0,0.0,69.34,5999.99,30.75,0.0
2026-09-16T01:25:00Z,2026-09-15T18:25:00-07:00,Brambley,19.22,19.22,15.09,77.0,1010.33,1017.81,0.0,0.0,11.82,251.0,WSW,0.0,0.0,0.0,69.34,5999.99,27.24,0.0
2026-09-16T01:30:00Z,2026-09-15T18:30:00-07:00,Brambley,19.11,19.11,14.98,77.0,1010.43,1017.91,0.0,0.0,11.82,257.0,WSW,0.0,0.0,0.0,69.34,5999.99,24.86,0.0
2026-09-16T01:35:00Z,2026-09-15T18:35:00-07:00,Brambley,19.22,19.22,14.88,76.0,1010.43,1017.91,0.0,0.0,11.82,255.0,WSW,0.0,0.0,0.0,69.34,5999.99,23.09,0.0
2026-09-16T01:40:00Z,2026-09-15T18:40:00-07:00,Brambley,19.11,19.11,14.78,76.0,1010.63,1018.12,0.0,0.0,11.82,254.0,WSW,0.0,0.0,0.0,69.34,5999.99,20.97,0.0
2026-09-16T01:45:00Z,2026-09-15T18:45:00-07:00,Brambley,18.78,18.78,14.66,77.0,1010.53,1018.02,0.0,0.0,11.82,232.0,SW,0.0,0.0,0.0,69.34,5999.99,18.65,0.0
2026-09-16T01:50:00Z,2026-09-15T18:50:00-07:00,Brambley,18.39,18.39,14.48,78.0,1010.53,1018.02,0.0,0.0,11.82,254.0,WSW,0.0,0.0,0.0,69.34,5999.99,16.57,0.0
2026-09-16T01:55:00Z,2026-09-15T18:55:00-07:00,Brambley,18.39,18.39,14.48,78.0,1010.53,1018.02,0.0,0.0,11.82,257.0,WSW,0.0,0.0,0.0,69.34,5999.99,14.28,0.0
2026-09-16T02:00:00Z,2026-09-15T19:00:00-07:00,Brambley,18.22,18.22,14.32,78.0,1010.63,1018.12,0.0,0.0,11.82,257.0,WSW,0.0,0.0,0.0,69.34,5999.99,12.41,0.0
2026-09-16T02:05:00Z,2026-09-15T19:05:00-07:00,Brambley,17.72,17.72,14.03,79.0,1010.63,1018.12,0.0,0.0,11.82,252.0,WSW,0.0,0.0,0.0,69.34,5999.99,10.13,0.0
2026-09-16T02:10:00Z,2026-09-15T19:10:00-07:00,Brambley,17.28,17.28,13.6,79.0,1010.74,1018.22,0.0,0.0,11.82,255.0,WSW,0.0,0.0,0.0,69.34,5999.99,8.07,0.0
2026-09-16T02:15:00Z,2026-09-15T19:15:00-07:00,Brambley,17.28,17.28,13.79,80.0,1010.63,1018.12,0.0,0.0,11.82,254.0,WSW,0.0,0.0,0.0,69.34,5999.99,6.65,0.0
2026-09-16T02:20:00Z,2026-09-15T19:20:00-07:00,Brambley,17.0,17.0,13.71,81.0,1010.84,1018.32,0.0,0.0,11.82,254.0,WSW,0.0,0.0,0.0,69.34,5999.99,4.87,0.0
2026-09-16T02:25:00Z,2026-09-15T19:25:00-07:00,Brambley,16.5,16.5,13.42,82.0,1010.84,1018.32,0.0,0.0,11.82,254.0,WSW,0.0,0.0,0.0,69.34,5999.99,3.22,0.0
2026-09-16T02:30:00Z,2026-09-15T19:30:00-07:00,Brambley,16.28,16.28,13.2,82.0,1010.94,1018.42,0.0,0.0,11.82,254.0,WSW,0.0,0.0,0.0,69.34,5999.99,1.78,0.0
2026-09-16T02:35:00Z,2026-09-15T19:35:00-07:00,Brambley,16.28,16.28,13.2,82.0,1011.14,1018.63,0.0,0.0,11.82,254.0,WSW,0.0,0.0,0.0,69.34,5999.99,0.68,0.0
2026-09-16T02:40:00Z,2026-09-15T19:40:00-07:00,Brambley,16.22,16.22,13.33,83.0,1010.84,1018.32,0.0,0.0,11.82,254.0,WSW,0.0,0.0,0.0,69.34,5999.99,0.31,0.0
2026-09-16T02:45:00Z,2026-09-15T19:45:00-07:00,Brambley,16.22,16.22,13.51,84.0,1011.14,1018.63,0.0,0.0,11.82,255.0,WSW,0.0,0.0,0.0,69.34,5999.99,0.12,0.0
2026-09-16T02:50:00Z,2026-09-15T19:50:00-07:00,Brambley,16.22,16.22,13.69,85.0,1011.04,1018.52,0.0,0.0,11.82,255.0,WSW,0.0,0.0,0.0,69.34,5999.99,0.05,0.0
2026-09-16T02:55:00Z,2026-09-15T19:55:00-07:00,Brambley,16.11,16.11,13.58,85.0,1011.04,1018.52,0.0,0.0,11.82,255.0,WSW,0.0,0.0,0.0,69.34,5999.99,0.02,0.0
2026-09-16T03:00:00Z,2026-09-15T20:00:00-07:00,Brambley,16.0,16.0,13.66,86.0,1011.24,1018.73,0.0,0.0,11.82,256.0,WSW,0.0,0.0,0.0,69.34,5999.99,0.01,0.0
2026-09-16T03:05:00Z,2026-09-15T20:05:00-07:00,Brambley,15.89,15.89,13.55,86.0,1011.31,1018.83,0.0,0.0,11.82,256.0,WSW,0.0,0.0,0.0,69.34,5999.99,0.0,0.0
2026-09-16T03:10:00Z,2026-09-15T20:10:00-07:00,Brambley,15.89,15.89,13.73,87.0,1011.51,1019.03,0.0,0.0,11.82,256.0,WSW,0.0,0.0,0.0,69.34,5999.99,0.0,0.0
2026-09-16T03:15:00Z,2026-09-15T20:15:00-07:00,Brambley,15.78,15.78,13.62,87.0,1011.72,1019.24,0.0,0.0,11.82,256.0,WSW,0.0,0.0,0.0,69.34,5999.99,0.0,0.0
2026-09-16T03:20:00Z,2026-09-15T20:20:00-07:00,Brambley,15.78,15.78,13.79,88.0,1011.51,1019.03,0.0,0.0,11.82,256.0,WSW,0.0,0.0,0.0,69.34,5999.99,0.0,0.0
2026-09-16T03:25:00Z,2026-09-15T20:25:00-07:00,Brambley,15.78,15.78,13.79,88.0,1011.51,1019.03,0.0,0.0,11.82,256.0,WSW,0.0,0.0,0.0,69.34,5999.99,0.0,0.0
2026-09-16T03:30:00Z,2026-09-15T20:30:00-07:00,Brambley,15.72,15.72,13.74,88.0,1011.62,1019.13,0.0,0.0,11.82,256.0,WSW,0.0,0.0,0.0,69.34,5999.99,0.0,0.0
2026-09-16T03:35:00Z,2026-09-15T20:35:00-07:00,Brambley,15.61,15.61,13.63,88.0,1011.62,1019.13,0.0,0.0,11.82,256.0,WSW,0.0,0.0,0.0,69.34,5999.99,0.0,0.0
2026-09-16T03:40:00Z,2026-09-15T20:40:00-07:00,Brambley,15.72,15.72,13.91,89.0,1011.72,1019.24,0.0,0.0,11.82,256.0,WSW,0.0,0.0,0.0,69.34,5999.99,0.0,0.0
2026-09-16T03:45:00Z,2026-09-15T20:45:00-07:00,Brambley,15.5,15.5,13.69,89.0,1011.82,1019.34,0.0,0.0,11.82,255.0,WSW,0.0,0.0,0.0,69.34,5999.99,0.0,0.0
2026-09-16T03:50:00Z,2026-09-15T20:50:00-07:00,Brambley,15.39,15.39,13.76,90.0,1011.92,1019.44,0.0,0.0,11.82,255.0,WSW,0.0,0.0,0.0,69.34,5999.99,0.0,0.0
2026-09-16T03:55:00Z,2026-09-15T20:55:00-07:00,Brambley,15.39,15.39,13.76,90.0,1011.62,1019.13,0.0,0.0,11.82,255.0,WSW,0.0,0.0,0.0,69.34,5999.99,0.0,0.0
2026-09-16T04:00:00Z,2026-09-15T21:00:00-07:00,Brambley,15.28,15.28,13.64,90.0,1011.82,1019.34,0.0,0.0,11.82,255.0,WSW,0.0,0.0,0.0,69.34,5999.99,0.0,0.0
2026-09-16T04:05:00Z,2026-09-15T21:05:00-07:00,Brambley,15.28,15.28,13.64,90.0,1011.72,1019.24,0.0,0.0,11.82,255.0,WSW,0.0,0.0,0.0,69.34,5999.99,0.0,0.0
2026-09-16T04:10:00Z,2026-09-15T21:10:00-07:00,Brambley,15.11,15.11,13.65,91.0,1011.92,1019.44,0.0,0.0,11.82,256.0,WSW,0.0,0.0,0.0,69.34,5999.99,0.0,0.0
2026-09-16T04:15:00Z,2026-09-15T21:15:00-07:00,Brambley,15.11,15.11,13.65,91.0,1011.82,1019.34,0.0,0.0,11.82,256.0,WSW,0.0,0.0,0.0,69.34,5999.99,0.0,0.0
2026-09-16T04:20:00Z,2026-09-15T21:20:00-07:00,Brambley,14.89,14.89,13.43,91.0,1011.72,1019.24,0.0,0.0,11.82,256.0,WSW,0.0,0.0,0.0,69.34,5999.99,0.0,0.0
2026-09-16T04:25:00Z,2026-09-15T21:25:00-07:00,Brambley,14.72,14.72,13.43,92.0,1012.02,1019.54,0.0,0.0,11.82,256.0,WSW,0.0,0.0,0.0,69.34,5999.99,0.0,0.0
2026-09-16T04:30:00Z,2026-09-15T21:30:00-07:00,Brambley,14.5,14.5,13.22,92.0,1011.72,1019.24,0.0,0.0,11.82,256.0,WSW,0.0,0.0,0.0,69.34,5999.99,0.0,0.0
2026-09-16T04:35:00Z,2026-09-15T21:35:00-07:00,Brambley,14.5,14.5,13.22,92.0,1012.23,1019.74,0.0,0.0,11.82,256.0,WSW,0.0,0.0,0.0,69.34,5999.99,0.0,0.0
2026-09-16T04:40:00Z,2026-09-15T21:40:00-07:00,Brambley,14.39,14.39,13.27,93.0,1011.92,1019.44,0.0,0.0,11.82,256.0,WSW,0.0,0.0,0.0,69.34,5999.99,0.0,0.0
2026-09-16T04:45:00Z,2026-09-15T21:45:00-07:00,Brambley,14.11,14.11,12.99,93.0,1012.02,1019.54,0.0,0.0,11.82,256.0,WSW,0.0,0.0,0.0,69.34,5999.99,0.0,0.0
2026-09-16T04:50:00Z,2026-09-15T21:50:00-07:00,Brambley,14.0,14.0,12.88,93.0,1011.82,1019.34,0.0,0.0,11.82,256.0,WSW,0.0,0.0,0.0,69.34,5999.99,0.0,0.0
2026-09-16T04:55:00Z,2026-09-15T21:55:00-07:00,Brambley,14.0,14.0,12.88,93.0,1012.12,1019.64,0.0,0.0,11.82,256.0,WSW,0.0,0.0,0.0,69.34,5999.99,0.0,0.0
2026-09-16T05:00:00Z,2026-09-15T22:00:00-07:00,Brambley,13.89,13.89,12.94,94.0,1012.02,1019.54,0.0,0.0,11.82,256.0,WSW,0.0,0.0,0.0,69.34,5999.99,0.0,0.0
2026-09-16T05:05:00Z,2026-09-15T22:05:00-07:00,Brambley,13.89,13.89,12.94,94.0,1012.02,1019.54,0.0,0.0,11.82,256.0,WSW,0.0,0.0,0.0,69.34,5999.99,0.0,0.0
2026-09-16T05:10:00Z,2026-09-15T22:10:00-07:00,Brambley,13.72,13.72,12.77,94.0,1011.92,1019.44,0.0,0.0,11.82,257.0,WSW,0.0,0.0,0.0,69.34,5999.99,0.0,0.0
2026-09-16T05:15:00Z,2026-09-15T22:15:00-07:00,Brambley,13.5,13.5,12.55,94.0,1012.02,1019.54,0.0,0.0,11.82,257.0,WSW,0.0,0.0,0.0,69.34,5999.99,0.0,0.0
2026-09-16T05:20:00Z,2026-09-15T22:20:00-07:00,Brambley,13.39,13.39,12.44,94.0,1012.02,1019.54,0.0,0.0,11.82,257.0,WSW,0.0,0.0,0.0,69.34,5999.99,0.0,0.0
2026-09-16T05:25:00Z,2026-09-15T22:25:00-07:00,Brambley,13.28,13.28,12.49,95.0,1012.02,1019.54,0.0,0.0,11.82,257.0,WSW,0.0,0.0,0.0,69.34,5999.99,0.0,0.0
2026-09-16T05:30:00Z,2026-09-15T22:30:00-07:00,Brambley,13.28,13.28,12.49,95.0,1012.12,1019.64,0.0,0.0,11.82,257.0,WSW,0.0,0.0,0.0,69.34,5999.99,0.0,0.0
2026-09-16T05:35:00Z,2026-09-15T22:35:00-07:00,Brambley,13.22,13.22,12.44,95.0,1012.33,1019.81,0.0,0.0,11.82,257.0,WSW,0.0,0.0,0.0,69.34,5999.99,0.0,0.0
2026-09-16T05:40:00Z,2026-09-15T22:40:00-07:00,Brambley,13.0,13.0,12.22,95.0,1012.02,1019.54,0.0,0.0,11.82,257.0,WSW,0.0,0.0,0.0,69.34,5999.99,0.0,0.0
2026-09-16T05:45:00Z,2026-09-15T22:45:00-07:00,Brambley,12.89,12.89,12.11,95.0,1012.12,1019.64,0.0,0.0,11.82,257.0,WSW,0.0,0.0,0.0,69.34,5999.99,0.0,0.0
2026-09-16T05:50:00Z,2026-09-15T22:50:00-07:00,Brambley,12.78,12.78,11.99,95.0,1012.02,1019.54,0.0,0.0,11.82,256.0,WSW,0.0,0.0,0.0,69.34,5999.99,0.0,0.0
2026-09-16T05:55:00Z,2026-09-15T22:55:00-07:00,Brambley,12.72,12.72,11.94,95.0,1012.33,1019.81,0.0,0.0,11.82,257.0,WSW,0.0,0.0,0.0,69.34,5999.99,0.0,0.0
2026-09-16T06:00:00Z,2026-09-15T23:00:00-07:00,Brambley,12.89,12.89,12.27,96.0,1012.33,1019.81,0.0,0.0,11.82,257.0,WSW,0.0,0.0,0.0,69.34,5999.99,0.0,0.0
2026-09-16T06:05:00Z,2026-09-15T23:05:00-07:00,Brambley,12.78,12.78,12.16,96.0,1012.33,1019.81,0.0,0.0,11.82,257.0,WSW,0.0,0.0,0.0,69.34,5999.99,0.0,0.0
2026-09-16T06:10:00Z,2026-09-15T23:10:00-07:00,Brambley,12.61,12.61,11.99,96.0,1012.23,1019.74,0.0,0.0,11.82,257.0,WSW,0.0,0.0,0.0,69.34,5999.99,0.0,0.0
2026-09-16T06:15:00Z,2026-09-15T23:15:00-07:00,Brambley,12.5,12.5,11.88,96.0,1012.33,1019.81,0.0,0.0,11.82,257.0,WSW,0.0,0.0,0.0,69.34,5999.99,0.0,0.0
2026-09-16T06:20:00Z,2026-09-15T23:20:00-07:00,Brambley,12.61,12.61,11.99,96.0,1012.12,1019.64,0.0,0.0,11.82,257.0,WSW,0.0,0.0,0.0,69.34,5999.99,0.0,0.0
2026-09-16T06:25:00Z,2026-09-15T23:25:00-07:00,Brambley,12.5,12.5,11.88,96.0,1012.12,1019.64,0.0,0.0,11.82,257.0,WSW,0.0,0.0,0.0,69.34,5999.99,0.0,0.0
2026-09-16T06:30:00Z,2026-09-15T23:30:00-07:00,Brambley,12.39,12.39,11.77,96.0,1012.12,1019.64,0.0,0.0,11.82,257.0,WSW,0.0,0.0,0.0,69.34,5999.99,0.0,0.0
2026-09-16T06:35:00Z,2026-09-15T23:35:00-07:00,Brambley,12.22,12.22,11.6,96.0,1012.23,1019.74,0.0,0.0,11.82,257.0,WSW,0.0,0.0,0.0,69.34,5999.99,0.0,0.0
2026-09-16T06:40:00Z,2026-09-15T23:40:00-07:00,Brambley,11.89,11.89,11.27,96.0,1012.33,1019.81,0.0,0.0,11.82,257.0,WSW,0.0,0.0,0.0,69.34,5999.99,0.0,0.0
2026-09-16T06:45:00Z,2026-09-15T23:45:00-07:00,Brambley,11.78,11.78,11.32,97.0,1012.23,1019.74,0.0,0.0,11.82,257.0,WSW,0.0,0.0,0.0,69.34,5999.99,0.0,0.0
2026-09-16T06:50:00Z,2026-09-15T23:50:00-07:00,Brambley,11.78,11.78,11.32,97.0,1012.23,1019.74,0.0,0.0,11.82,257.0,WSW,0.0,0.0,0.0,69.34,5999.99,0.0,0.0
2026-09-16T06:55:00Z,2026-09-15T23:55:00-07:00,Brambley,11.78,11.78,11.32,97.0,1012.12,1019.64,0.0,0.0,11.82,257.0,WSW,0.0,0.0,0.0,69.34,5999.99,0.0,0.0
2026-09-16T07:00:00Z,2026-09-16T00:00:00-07:00,Brambley,11.72,11.72,11.26,97.0,1012.23,1019.74,0.0,0.0,0.0,257.0,WSW,0.0,0.0,0.0,69.34,5999.99,0.0,0.0
2026-09-16T07:05:00Z,2026-09-16T00:05:00-07:00,Brambley,11.72,11.72,11.26,97.0,1012.53,1020.01,0.0,0.0,0.0,257.0,WSW,0.0,0.0,0.0,69.34,5999.99,0.0,0.0
2026-09-16T07:10:00Z,2026-09-16T00:10:00-07:00,Brambley,11.72,11.72,11.26,97.0,1012.33,1019.81,0.0,0.0,0.0,257.0,WSW,0.0,0.0,0.0,69.34,5999.99,0.0,0.0
2026-09-16T07:15:00Z,2026-09-16T00:15:00-07:00,Brambley,11.72,11.72,11.26,97.0,1012.53,1020.01,0.0,0.0,0.0,257.0,WSW,0.0,0.0,0.0,69.34,5999.99,0.0,0.0
2026-09-16T07:20:00Z,2026-09-16T00:20:00-07:00,Brambley,11.61,11.61,11.15,97.0,1012.43,1019.91,0.0,0.0,0.0,257.0,WSW,0.0,0.0,0.0,69.34,5999.99,0.0,0.0
2026-09-16T07:25:00Z,2026-09-16T00:25:00-07:00,Brambley,11.5,11.5,11.04,97.0,1012.53,1020.01,0.0,0.0,0.0,257.0,WSW,0.0,0.0,0.0,69.34,5999.99,0.0,0.0
2026-09-16T07:30:00Z,2026-09-16T00:30:00-07:00,Brambley,11.5,11.5,11.04,97.0,1012.53,1020.01,0.0,0.0,0.0,257.0,WSW,0.0,0.0,0.0,69.34,5999.99,0.0,0.0
2026-09-16T07:35:00Z,2026-09-16T00:35:00-07:00,Brambley,11.5,11.5,11.04,97.0,1012.73,1020.22,0.0,0.0,0.0,257.0,WSW,0.0,0.0,0.0,69.34,5999.99,0.0,0.0
2026-09-16T07:40:00Z,2026-09-16T00:40:00-07:00,Brambley,11.39,11.39,10.93,97.0,1012.43,1019.91,0.0,0.0,0.0,257.0,WSW,0.0,0.0,0.0,69.34,5999.99,0.0,0.0
2026-09-16T07:45:00Z,2026-09-16T00:45:00-07:00,Brambley,11.28,11.28,10.82,97.0,1012.43,1019.91,0.0,0.0,0.0,257.0,WSW,0.0,0.0,0.0,69.34,5999.99,0.0,0.0
2026-09-16T07:50:00Z,2026-09-16T00:50:00-07:00,Brambley,11.28,11.28,10.82,97.0,1012.43,1019.91,0.0,0.0,0.0,257.0,WSW,0.0,0.0,0.0,69.34,5999.99,0.0,0.0
2026-09-16T07:55:00Z,2026-09-16T00:55:00-07:00,Brambley,11.11,11.11,10.65,97.0,1012.53,1020.01,0.0,0.0,0.0,257.0,WSW,0.0,0.0,0.0,69.34,5999.99,0.0,0.0
2026-09-16T08:00:00Z,2026-09-16T01:00:00-07:00,Brambley,11.0,11.0,10.54,97.0,1012.63,1020.12,0.0,0.0,0.0,257.0,WSW,0.0,0.0,0.0,69.34,5999.99,0.0,0.0
2026-09-16T08:05:00Z,2026-09-16T01:05:00-07:00,Brambley,11.0,11.0,10.69,98.0,1012.63,1020.12,0.0,0.0,0.0,257.0,WSW,0.0,0.0,0.0,69.34,5999.99,0.0,0.0
2026-09-16T08:10:00Z,2026-09-16T01:10:00-07:00,Brambley,10.89,10.89,10.58,98.0,1012.53,1020.01,0.0,0.0,0.0,257.0,WSW,0.0,0.0,0.0,69.34,5999.99,0.0,0.0
2026-09-16T08:15:00Z,2026-09-16T01:15:00-07:00,Brambley,11.28,11.28,10.97,98.0,1012.53,1020.01,0.0,0.0,0.0,250.0,WSW,0.0,0.0,0.0,69.34,5999.99,0.0,0.0
2026-09-16T08:20:00Z,2026-09-16T01:20:00-07:00,Brambley,11.39,11.39,11.08,98.0,1012.63,1020.12,0.0,0.0,0.0,250.0,WSW,0.0,0.0,0.0,69.34,5999.99,0.0,0.0
2026-09-16T08:25:00Z,2026-09-16T01:25:00-07:00,Brambley,11.5,11.5,11.19,98.0,1012.53,1020.01,0.0,0.0,0.0,253.0,WSW,0.0,0.0,0.0,69.34,5999.99,0.0,0.0
2026-09-16T08:30:00Z,2026-09-16T01:30:00-07:00,Brambley,11.11,11.11,10.81,98.0,1012.53,1020.01,0.0,0.0,0.0,253.0,WSW,0.0,0.0,0.0,69.34,5999.99,0.0,0.0
2026-09-16T08:35:00Z,2026-09-16T01:35:00-07:00,Brambley,11.0,11.0,10.69,98.0,1012.53,1020.01,0.0,0.0,0.0,254.0,WSW,0.0,0.0,0.0,69.34,5999.99,0.0,0.0
2026-09-16T08:40:00Z,2026-09-16T01:40:00-07:00,Brambley,11.0,11.0,10.69,98.0,1012.53,1020.01,0.0,0.0,0.0,254.0,WSW,0.0,0.0,0.0,69.34,5999.99,0.0,0.0
2026-09-16T08:45:00Z,2026-09-16T01:45:00-07:00,Brambley,10.89,10.89,10.58,98.0,1012.43,1019.91,0.0,0.0,0.0,253.0,WSW,0.0,0.0,0.0,69.34,5999.99,0.0,0.0
2026-09-16T08:50:00Z,2026-09-16T01:50:00-07:00,Brambley,10.89,10.89,10.58,98.0,1012.53,1020.01,0.0,0.0,0.0,254.0,WSW,0.0,0.0,0.0,69.34,5999.99,0.0,0.0
2026-09-16T08:55:00Z,2026-09-16T01:55:00-07:00,Brambley,10.89,10.89,10.58,98.0,1012.63,1020.12,0.0,0.0,0.0,254.0,WSW,0.0,0.0,0.0,69.34,5999.99,0.0,0.0
2026-09-16T09:00:00Z,2026-09-16T02:00:00-07:00,Brambley,10.28,10.28,9.98,98.0,1012.73,1020.22,0.0,0.0,0.0,254.0,WSW,0.0,0.0,0.0,69.34,5999.99,0.0,0.0
2026-09-16T09:05:00Z,2026-09-16T02:05:00-07:00,Brambley,10.28,10.28,9.98,98.0,1012.63,1020.12,0.0,0.0,0.0,254.0,WSW,0.0,0.0,0.0,69.34,5999.99,0.0,0.0
2026-09-16T09:10:00Z,2026-09-16T02:10:00-07:00,Brambley,10.39,10.39,10.09,98.0,1012.43,1019.91,0.0,0.0,0.0,254.0,WSW,0.0,0.0,0.0,69.34,5999.99,0.0,0.0
2026-09-16T09:15:00Z,2026-09-16T02:15:00-07:00,Brambley,10.61,10.61,10.31,98.0,1012.53,1020.01,0.0,0.0,0.0,254.0,WSW,0.0,0.0,0.0,69.34,5999.99,0.0,0.0
2026-09-16T09:21:00Z,2026-09-16T02:21:00-07:00,Brambley,10.61,10.61,10.31,98.0,1012.83,1020.32,0.0,0.0,0.0,254.0,WSW,0.0,0.0,0.0,69.34,5999.99,0.0,0.0
2026-09-16T09:25:00Z,2026-09-16T02:25:00-07:00,Brambley,10.5,10.5,10.19,98.0,1012.63,1020.12,0.0,0.0,0.0,254.0,WSW,0.0,0.0,0.0,69.34,5999.99,0.0,0.0
2026-09-16T09:30:00Z,2026-09-16T02:30:00-07:00,Brambley,10.39,10.39,10.09,98.0,1012.73,1020.22,0.0,0.0,0.0,254.0,WSW,0.0,0.0,0.0,69.34,5999.99,0.0,0.0
2026-09-16T09:35:00Z,2026-09-16T02:35:00-07:00,Brambley,10.28,10.28,9.98,98.0,1012.63,1020.12,0.0,0.0,0.0,254.0,WSW,0.0,0.0,0.0,69.34,5999.99,0.0,0.0
2026-09-16T09:41:00Z,2026-09-16T02:41:00-07:00,Brambley,10.28,10.28,10.13,99.0,1012.73,1020.22,0.0,0.0,0.0,254.0,WSW,0.0,0.0,0.0,69.34,5999.99,0.0,0.0
2026-09-16T09:45:00Z,2026-09-16T02:45:00-07:00,Brambley,10.22,10.22,9.92,98.0,1012.73,1020.22,0.0,0.0,0.0,254.0,WSW,0.0,0.0,0.0,69.34,5999.99,0.0,0.0
2026-09-16T09:50:00Z,2026-09-16T02:50:00-07:00,Brambley,10.11,10.11,9.96,99.0,1012.73,1020.22,0.0,0.0,0.0,254.0,WSW,0.0,0.0,0.0,69.34,5999.99,0.0,0.0
2026-09-16T09:55:00Z,2026-09-16T02:55:00-07:00,Brambley,10.22,10.22,10.07,99.0,1012.83,1020.32,0.0,0.0,0.0,254.0,WSW,0.0,0.0,0.0,69.34,5999.99,0.0,0.0
2026-09-16T10:01:00Z,2026-09-16T03:01:00-07:00,Brambley,10.5,10.5,10.35,99.0,1012.63,1020.12,0.0,0.0,0.0,254.0,WSW,0.0,0.0,0.0,69.34,5999.99,0.0,0.0
2026-09-16T10:05:00Z,2026-09-16T03:05:00-07:00,Brambley,10.5,10.5,10.35,99.0,1012.94,1020.42,0.0,0.0,0.0,254.0,WSW,0.0,0.0,0.0,69.34,5999.99,0.0,0.0
2026-09-16T10:10:00Z,2026-09-16T03:10:00-07:00,Brambley,10.5,10.5,10.35,99.0,1012.73,1020.22,0.0,0.0,0.0,254.0,WSW,0.0,0.0,0.0,69.34,5999.99,0.0,0.0
2026-09-16T10:15:00Z,2026-09-16T03:15:00-07:00,Brambley,10.5,10.5,10.35,99.0,1012.63,1020.12,0.0,0.0,0.0,254.0,WSW,0.0,0.0,0.0,69.34,5999.99,0.0,0.0
2026-09-16T10:21:00Z,2026-09-16T03:21:00-07:00,Brambley,10.5,10.5,10.35,99.0,1012.73,1020.22,0.0,0.0,0.0,254.0,WSW,0.0,0.0,0.0,69.34,5999.99,0.0,0.0
2026-09-16T10:25:00Z,2026-09-16T03:25:00-07:00,Brambley,10.5,10.5,10.35,99.0,1012.53,1020.01,0.0,0.0,0.0,254.0,WSW,0.0,0.0,0.0,69.34,5999.99,0.0,0.0
2026-09-16T10:30:00Z,2026-09-16T03:30:00-07:00,Brambley,10.5,10.5,10.35,99.0,1012.63,1020.12,0.0,0.0,0.0,254.0,WSW,0.0,0.0,0.0,69.34,5999.99,0.0,0.0
2026-09-16T10:35:00Z,2026-09-16T03:35:00-07:00,Brambley,10.28,10.28,10.13,99.0,1012.73,1020.22,0.0,0.0,0.0,254.0,WSW,0.0,0.0,0.0,69.34,5999.99,0.0,0.0
2026-09-16T10:41:00Z,2026-09-16T03:41:00-07:00,Brambley,10.22,10.22,10.07,99.0,1012.63,1020.12,0.0,0.0,0.0,254.0,WSW,0.0,0.0,0.0,69.34,5999.99,0.0,0.0
2026-09-16T10:45:00Z,2026-09-16T03:45:00-07:00,Brambley,10.22,10.22,10.07,99.0,1012.73,1020.22,0.0,0.0,0.0,254.0,WSW,0.0,0.0,0.0,69.34,5999.99,0.0,0.0
2026-09-16T10:50:00Z,2026-09-16T03:50:00-07:00,Brambley,10.0,10.0,9.85,99.0,1012.73,1020.22,0.0,0.0,0.0,254.0,WSW,0.0,0.0,0.0,69.34,5999.99,0.0,0.0
2026-09-16T10:55:00Z,2026-09-16T03:55:00-07:00,Brambley,9.78,9.78,9.63,99.0,1012.83,1020.32,0.0,0.0,0.0,254.0,WSW,0.0,0.0,0.0,69.34,5999.99,0.0,0.0
2026-09-16T11:01:00Z,2026-09-16T04:01:00-07:00,Brambley,9.72,9.72,9.57,99.0,1013.04,1020.52,0.0,0.0,0.0,254.0,WSW,0.0,0.0,0.0,69.34,5999.99,0.0,0.0
2026-09-16T11:05:00Z,2026-09-16T04:05:00-07:00,Brambley,9.72,9.72,9.57,99.0,1012.83,1020.32,0.0,0.0,0.0,254.0,WSW,0.0,0.0,0.0,69.34,5999.99,0.0,0.0
2026-09-16T11:10:00Z,2026-09-16T04:10:00-07:00,Brambley,9.61,9.61,9.46,99.0,1012.94,1020.42,0.0,0.0,0.0,254.0,WSW,0.0,0.0,0.0,69.34,5999.99,0.0,0.0
2026-09-16T11:15:00Z,2026-09-16T04:15:00-07:00,Brambley,9.61,9.61,9.46,99.0,1013.04,1020.52,0.0,0.0,0.0,254.0,WSW,0.0,0.0,0.0,69.34,5999.99,0.0,0.0
2026-09-16T11:21:00Z,2026-09-16T04:21:00-07:00,Brambley,9.61,9.61,9.46,99.0,1013.04,1020.52,0.0,0.0,0.0,254.0,WSW,0.0,0.0,0.0,69.34,5999.99,0.0,0.0
2026-09-16T11:25:00Z,2026-09-16T04:25:00-07:00,Brambley,9.61,9.61,9.46,99.0,1013.04,1020.52,0.0,0.0,0.0,253.0,WSW,0.0,0.0,0.0,69.34,5999.99,0.0,0.0
2026-09-16T11:30:00Z,2026-09-16T04:30:00-07:00,Brambley,9.78,9.78,9.63,99.0,1013.14,1020.62,0.0,0.0,0.0,254.0,WSW,0.0,0.0,0.0,69.34,5999.99,0.0,0.0
2026-09-16T11:35:00Z,2026-09-16T04:35:00-07:00,Brambley,9.78,9.78,9.63,99.0,1013.34,1020.83,0.0,0.0,0.0,262.0,W,0.0,0.0,0.0,69.34,5999.99,0.0,0.0
2026-09-16T11:41:00Z,2026-09-16T04:41:00-07:00,Brambley,9.5,9.5,9.35,99.0,1013.04,1020.52,0.0,0.0,0.0,262.0,W,0.0,0.0,0.0,69.34,5999.99,0.0,0.0
2026-09-16T11:45:00Z,2026-09-16T04:45:00-07:00,Brambley,9.39,9.39,9.24,99.0,1013.34,1020.83,0.0,0.0,0.0,262.0,W,0.0,0.0,0.0,69.34,5999.99,0.0,0.0
2026-09-16T11:50:00Z,2026-09-16T04:50:00-07:00,Brambley,9.28,9.28,9.13,99.0,1013.14,1020.62,0.0,0.0,0.0,262.0,W,0.0,0.0,0.0,69.34,5999.99,0.0,0.0
2026-09-16T11:55:00Z,2026-09-16T04:55:00-07:00,Brambley,9.22,9.22,9.07,99.0,1013.41,1020.93,0.0,0.0,0.0,262.0,W,0.0,0.0,0.0,69.34,5999.99,0.0,0.0
2026-09-16T12:01:00Z,2026-09-16T05:01:00-07:00,Brambley,9.11,9.11,8.96,99.0,1013.14,1020.62,0.0,0.0,0.0,262.0,W,0.0,0.0,0.0,69.34,5999.99,0.0,0.0
2026-09-16T12:05:00Z,2026-09-16T05:05:00-07:00,Brambley,9.11,9.11,8.96,99.0,1013.24,1020.73,0.0,0.0,0.0,262.0,W,0.0,0.0,0.0,69.34,5999.99,0.0,0.0
2026-09-16T12:10:00Z,2026-09-16T05:10:00-07:00,Brambley,9.11,9.11,8.96,99.0,1013.34,1020.83,0.0,0.0,0.0,262.0,W,0.0,0.0,0.0,69.34,5999.99,0.0,0.0
2026-09-16T12:15:00Z,2026-09-16T05:15:00-07:00,Brambley,8.89,8.89,8.74,99.0,1013.34,1020.83,0.0,0.0,0.0,262.0,W,0.0,0.0,0.0,69.34,5999.99,0.0,0.0
2026-09-16T12:21:00Z,2026-09-16T05:21:00-07:00,Brambley,8.89,8.89,8.74,99.0,1013.41,1020.93,0.0,0.0,0.0,262.0,W,0.0,0.0,0.0,69.34,5999.99,0.0,0.0
2026-09-16T12:25:00Z,2026-09-16T05:25:00-07:00,Brambley,9.0,9.0,8.85,99.0,1013.51,1021.03,0.0,0.0,0.0,262.0,W,0.0,0.0,0.0,69.34,5999.99,0.0,0.0
2026-09-16T12:30:00Z,2026-09-16T05:30:00-07:00,Brambley,9.11,9.11,8.96,99.0,1013.41,1020.93,0.0,0.0,0.0,262.0,W,0.0,0.0,0.0,69.34,5999.99,0.0,0.0
2026-09-16T12:35:00Z,2026-09-16T05:35:00-07:00,Brambley,9.0,9.0,8.85,99.0,1013.51,1021.03,0.0,0.0,0.0,262.0,W,0.0,0.0,0.0,69.34,5999.99,0.0,0.0
2026-09-16T12:41:00Z,2026-09-16T05:41:00-07:00,Brambley,9.28,9.28,9.13,99.0,1013.61,1021.13,0.0,0.0,0.0,262.0,W,0.0,0.0,0.0,69.34,5999.99,0.0,0.0
2026-09-16T12:45:00Z,2026-09-16T05:45:00-07:00,Brambley,9.22,9.22,9.07,99.0,1013.61,1021.13,0.0,0.0,0.0,262.0,W,0.0,0.0,0.0,69.34,5999.99,0.0,0.0
2026-09-16T12:50:00Z,2026-09-16T05:50:00-07:00,Brambley,9.0,9.0,8.85,99.0,1013.61,1021.13,0.0,0.0,0.0,262.0,W,0.0,0.0,0.0,69.34,5999.99,0.0,0.0
2026-09-16T12:55:00Z,2026-09-16T05:55:00-07:00,Brambley,8.89,8.89,8.74,99.0,1013.72,1021.23,0.0,0.0,0.0,262.0,W,0.0,0.0,0.0,69.34,5999.99,0.0,0.0
2026-09-16T13:01:00Z,2026-09-16T06:01:00-07:00,Brambley,8.78,8.78,8.63,99.0,1013.72,1021.23,0.0,0.0,0.0,262.0,W,0.0,0.0,0.0,69.34,5999.99,0.0,0.0
2026-09-16T13:05:00Z,2026-09-16T06:05:00-07:00,Brambley,8.78,8.78,8.63,99.0,1013.82,1021.33,0.0,0.0,0.0,262.0,W,0.0,0.0,0.0,69.34,5999.99,0.0,0.0
2026-09-16T13:10:00Z,2026-09-16T06:10:00-07:00,Brambley,9.0,9.0,8.85,99.0,1013.72,1021.23,0.0,0.0,0.0,262.0,W,0.0,0.0,0.0,69.34,5999.99,0.0,0.0
2026-09-16T13:15:00Z,2026-09-16T06:15:00-07:00,Brambley,8.89,8.89,8.74,99.0,1013.92,1021.44,0.0,0.0,0.0,262.0,W,0.0,0.0,0.0,69.34,5999.99,0.0,0.0
2026-09-16T13:21:00Z,2026-09-16T06:21:00-07:00,Brambley,8.78,8.78,8.63,99.0,1013.82,1021.33,0.0,0.0,0.0,262.0,W,0.0,0.0,0.0,69.34,5999.99,0.0,0.0
2026-09-16T13:25:00Z,2026-09-16T06:25:00-07:00,Brambley,8.72,8.72,8.57,99.0,1013.82,1021.33,0.0,0.0,0.0,262.0,W,0.0,0.0,0.0,69.34,5999.99,0.01,0.0
2026-09-16T13:30:00Z,2026-09-16T06:30:00-07:00,Brambley,8.89,8.89,8.74,99.0,1013.92,1021.44,0.0,0.0,0.0,262.0,W,0.0,0.0,0.0,69.34,5999.99,0.02,0.0
2026-09-16T13:35:00Z,2026-09-16T06:35:00-07:00,Brambley,8.72,8.72,8.57,99.0,1014.02,1021.54,0.0,0.0,0.0,262.0,W,0.0,0.0,0.0,69.34,5999.99,0.08,0.0
2026-09-16T13:41:00Z,2026-09-16T06:41:00-07:00,Brambley,8.72,8.72,8.57,99.0,1014.12,1021.64,0.0,0.0,0.0,262.0,W,0.0,0.0,0.0,69.34,5999.99,0.26,0.0
2026-09-16T13:45:00Z,2026-09-16T06:45:00-07:00,Brambley,8.61,8.61,8.46,99.0,1014.02,1021.54,0.0,0.0,0.0,262.0,W,0.0,0.0,0.0,69.34,5999.99,0.51,0.0
2026-09-16T13:50:00Z,2026-09-16T06:50:00-07:00,Brambley,8.72,8.72,8.57,99.0,1014.02,1021.54,0.0,0.0,0.0,262.0,W,0.0,0.0,0.0,69.34,5999.99,1.07,0.0
2026-09-16T13:55:00Z,2026-09-16T06:55:00-07:00,Brambley,8.61,8.61,8.46,99.0,1014.12,1021.64,0.0,0.0,0.0,262.0,W,0.0,0.0,0.0,69.34,5999.99,1.91,0.0
2026-09-16T14:01:00Z,2026-09-16T07:01:00-07:00,Brambley,8.5,8.5,8.35,99.0,1014.02,1021.54,0.0,0.0,0.0,263.0,W,0.0,0.0,0.0,69.34,5999.99,3.25,0.0
2026-09-16T14:05:00Z,2026-09-16T07:05:00-07:00,Brambley,8.39,8.39,8.24,99.0,1014.12,1021.64,0.0,0.0,0.0,263.0,W,0.0,0.0,0.0,69.34,5999.99,4.33,0.0
2026-09-16T14:10:00Z,2026-09-16T07:10:00-07:00,Brambley,8.5,8.5,8.35,99.0,1014.32,1021.84,0.0,0.0,0.0,263.0,W,0.0,0.0,0.0,69.34,5999.99,5.82,0.0
2026-09-16T14:15:00Z,2026-09-16T07:15:00-07:00,Brambley,8.5,8.5,8.35,99.0,1014.22,1021.74,0.0,0.0,0.0,263.0,W,0.0,0.0,0.0,69.34,5999.99,7.3,0.0
2026-09-16T14:21:00Z,2026-09-16T07:21:00-07:00,Brambley,8.28,8.28,8.13,99.0,1014.12,1021.64,0.0,0.0,0.0,263.0,W,0.0,0.0,0.0,69.34,5999.99,8.97,0.0
2026-09-16T14:25:00Z,2026-09-16T07:25:00-07:00,Brambley,8.39,8.39,8.24,99.0,1014.22,1021.74,0.0,0.0,0.0,263.0,W,0.0,0.0,0.0,69.34,5999.99,10.04,0.0
2026-09-16T14:30:00Z,2026-09-16T07:30:00-07:00,Brambley,8.78,8.78,8.63,99.0,1014.43,1021.91,0.0,0.0,0.0,263.0,W,0.0,0.0,0.0,69.34,5999.99,11.3,0.0
2026-09-16T14:35:00Z,2026-09-16T07:35:00-07:00,Brambley,8.78,8.78,8.63,99.0,1014.53,1022.01,0.0,0.0,0.0,263.0,W,0.0,0.0,0.0,69.34,5999.99,12.46,0.0
2026-09-16T14:41:00Z,2026-09-16T07:41:00-07:00,Brambley,8.72,8.72,8.57,99.0,1014.43,1021.91,0.0,0.0,0.0,263.0,W,0.0,0.0,0.0,69.34,5999.99,13.71,0.0
2026-09-16T14:45:00Z,2026-09-16T07:45:00-07:00,Brambley,8.72,8.72,8.57,99.0,1014.73,1022.22,0.0,0.0,0.0,263.0,W,0.0,0.0,0.0,69.34,5999.99,14.63,0.0
2026-09-16T14:50:00Z,2026-09-16T07:50:00-07:00,Brambley,8.89,8.89,8.74,99.0,1014.53,1022.01,0.0,0.0,0.0,263.0,W,0.0,0.0,0.0,69.34,5999.99,15.37,0.0
2026-09-16T14:55:00Z,2026-09-16T07:55:00-07:00,Brambley,8.89,8.89,8.74,99.0,1014.53,1022.01,0.0,0.0,0.0,263.0,W,0.0,0.0,0.0,69.34,5999.99,16.21,0.0
2026-09-16T15:01:00Z,2026-09-16T08:01:00-07:00,Brambley,9.5,9.5,9.35,99.0,1014.53,1022.01,0.0,0.0,0.0,263.0,W,0.0,0.0,0.0,69.34,5999.99,17.11,0.0
2026-09-16T15:05:00Z,2026-09-16T08:05:00-07:00,Brambley,9.5,9.5,9.35,99.0,1014.63,1022.11,0.0,0.0,0.0,263.0,W,0.0,0.0,0.0,69.34,5999.99,17.7,0.0
2026-09-16T15:10:00Z,2026-09-16T08:10:00-07:00,Brambley,9.5,9.5,9.35,99.0,1014.83,1022.32,0.0,0.0,0.0,263.0,W,0.0,0.0,0.0,69.34,5999.99,18.48,0.0
2026-09-16T15:15:00Z,2026-09-16T08:15:00-07:00,Brambley,9.72,9.72,9.57,99.0,1014.73,1022.22,0.0,0.0,0.0,263.0,W,0.0,0.0,0.0,69.34,5999.99,18.97,0.0
2026-09-16T15:21:00Z,2026-09-16T08:21:00-07:00,Brambley,9.89,9.89,9.74,99.0,1014.73,1022.22,0.0,0.0,0.0,263.0,W,0.0,0.0,0.0,69.34,5999.99,19.72,0.0
2026-09-16T15:25:00Z,2026-09-16T08:25:00-07:00,Brambley,10.22,10.22,10.07,99.0,1014.73,1022.22,0.0,0.0,0.0,263.0,W,0.0,0.0,0.0,69.34,5999.99,20.24,0.0
2026-09-16T15:30:00Z,2026-09-16T08:30:00-07:00,Brambley,10.39,10.39,10.24,99.0,1015.04,1022.52,0.0,0.0,0.0,263.0,W,0.0,0.0,0.0,69.34,5999.99,20.81,0.0
2026-09-16T15:35:00Z,2026-09-16T08:35:00-07:00,Brambley,10.5,10.5,10.35,99.0,1014.93,1022.42,0.0,0.0,0.0,263.0,W,0.0,0.0,0.0,69.34,5999.99,21.36,0.0
2026-09-16T15:41:00Z,2026-09-16T08:41:00-07:00,Brambley,10.89,10.89,10.74,99.0,1014.83,1022.32,0.0,0.0,0.0,263.0,W,0.0,0.0,0.0,69.34,5999.99,21.82,0.0
2026-09-16T15:45:00Z,2026-09-16T08:45:00-07:00,Brambley,11.0,11.0,10.85,99.0,1014.83,1022.32,0.0,0.0,0.0,263.0,W,0.0,0.0,0.0,69.34,5999.99,23.43,0.0
2026-09-16T15:50:00Z,2026-09-16T08:50:00-07:00,Brambley,11.28,11.28,11.13,99.0,1014.83,1022.32,0.0,0.0,0.0,263.0,W,0.0,0.0,0.0,69.34,5999.99,22.6,0.0
2026-09-16T15:55:00Z,2026-09-16T08:55:00-07:00,Brambley,11.39,11.39,11.24,99.0,1014.93,1022.42,0.0,0.0,0.0,263.0,W,0.0,0.0,0.0,69.34,5999.99,23.17,0.0
2026-09-16T16:01:00Z,2026-09-16T09:01:00-07:00,Brambley,11.5,11.5,11.35,99.0,1014.73,1022.22,0.0,0.0,0.0,263.0,W,0.0,0.0,0.0,69.34,5999.99,23.75,0.0
2026-09-16T16:05:00Z,2026-09-16T09:05:00-07:00,Brambley,11.72,11.72,11.57,99.0,1014.53,1022.01,0.0,0.0,0.0,263.0,W,0.0,0.0,0.0,69.34,5999.99,24.17,0.0
2026-09-16T16:10:00Z,2026-09-16T09:10:00-07:00,Brambley,12.5,12.5,12.34,99.0,1014.73,1022.22,0.0,0.0,0.0,263.0,W,0.0,0.0,0.0,69.34,5999.99,26.37,0.0
2026-09-16T16:15:00Z,2026-09-16T09:15:00-07:00,Brambley,12.78,12.78,12.62,99.0,1014.93,1022.42,0.0,0.0,0.0,263.0,W,0.0,0.0,0.0,69.34,5999.99,47.71,0.0
2026-09-16T16:21:00Z,2026-09-16T09:21:00-07:00,Brambley,13.11,13.11,12.96,99.0,1014.83,1022.32,0.0,0.0,0.0,262.0,W,0.0,0.0,0.0,69.34,5999.99,27.7,0.0
2026-09-16T16:25:00Z,2026-09-16T09:25:00-07:00,Brambley,13.11,13.11,12.96,99.0,1014.83,1022.32,0.0,0.0,0.0,262.0,W,0.0,0.0,0.0,69.34,5999.99,133.86,1.0
2026-09-16T16:30:00Z,2026-09-16T09:30:00-07:00,Brambley,13.61,13.61,13.46,99.0,1014.73,1022.22,0.0,0.0,0.0,262.0,W,0.0,0.0,0.0,69.34,5999.99,46.39,0.0
2026-09-16T16:35:00Z,2026-09-16T09:35:00-07:00,Brambley,13.72,13.72,13.57,99.0,1014.63,1022.11,0.0,0.0,0.0,262.0,W,0.0,0.0,0.0,69.34,5999.99,30.21,0.0
2026-09-16T16:41:00Z,2026-09-16T09:41:00-07:00,Brambley,13.89,13.89,13.73,99.0,1014.73,1022.22,0.0,0.0,0.0,262.0,W,0.0,0.0,0.0,69.34,5999.99,52.0,0.0
2026-09-16T16:45:00Z,2026-09-16T09:45:00-07:00,Brambley,14.22,14.22,14.07,99.0,1014.73,1022.22,0.0,0.0,0.0,262.0,W,0.0,0.0,0.0,69.34,5999.99,46.27,0.0
2026-09-16T16:50:00Z,2026-09-16T09:50:00-07:00,Brambley,14.28,14.28,14.12,99.0,1014.93,1022.42,0.0,0.0,0.0,262.0,W,0.0,0.0,0.0,69.34,5999.99,30.79,0.0
2026-09-16T16:55:00Z,2026-09-16T09:55:00-07:00,Brambley,14.22,14.22,14.07,99.0,1014.73,1022.22,0.0,0.0,0.0,262.0,W,0.0,0.0,0.0,69.34,5999.99,34.4,0.0
2026-09-16T17:01:00Z,2026-09-16T10:01:00-07:00,Brambley,14.39,14.39,14.23,99.0,1014.83,1022.32,0.0,0.0,0.0,262.0,W,0.0,0.0,0.0,69.34,5999.99,38.4,0.0
2026-09-16T17:05:00Z,2026-09-16T10:05:00-07:00,Brambley,14.5,14.5,14.34,99.0,1014.83,1022.32,0.0,0.0,0.0,262.0,W,0.0,0.0,0.0,69.34,5999.99,45.66,0.0
2026-09-16T17:10:00Z,2026-09-16T10:10:00-07:00,Brambley,14.89,14.89,14.73,99.0,1014.93,1022.42,0.0,0.0,0.0,262.0,W,0.0,0.0,0.0,69.34,5999.99,232.75,2.0
2026-09-16T17:15:00Z,2026-09-16T10:15:00-07:00,Brambley,15.61,15.61,15.46,99.0,1014.73,1022.22,0.0,0.0,0.0,262.0,W,0.0,0.0,0.0,69.34,5999.99,253.28,2.0
2026-09-16T17:21:00Z,2026-09-16T10:21:00-07:00,Brambley,15.5,15.5,15.34,99.0,1014.63,1022.11,0.0,0.0,0.0,263.0,W,0.0,0.0,0.0,69.34,5999.99,222.04,2.0
2026-09-16T17:25:00Z,2026-09-16T10:25:00-07:00,Brambley,15.89,15.89,15.73,99.0,1014.63,1022.11,0.0,0.0,0.0,263.0,W,0.0,0.0,0.0,69.34,5999.99,112.29,1.0
2026-09-16T17:30:00Z,2026-09-16T10:30:00-07:00,Brambley,16.28,16.28,16.12,99.0,1014.93,1022.42,0.0,0.0,0.0,263.0,W,0.0,0.0,0.0,69.34,5999.99,131.55,1.0
2026-09-16T17:35:00Z,2026-09-16T10:35:00-07:00,Brambley,16.28,16.28,16.12,99.0,1014.83,1022.32,0.0,0.0,0.0,264.0,W,0.0,0.0,0.0,69.34,5999.99,101.74,0.0
2026-09-16T17:41:00Z,2026-09-16T10:41:00-07:00,Brambley,16.72,16.72,16.56,99.0,1014.93,1022.42,0.0,0.0,0.0,268.0,W,0.0,0.0,0.0,69.34,5999.99,73.16,0.0
2026-09-16T17:45:00Z,2026-09-16T10:45:00-07:00,Brambley,16.28,16.28,16.12,99.0,1014.63,1022.11,0.0,0.0,0.0,266.0,W,0.0,0.0,0.0,69.34,5999.99,248.48,2.0
2026-09-16T17:50:00Z,2026-09-16T10:50:00-07:00,Brambley,16.89,16.89,16.73,99.0,1014.63,1022.11,0.0,0.0,0.0,264.0,W,0.0,0.0,0.0,69.34,5999.99,71.95,0.0
2026-09-16T17:55:00Z,2026-09-16T10:55:00-07:00,Brambley,17.11,17.11,16.79,98.0,1014.63,1022.11,0.0,0.0,0.0,264.0,W,0.0,0.0,0.0,69.34,5999.99,89.56,0.0
2026-09-16T18:01:00Z,2026-09-16T11:01:00-07:00,Brambley,17.22,17.22,16.74,97.0,1014.63,1022.11,0.0,0.0,0.0,265.0,W,0.0,0.0,0.0,69.34,5999.99,195.37,1.0
2026-09-16T18:05:00Z,2026-09-16T11:05:00-07:00,Brambley,17.39,17.39,16.91,97.0,1014.63,1022.11,0.0,0.0,0.0,265.0,W,0.0,0.0,0.0,69.34,5999.99,238.8,2.0
2026-09-16T18:10:00Z,2026-09-16T11:10:00-07:00,Brambley,17.22,17.22,16.24,94.0,1014.53,1022.01,0.0,0.0,0.0,260.0,W,0.0,0.0,0.0,69.34,5999.99,416.9,4.0
2026-09-16T18:15:00Z,2026-09-16T11:15:00-07:00,Brambley,17.72,17.72,16.23,91.0,1014.63,1022.11,0.0,0.0,0.0,247.0,WSW,0.0,0.0,0.0,69.34,5999.99,488.64,4.0
2026-09-16T18:21:00Z,2026-09-16T11:21:00-07:00,Brambley,18.5,18.5,16.29,87.0,1014.63,1022.11,0.0,0.0,0.0,259.0,W,0.0,0.0,0.0,69.34,5999.99,370.14,3.0
2026-09-16T18:25:00Z,2026-09-16T11:25:00-07:00,Brambley,18.28,18.28,15.15,82.0,1014.43,1021.91,0.0,0.0,2.95,239.0,WSW,0.0,0.0,0.0,69.34,5999.99,42.81,0.0
2026-09-16T18:30:00Z,2026-09-16T11:30:00-07:00,Brambley,18.72,18.72,15.0,79.0,1014.53,1022.01,1.13,1.91,2.95,255.0,WSW,0.0,0.0,0.0,69.34,5999.99,65.1,0.0
2026-09-16T18:35:00Z,2026-09-16T11:35:00-07:00,Brambley,19.22,19.22,14.88,76.0,1014.73,1022.22,0.0,0.0,2.95,238.0,WSW,0.0,0.0,0.0,69.34,5999.99,95.15,0.0
2026-09-16T18:41:00Z,2026-09-16T11:41:00-07:00,Brambley,18.89,18.89,15.16,79.0,1014.53,1022.01,0.0,0.0,3.91,242.0,WSW,0.0,0.0,0.0,69.34,5999.99,61.3,0.0
2026-09-16T18:45:00Z,2026-09-16T11:45:00-07:00,Brambley,19.11,19.11,15.38,79.0,1014.43,1021.91,2.52,2.95,5.04,239.0,WSW,0.0,0.0,0.0,69.34,5999.99,85.58,0.0
2026-09-16T18:50:00Z,2026-09-16T11:50:00-07:00,Brambley,18.78,18.78,15.44,81.0,1014.53,1022.01,4.08,5.04,5.04,242.0,WSW,0.0,0.0,0.0,69.34,5999.99,38.32,0.0
2026-09-16T18:55:00Z,2026-09-16T11:55:00-07:00,Brambley,18.39,18.39,15.26,82.0,1014.53,1022.01,3.48,5.04,6.0,240.0,WSW,0.0,0.0,0.0,69.34,5999.99,49.49,0.0
2026-09-16T19:01:00Z,2026-09-16T12:01:00-07:00,Brambley,18.39,18.39,15.26,82.0,1014.63,1022.11,3.48,3.91,6.0,224.0,SW,0.0,0.0,0.0,69.34,5999.99,50.54,0.0
2026-09-16T19:05:00Z,2026-09-16T12:05:00-07:00,Brambley,18.5,18.5,14.98,80.0,1014.43,1021.91,1.39,1.91,6.0,246.0,WSW,0.0,0.0,0.0,69.34,5999.99,54.01,0.0
2026-09-16T19:10:00Z,2026-09-16T12:10:00-07:00,Brambley,18.61,18.61,15.09,80.0,1014.43,1021.91,2.52,2.95,6.0,244.0,WSW,0.0,0.0,0.0,69.34,5999.99,188.52,1.0
2026-09-16T19:15:00Z,2026-09-16T12:15:00-07:00,Brambley,18.89,18.89,15.36,80.0,1014.43,1021.91,2.69,2.95,6.0,254.0,WSW,0.0,0.0,0.0,69.34,5999.99,262.98,2.0
2026-09-16T19:21:00Z,2026-09-16T12:21:00-07:00,Brambley,19.11,19.11,15.58,80.0,1014.22,1021.74,3.13,3.91,6.0,240.0,WSW,0.0,0.0,0.0,69.34,5999.99,72.35,0.0
2026-09-16T19:25:00Z,2026-09-16T12:25:00-07:00,Brambley,19.11,19.11,15.58,80.0,1014.32,1021.84,3.48,3.91,6.0,237.0,WSW,0.0,0.0,0.0,69.34,5999.99,291.33,2.0
2026-09-16T19:30:00Z,2026-09-16T12:30:00-07:00,Brambley,19.5,19.5,16.34,82.0,1014.02,1021.54,3.48,3.91,6.0,228.0,SW,0.0,0.0,0.0,69.34,5999.99,471.41,4.0
2026-09-16T19:35:00Z,2026-09-16T12:35:00-07:00,Brambley,19.11,19.11,15.58,80.0,1014.02,1021.54,0.96,0.96,6.0,231.0,SW,0.0,0.0,0.0,69.34,5999.99,529.09,5.0
2026-09-16T19:41:00Z,2026-09-16T12:41:00-07:00,Brambley,19.78,19.78,16.03,79.0,1014.22,1021.74,1.56,2.95,6.0,251.0,WSW,0.0,0.0,0.0,69.34,5999.99,133.43,1.0
2026-09-16T19:45:00Z,2026-09-16T12:45:00-07:00,Brambley,19.72,19.72,15.77,78.0,1013.92,1021.44,3.3,3.91,6.0,239.0,WSW,0.0,0.0,0.0,69.34,5999.99,518.92,5.0
2026-09-16T19:50:00Z,2026-09-16T12:50:00-07:00,Brambley,20.22,20.28,15.85,76.0,1013.92,1021.44,2.95,2.95,6.0,223.0,SW,0.0,0.0,0.0,69.34,5999.99,551.11,5.0
2026-09-16T19:55:00Z,2026-09-16T12:55:00-07:00,Brambley,19.89,19.89,15.32,75.0,1013.82,1021.33,4.08,5.04,6.0,248.0,WSW,0.0,0.0,0.0,69.34,5999.99,550.54,5.0
2026-09-16T20:01:00Z,2026-09-16T13:01:00-07:00,Brambley,19.89,19.89,14.9,73.0,1013.92,1021.44,2.95,3.91,6.0,253.0,WSW,0.0,0.0,0.0,69.34,5999.99,548.78,5.0
2026-09-16T20:05:00Z,2026-09-16T13:05:00-07:00,Brambley,20.0,20.0,14.79,72.0,1013.82,1021.33,3.48,5.04,6.0,244.0,WSW,0.0,0.0,0.0,69.34,5999.99,546.39,5.0
2026-09-16T20:10:00Z,2026-09-16T13:10:00-07:00,Brambley,20.0,20.0,15.01,73.0,1013.82,1021.33,3.48,3.91,6.0,248.0,WSW,0.0,0.0,0.0,69.34,5999.99,545.57,5.0
2026-09-16T20:15:00Z,2026-09-16T13:15:00-07:00,Brambley,20.22,20.18,15.01,72.0,1013.51,1021.03,3.48,5.04,6.0,240.0,WSW,0.0,0.0,0.0,69.34,5999.99,545.59,5.0
2026-09-16T20:21:00Z,2026-09-16T13:21:00-07:00,Brambley,20.0,20.0,14.79,72.0,1013.61,1021.13,2.52,2.95,6.0,242.0,WSW,0.0,0.0,0.0,69.34,5999.99,545.65,5.0
2026-09-16T20:25:00Z,2026-09-16T13:25:00-07:00,Brambley,20.39,20.34,14.95,71.0,1013.61,1021.13,5.21,6.0,6.0,245.0,WSW,0.0,0.0,0.0,69.34,5999.99,545.74,5.0
2026-09-16T20:30:00Z,2026-09-16T13:30:00-07:00,Brambley,20.11,20.08,15.12,73.0,1013.51,1021.03,2.52,3.91,7.04,249.0,WSW,0.0,0.0,0.0,69.34,5999.99,544.14,5.0
2026-09-16T20:35:00Z,2026-09-16T13:35:00-07:00,Brambley,20.28,20.24,15.06,72.0,1013.51,1021.03,3.48,5.04,7.04,253.0,WSW,0.0,0.0,0.0,69.34,5999.99,540.24,5.0
2026-09-16T20:41:00Z,2026-09-16T13:41:00-07:00,Brambley,20.0,20.0,14.36,70.0,1013.24,1020.73,3.48,3.91,7.99,220.0,SW,0.0,0.0,0.0,69.34,5999.99,535.48,5.0
2026-09-16T20:45:00Z,2026-09-16T13:45:00-07:00,Brambley,20.11,19.98,14.24,69.0,1013.34,1020.83,5.65,7.04,7.99,241.0,WSW,0.0,0.0,0.0,69.34,5999.99,531.82,5.0
2026-09-16T20:50:00Z,2026-09-16T13:50:00-07:00,Brambley,20.28,20.27,15.27,73.0,1013.51,1021.03,5.04,7.04,8.95,238.0,WSW,0.0,0.0,0.0,69.34,5999.99,527.64,5.0
2026-09-16T20:55:00Z,2026-09-16T13:55:00-07:00,Brambley,20.22,20.26,15.64,75.0,1013.34,1020.83,4.69,6.0,8.95,238.0,WSW,0.0,0.0,0.0,69.34,5999.99,523.46,5.0
2026-09-16T21:01:00Z,2026-09-16T14:01:00-07:00,Brambley,20.11,20.14,15.53,75.0,1013.34,1020.83,1.91,3.91,8.95,214.0,SW,0.0,0.0,0.0,69.34,5999.99,517.68,5.0
2026-09-16T21:05:00Z,2026-09-16T14:05:00-07:00,Brambley,20.11,20.14,15.53,75.0,1013.34,1020.83,5.21,6.0,8.95,232.0,SW,0.0,0.0,0.0,69.34,5999.99,514.61,5.0
2026-09-16T21:10:00Z,2026-09-16T14:10:00-07:00,Brambley,20.11,20.14,15.53,75.0,1013.41,1020.93,5.04,6.0,8.95,249.0,WSW,0.0,0.0,0.0,69.34,5999.99,509.51,4.0
2026-09-16T21:15:00Z,2026-09-16T14:15:00-07:00,Brambley,20.11,20.16,15.74,76.0,1013.24,1020.73,4.08,5.04,8.95,209.0,SSW,0.0,0.0,0.0,69.34,5999.99,503.89,4.0
2026-09-16T21:21:00Z,2026-09-16T14:21:00-07:00,Brambley,20.11,20.14,15.53,75.0,1013.24,1020.73,4.26,6.0,8.95,229.0,SW,0.0,0.0,0.0,69.34,5999.99,496.93,4.0
2026-09-16T21:25:00Z,2026-09-16T14:25:00-07:00,Brambley,20.0,20.0,15.63,76.0,1013.04,1020.52,4.69,6.0,8.95,217.0,SW,0.0,0.0,0.0,69.34,5999.99,493.08,4.0
2026-09-16T21:30:00Z,2026-09-16T14:30:00-07:00,Brambley,19.89,19.89,15.32,75.0,1012.94,1020.42,4.26,6.0,8.95,224.0,SW,0.0,0.0,0.0,69.34,5999.99,487.81,4.0
2026-09-16T21:35:00Z,2026-09-16T14:35:00-07:00,Brambley,20.28,20.29,15.49,74.0,1012.83,1020.32,5.04,7.04,8.95,246.0,WSW,0.0,0.0,0.0,69.34,5999.99,481.14,4.0
2026-09-16T21:41:00Z,2026-09-16T14:41:00-07:00,Brambley,20.72,20.73,15.49,72.0,1012.94,1020.42,3.91,5.04,8.95,231.0,SW,0.0,0.0,0.0,69.34,5999.99,472.32,4.0
2026-09-16T21:45:00Z,2026-09-16T14:45:00-07:00,Brambley,20.5,20.51,15.49,73.0,1013.04,1020.52,3.3,3.91,8.95,251.0,WSW,0.0,0.0,0.0,69.34,5999.99,467.02,4.0
2026-09-16T21:50:00Z,2026-09-16T14:50:00-07:00,Brambley,20.22,20.26,15.64,75.0,1012.83,1020.32,2.95,3.91,8.95,241.0,WSW,0.0,0.0,0.0,69.34,5999.99,459.27,4.0
2026-09-16T21:55:00Z,2026-09-16T14:55:00-07:00,Brambley,19.78,19.78,15.42,76.0,1012.83,1020.32,4.69,7.04,8.95,236.0,SW,0.0,0.0,0.0,69.34,5999.99,452.12,4.0
2026-09-16T22:01:00Z,2026-09-16T15:01:00-07:00,Brambley,19.89,19.89,15.32,75.0,1012.63,1020.12,4.26,5.04,8.95,245.0,WSW,0.0,0.0,0.0,69.34,5999.99,442.42,4.0
2026-09-16T22:05:00Z,2026-09-16T15:05:00-07:00,Brambley,20.11,20.11,15.33,74.0,1012.63,1020.12,4.26,6.0,8.95,248.0,WSW,0.0,0.0,0.0,69.34,5999.99,435.94,4.0
2026-09-16T22:10:00Z,2026-09-16T15:10:00-07:00,Brambley,19.78,19.78,15.42,76.0,1012.53,1020.01,4.87,6.0,8.95,228.0,SW,0.0,0.0,0.0,69.34,5999.99,426.68,4.0
2026-09-16T22:15:00Z,2026-09-16T15:15:00-07:00,Brambley,20.0,20.0,15.43,75.0,1012.53,1020.01,5.04,6.0,8.95,229.0,SW,0.0,0.0,0.0,69.34,5999.99,417.41,4.0
2026-09-16T22:20:00Z,2026-09-16T15:20:00-07:00,Brambley,19.89,19.89,15.32,75.0,1012.63,1020.12,4.87,6.0,8.95,223.0,SW,0.0,0.0,0.0,69.34,5999.99,408.89,3.0
2026-09-16T22:25:00Z,2026-09-16T15:25:00-07:00,Brambley,19.89,19.89,15.11,74.0,1012.43,1019.91,5.04,6.0,8.95,239.0,WSW,0.0,0.0,0.0,69.34,5999.99,400.25,3.0
2026-09-16T22:30:00Z,2026-09-16T15:30:00-07:00,Brambley,20.11,20.06,14.9,72.0,1012.33,1019.81,3.91,5.04,8.95,228.0,SW,0.0,0.0,0.0,69.34,5999.99,390.14,3.0
2026-09-16T22:35:00Z,2026-09-16T15:35:00-07:00,Brambley,20.39,20.34,14.95,71.0,1012.33,1019.81,2.95,3.91,8.95,238.0,WSW,0.0,0.0,0.0,69.34,5999.99,379.4,3.0
2026-09-16T22:40:00Z,2026-09-16T15:40:00-07:00,Brambley,20.39,20.36,15.17,72.0,1012.23,1019.74,5.65,7.04,8.95,241.0,WSW,0.0,0.0,0.0,69.34,5999.99,369.05,3.0
2026-09-16T22:45:00Z,2026-09-16T15:45:00-07:00,Brambley,20.11,20.14,15.53,75.0,1012.23,1019.74,6.0,7.04,8.95,237.0,WSW,0.0,0.0,0.0,69.34,5999.99,358.57,3.0
2026-09-16T22:50:00Z,2026-09-16T15:50:00-07:00,Brambley,19.78,19.78,15.62,77.0,1012.23,1019.74,5.65,6.0,8.95,241.0,WSW,0.0,0.0,0.0,69.34,5999.99,347.44,3.0
2026-09-16T22:55:00Z,2026-09-16T15:55:00-07:00,Brambley,19.39,19.39,15.25,77.0,1012.12,1019.64,6.78,7.99,8.95,222.0,SW,0.0,0.0,0.0,69.34,5999.99,335.71,3.0
2026-09-16T23:00:00Z,2026-09-16T16:00:00-07:00,Brambley,19.5,19.5,15.15,76.0,1012.12,1019.64,4.87,6.0,8.95,227.0,SW,0.0,0.0,0.0,69.34,5999.99,325.21,3.0
2026-09-16T23:05:00Z,2026-09-16T16:05:00-07:00,Brambley,19.72,19.72,15.16,75.0,1012.12,1019.64,5.21,7.04,8.95,224.0,SW,0.0,0.0,0.0,69.34,5999.99,313.36,3.0
2026-09-16T23:10:00Z,2026-09-16T16:10:00-07:00,Brambley,20.11,20.08,15.12,73.0,1011.92,1019.44,5.82,7.04,8.95,216.0,SW,0.0,0.0,0.0,69.34,5999.99,301.13,2.0
2026-09-16T23:15:00Z,2026-09-16T16:15:00-07:00,Brambley,20.61,20.61,15.38,72.0,1011.92,1019.44,4.26,5.04,8.95,226.0,SW,0.0,0.0,0.0,69.34,5999.99,289.14,2.0
2026-09-16T23:21:00Z,2026-09-16T16:21:00-07:00,Brambley,20.78,20.79,15.54,72.0,1011.82,1019.34,3.3,3.91,8.95,230.0,SW,0.0,0.0,0.0,69.34,5999.99,273.54,2.0
2026-09-16T23:25:00Z,2026-09-16T16:25:00-07:00,Brambley,20.61,20.61,15.38,72.0,1011.82,1019.34,4.69,5.04,8.95,227.0,SW,0.0,0.0,0.0,69.34,5999.99,265.37,2.0
2026-09-16T23:30:00Z,2026-09-16T16:30:00-07:00,Brambley,20.89,20.91,15.64,72.0,1011.62,1019.13,2.35,3.91,8.95,226.0,SW,0.0,0.0,0.0,69.34,5999.99,252.42,2.0
2026-09-16T23:35:00Z,2026-09-16T16:35:00-07:00,Brambley,20.78,20.77,15.32,71.0,1011.72,1019.24,4.43,6.0,8.95,207.0,SSW,0.0,0.0,0.0,69.34,5999.99,239.59,2.0
2026-09-16T23:40:00Z,2026-09-16T16:40:00-07:00,Brambley,20.39,20.42,15.59,74.0,1011.62,1019.13,5.21,7.04,8.95,227.0,SW,0.0,0.0,0.0,69.34,5999.99,227.36,2.0
2026-09-16T23:45:00Z,2026-09-16T16:45:00-07:00,Brambley,20.11,20.06,14.9,72.0,1011.72,1019.24,5.65,7.04,8.95,221.0,SW,0.0,0.0,0.0,69.34,5999.99,214.67,2.0
2026-09-16T23:50:00Z,2026-09-16T16:50:00-07:00,Brambley,20.61,20.58,15.16,71.0,1011.41,1018.93,5.47,6.0,8.95,229.0,SW,0.0,0.0,0.0,69.34,5999.99,198.48,1.0
2026-09-16T23:55:00Z,2026-09-16T16:55:00-07:00,Brambley,20.39,20.36,15.17,72.0,1011.62,1019.13,6.0,8.95,9.91,252.0,WSW,0.0,0.0,0.0,69.34,5999.99,164.84,1.0
2026-09-17T00:00:00Z,2026-09-16T17:00:00-07:00,Brambley,20.72,20.71,15.27,71.0,1011.41,1018.93,5.82,7.04,9.91,231.0,SW,0.0,0.0,0.0,69.34,5999.99,149.46,1.0
2026-09-17T00:05:00Z,2026-09-16T17:05:00-07:00,Brambley,20.78,20.77,15.32,71.0,1011.31,1018.83,3.3,3.91,9.91,258.0,WSW,0.0,0.0,0.0,69.34,5999.99,136.28,1.0
2026-09-17T00:10:00Z,2026-09-16T17:10:00-07:00,Brambley,21.11,21.13,15.64,71.0,1011.14,1018.63,1.39,1.91,9.91,242.0,WSW,0.0,0.0,0.0,69.34,5999.99,121.59,1.0
2026-09-17T00:15:00Z,2026-09-16T17:15:00-07:00,Brambley,21.28,21.29,15.58,70.0,1011.24,1018.73,2.52,3.91,9.91,260.0,W,0.0,0.0,0.0,69.34,5999.99,104.36,1.0
2026-09-17T00:20:00Z,2026-09-16T17:20:00-07:00,Brambley,21.39,21.38,15.46,69.0,1011.04,1018.52,2.95,3.91,9.91,228.0,SW,0.0,0.0,0.0,69.34,5999.99,108.95,1.0
2026-09-17T00:25:00Z,2026-09-16T17:25:00-07:00,Brambley,21.28,21.26,15.36,69.0,1011.04,1018.52,3.3,3.91,9.91,216.0,SW,0.0,0.0,0.0,69.34,5999.99,85.17,0.0
2026-09-17T00:30:00Z,2026-09-16T17:30:00-07:00,Brambley,21.39,21.38,15.46,69.0,1010.94,1018.42,1.74,3.91,9.91,221.0,SW,0.0,0.0,0.0,69.34,5999.99,84.34,0.0
2026-09-17T00:35:00Z,2026-09-16T17:35:00-07:00,Brambley,21.61,21.63,15.67,69.0,1011.14,1018.63,0.0,0.0,9.91,235.0,SW,0.0,0.0,0.0,69.34,5999.99,92.93,0.0
2026-09-17T00:40:00Z,2026-09-16T17:40:00-07:00,Brambley,22.61,22.63,15.69,65.0,1011.04,1018.52,1.39,1.91,9.91,229.0,SW,0.0,0.0,0.0,69.34,5999.99,64.8,0.0
2026-09-17T00:45:00Z,2026-09-16T17:45:00-07:00,Brambley,22.0,22.01,15.58,67.0,1010.94,1018.42,2.69,2.95,9.91,221.0,SW,0.0,0.0,0.0,69.34,5999.99,63.33,0.0
2026-09-17T00:50:00Z,2026-09-16T17:50:00-07:00,Brambley,22.0,21.98,15.35,66.0,1011.14,1018.63,1.56,1.91,9.91,250.0,WSW,0.0,0.0,0.0,69.34,5999.99,56.99,0.0
2026-09-17T00:55:00Z,2026-09-16T17:55:00-07:00,Brambley,22.22,22.17,15.08,64.0,1011.04,1018.52,0.0,0.0,9.91,251.0,WSW,0.0,0.0,0.0,69.34,5999.99,29.11,0.0
2026-09-17T01:00:00Z,2026-09-16T18:00:00-07:00,Brambley,21.72,21.67,15.08,66.0,1010.94,1018.42,3.13,3.91,9.91,240.0,WSW,0.0,0.0,0.0,69.34,5999.99,34.1,0.0
2026-09-17T01:05:00Z,2026-09-16T18:05:00-07:00,Brambley,21.61,21.58,15.21,67.0,1010.84,1018.32,1.56,1.91,9.91,261.0,W,0.0,0.0,0.0,69.34,5999.99,25.88,0.0
2026-09-17T01:10:00Z,2026-09-16T18:10:00-07:00,Brambley,22.0,21.98,15.35,66.0,1010.84,1018.32,0.0,0.0,9.91,249.0,WSW,0.0,0.0,0.0,69.34,5999.99,28.87,0.0
2026-09-17T01:15:00Z,2026-09-16T18:15:00-07:00,Brambley,22.22,22.2,15.32,65.0,1011.14,1018.63,0.0,0.0,9.91,258.0,WSW,0.0,0.0,0.0,69.34,5999.99,24.86,0.0
2026-09-17T01:20:00Z,2026-09-16T18:20:00-07:00,Brambley,21.89,21.78,14.52,63.0,1010.84,1018.32,0.0,0.0,9.91,256.0,WSW,0.0,0.0,0.0,69.34,5999.99,22.98,0.0
2026-09-17T01:25:00Z,2026-09-16T18:25:00-07:00,Brambley,22.39,22.25,14.23,60.0,1010.84,1018.32,0.0,0.0,9.91,258.0,WSW,0.0,0.0,0.0,69.34,5999.99,22.14,0.0
2026-09-17T01:30:00Z,2026-09-16T18:30:00-07:00,Brambley,22.61,22.52,14.7,61.0,1010.94,1018.42,0.0,0.0,9.91,256.0,WSW,0.0,0.0,0.0,69.34,5999.99,20.73,0.0
2026-09-17T01:35:00Z,2026-09-16T18:35:00-07:00,Brambley,22.22,22.14,14.83,63.0,1010.74,1018.22,0.0,0.0,9.91,259.0,W,0.0,0.0,0.0,69.34,5999.99,19.45,0.0
2026-09-17T01:40:00Z,2026-09-16T18:40:00-07:00,Brambley,22.0,21.93,14.87,64.0,1010.84,1018.32,0.0,0.0,9.91,255.0,WSW,0.0,0.0,0.0,69.34,5999.99,17.81,0.0
2026-09-17T01:45:00Z,2026-09-16T18:45:00-07:00,Brambley,22.0,21.93,14.87,64.0,1010.84,1018.32,0.0,0.0,9.91,256.0,WSW,0.0,0.0,0.0,69.34,5999.99,16.28,0.0
2026-09-17T01:50:00Z,2026-09-16T18:50:00-07:00,Brambley,22.11,22.02,14.73,63.0,1010.84,1018.32,0.0,0.0,9.91,256.0,WSW,0.0,0.0,0.0,69.34,5999.99,14.57,0.0
2026-09-17T01:55:00Z,2026-09-16T18:55:00-07:00,Brambley,22.0,21.93,14.87,64.0,1010.94,1018.42,0.0,0.0,9.91,255.0,WSW,0.0,0.0,0.0,69.34,5999.99,12.81,0.0
2026-09-17T02:00:00Z,2026-09-16T19:00:00-07:00,Brambley,21.89,21.75,14.27,62.0,1010.74,1018.22,0.0,0.0,9.91,256.0,WSW,0.0,0.0,0.0,69.34,5999.99,10.89,0.0
2026-09-17T02:05:00Z,2026-09-16T19:05:00-07:00,Brambley,21.11,20.98,14.27,65.0,1010.63,1018.12,0.0,0.0,9.91,259.0,W,0.0,0.0,0.0,69.34,5999.99,9.09,0.0
2026-09-17T02:10:00Z,2026-09-16T19:10:00-07:00,Brambley,20.22,20.05,13.89,67.0,1010.63,1018.12,0.0,0.0,9.91,256.0,WSW,0.0,0.0,0.0,69.34,5999.99,7.15,0.0
2026-09-17T02:15:00Z,2026-09-16T19:15:00-07:00,Brambley,19.89,19.89,14.03,69.0,1010.84,1018.32,0.0,0.0,9.91,258.0,WSW,0.0,0.0,0.0,69.34,5999.99,5.34,0.0
2026-09-17T02:20:00Z,2026-09-16T19:20:00-07:00,Brambley,19.5,19.5,14.31,72.0,1011.04,1018.52,0.0,0.0,9.91,257.0,WSW,0.0,0.0,0.0,69.34,5999.99,3.67,0.0
2026-09-17T02:25:00Z,2026-09-16T19:25:00-07:00,Brambley,18.5,18.5,13.57,73.0,1010.74,1018.22,0.0,0.0,9.91,254.0,WSW,0.0,0.0,0.0,69.34,5999.99,2.39,0.0
2026-09-17T02:30:00Z,2026-09-16T19:30:00-07:00,Brambley,18.22,18.22,13.51,74.0,1010.63,1018.12,0.0,0.0,9.91,254.0,WSW,0.0,0.0,0.0,69.34,5999.99,1.39,0.0
2026-09-17T02:35:00Z,2026-09-16T19:35:00-07:00,Brambley,17.5,17.5,13.02,75.0,1010.74,1018.22,0.0,0.0,9.91,250.0,WSW,0.0,0.0,0.0,69.34,5999.99,0.72,0.0
2026-09-17T02:40:00Z,2026-09-16T19:40:00-07:00,Brambley,17.28,17.28,13.01,76.0,1010.94,1018.42,0.0,0.0,9.91,255.0,WSW,0.0,0.0,0.0,69.34,5999.99,0.32,0.0
2026-09-17T02:45:00Z,2026-09-16T19:45:00-07:00,Brambley,17.22,17.22,13.15,77.0,1010.84,1018.32,0.0,0.0,9.91,249.0,WSW,0.0,0.0,0.0,69.34,5999.99,0.13,0.0
2026-09-17T02:50:00Z,2026-09-16T19:50:00-07:00,Brambley,17.0,17.0,12.93,77.0,1010.74,1018.22,0.0,0.0,9.91,252.0,WSW,0.0,0.0,0.0,69.34,5999.99,0.04,0.0
2026-09-17T02:55:00Z,2026-09-16T19:55:00-07:00,Brambley,16.89,16.89,13.03,78.0,1010.74,1018.22,0.0,0.0,9.91,251.0,WSW,0.0,0.0,0.0,69.34,5999.99,0.01,0.0
2026-09-17T03:00:00Z,2026-09-16T20:00:00-07:00,Brambley,16.78,16.78,12.92,78.0,1010.84,1018.32,0.0,0.0,9.91,252.0,WSW,0.0,0.0,0.0,69.34,5999.99,0.0,0.0
2026-09-17T03:05:00Z,2026-09-16T20:05:00-07:00,Brambley,16.72,16.72,13.06,79.0,1010.84,1018.32,0.0,0.0,9.91,252.0,WSW,0.0,0.0,0.0,69.34,5999.99,0.0,0.0
2026-09-17T03:10:00Z,2026-09-16T20:10:00-07:00,Brambley,16.39,16.39,12.73,79.0,1011.14,1018.63,0.0,0.0,9.91,252.0,WSW,0.0,0.0,0.0,69.34,5999.99,0.0,0.0
2026-09-17T03:15:00Z,2026-09-16T20:15:00-07:00,Brambley,16.5,16.5,12.84,79.0,1011.04,1018.52,0.0,0.0,9.91,253.0,WSW,0.0,0.0,0.0,69.34,5999.99,0.0,0.0
2026-09-17T03:20:00Z,2026-09-16T20:20:00-07:00,Brambley,16.5,16.5,12.84,79.0,1011.14,1018.63,0.0,0.0,9.91,253.0,WSW,0.0,0.0,0.0,69.34,5999.99,0.0,0.0
2026-09-17T03:25:00Z,2026-09-16T20:25:00-07:00,Brambley,16.22,16.22,12.77,80.0,1011.04,1018.52,0.0,0.0,9.91,253.0,WSW,0.0,0.0,0.0,69.34,5999.99,0.0,0.0
2026-09-17T03:30:00Z,2026-09-16T20:30:00-07:00,Brambley,15.89,15.89,12.44,80.0,1011.04,1018.52,0.0,0.0,9.91,253.0,WSW,0.0,0.0,0.0,69.34,5999.99,0.0,0.0
2026-09-17T03:35:00Z,2026-09-16T20:35:00-07:00,Brambley,15.72,15.72,12.47,81.0,1010.94,1018.42,0.0,0.0,9.91,253.0,WSW,0.0,0.0,0.0,69.34,5999.99,0.0,0.0
2026-09-17T03:40:00Z,2026-09-16T20:40:00-07:00,Brambley,15.61,15.61,12.36,81.0,1011.14,1018.63,0.0,0.0,9.91,253.0,WSW,0.0,0.0,0.0,69.34,5999.99,0.0,0.0
2026-09-17T03:45:00Z,2026-09-16T20:45:00-07:00,Brambley,15.39,15.39,12.33,82.0,1011.04,1018.52,0.0,0.0,9.91,253.0,WSW,0.0,0.0,0.0,69.34,5999.99,0.0,0.0
2026-09-17T03:50:00Z,2026-09-16T20:50:00-07:00,Brambley,15.39,15.39,12.7,84.0,1010.84,1018.32,0.0,0.0,9.91,253.0,WSW,0.0,0.0,0.0,69.34,5999.99,0.0,0.0
2026-09-17T03:55:00Z,2026-09-16T20:55:00-07:00,Brambley,15.0,15.0,12.49,85.0,1010.94,1018.42,0.0,0.0,9.91,254.0,WSW,0.0,0.0,0.0,69.34,5999.99,0.0,0.0
2026-09-17T04:00:00Z,2026-09-16T21:00:00-07:00,Brambley,14.72,14.72,12.4,86.0,1011.14,1018.63,0.0,0.0,9.91,253.0,WSW,0.0,0.0,0.0,69.34,5999.99,0.0,0.0
2026-09-17T04:05:00Z,2026-09-16T21:05:00-07:00,Brambley,14.61,14.61,12.29,86.0,1010.94,1018.42,0.0,0.0,9.91,253.0,WSW,0.0,0.0,0.0,69.34,5999.99,0.0,0.0
2026-09-17T04:10:00Z,2026-09-16T21:10:00-07:00,Brambley,14.5,14.5,12.36,87.0,1010.94,1018.42,0.0,0.0,9.91,263.0,W,0.0,0.0,0.0,69.34,5999.99,0.0,0.0
2026-09-17T04:15:00Z,2026-09-16T21:15:00-07:00,Brambley,14.22,14.22,12.26,88.0,1011.04,1018.52,0.0,0.0,9.91,262.0,W,0.0,0.0,0.0,69.34,5999.99,0.0,0.0
2026-09-17T04:20:00Z,2026-09-16T21:20:00-07:00,Brambley,14.11,14.11,12.32,89.0,1011.04,1018.52,0.0,0.0,9.91,262.0,W,0.0,0.0,0.0,69.34,5999.99,0.0,0.0
2026-09-17T04:25:00Z,2026-09-16T21:25:00-07:00,Brambley,14.11,14.11,12.49,90.0,1011.04,1018.52,0.0,0.0,9.91,262.0,W,0.0,0.0,0.0,69.34,5999.99,0.0,0.0
2026-09-17T04:30:00Z,2026-09-16T21:30:00-07:00,Brambley,13.89,13.89,12.44,91.0,1011.24,1018.73,0.0,0.0,9.91,262.0,W,0.0,0.0,0.0,69.34,5999.99,0.0,0.0
2026-09-17T04:35:00Z,2026-09-16T21:35:00-07:00,Brambley,14.0,14.0,12.56,91.0,1011.14,1018.63,0.0,0.0,9.91,262.0,W,0.0,0.0,0.0,69.34,5999.99,0.0,0.0
2026-09-17T04:40:00Z,2026-09-16T21:40:00-07:00,Brambley,13.89,13.89,12.44,91.0,1011.14,1018.63,0.0,0.0,9.91,262.0,W,0.0,0.0,0.0,69.34,5999.99,0.0,0.0
2026-09-17T04:45:00Z,2026-09-16T21:45:00-07:00,Brambley,13.61,13.61,12.17,91.0,1011.14,1018.63,0.0,0.0,9.91,262.0,W,0.0,0.0,0.0,69.34,5999.99,0.0,0.0
2026-09-17T04:50:00Z,2026-09-16T21:50:00-07:00,Brambley,13.39,13.39,11.95,91.0,1010.94,1018.42,0.0,0.0,9.91,262.0,W,0.0,0.0,0.0,69.34,5999.99,0.0,0.0
2026-09-17T04:55:00Z,2026-09-16T21:55:00-07:00,Brambley,13.28,13.28,12.01,92.0,1011.04,1018.52,0.0,0.0,9.91,262.0,W,0.0,0.0,0.0,69.34,5999.99,0.0,0.0
2026-09-17T05:00:00Z,2026-09-16T22:00:00-07:00,Brambley,13.22,13.22,11.95,92.0,1011.14,1018.63,0.0,0.0,9.91,262.0,W,0.0,0.0,0.0,69.34,5999.99,0.0,0.0
2026-09-17T05:05:00Z,2026-09-16T22:05:00-07:00,Brambley,13.28,13.28,12.17,93.0,1011.24,1018.73,0.0,0.0,9.91,262.0,W,0.0,0.0,0.0,69.34,5999.99,0.0,0.0
2026-09-17T05:10:00Z,2026-09-16T22:10:00-07:00,Brambley,13.39,13.39,12.28,93.0,1011.31,1018.83,0.0,0.0,9.91,262.0,W,0.0,0.0,0.0,69.34,5999.99,0.0,0.0
2026-09-17T05:15:00Z,2026-09-16T22:15:00-07:00,Brambley,13.11,13.11,12.01,93.0,1011.14,1018.63,0.0,0.0,9.91,262.0,W,0.0,0.0,0.0,69.34,5999.99,0.0,0.0
2026-09-17T05:20:00Z,2026-09-16T22:20:00-07:00,Brambley,13.0,13.0,11.89,93.0,1011.04,1018.52,0.0,0.0,9.91,262.0,W,0.0,0.0,0.0,69.34,5999.99,0.0,0.0
2026-09-17T05:25:00Z,2026-09-16T22:25:00-07:00,Brambley,13.0,13.0,11.89,93.0,1010.94,1018.42,0.0,0.0,9.91,263.0,W,0.0,0.0,0.0,69.34,5999.99,0.0,0.0
2026-09-17T05:30:00Z,2026-09-16T22:30:00-07:00,Brambley,12.89,12.89,11.94,94.0,1010.84,1018.32,0.0,0.0,9.91,263.0,W,0.0,0.0,0.0,69.34,5999.99,0.0,0.0
2026-09-17T05:35:00Z,2026-09-16T22:35:00-07:00,Brambley,12.72,12.72,11.78,94.0,1010.84,1018.32,0.0,0.0,9.91,263.0,W,0.0,0.0,0.0,69.34,5999.99,0.0,0.0
2026-09-17T05:40:00Z,2026-09-16T22:40:00-07:00,Brambley,12.5,12.5,11.56,94.0,1010.94,1018.42,0.0,0.0,9.91,262.0,W,0.0,0.0,0.0,69.34,5999.99,0.0,0.0
2026-09-17T05:45:00Z,2026-09-16T22:45:00-07:00,Brambley,12.39,12.39,11.45,94.0,1010.84,1018.32,0.0,0.0,9.91,262.0,W,0.0,0.0,0.0,69.34,5999.99,0.0,0.0
2026-09-17T05:50:00Z,2026-09-16T22:50:00-07:00,Brambley,12.39,12.39,11.45,94.0,1010.63,1018.12,0.0,0.0,9.91,263.0,W,0.0,0.0,0.0,69.34,5999.99,0.0,0.0
2026-09-17T05:55:00Z,2026-09-16T22:55:00-07:00,Brambley,12.39,12.39,11.45,94.0,1010.74,1018.22,0.0,0.0,9.91,263.0,W,0.0,0.0,0.0,69.34,5999.99,0.0,0.0
2026-09-17T06:01:00Z,2026-09-16T23:01:00-07:00,Brambley,12.39,12.39,11.61,95.0,1010.84,1018.32,0.0,0.0,9.91,263.0,W,0.0,0.0,0.0,69.34,5999.99,0.0,0.0
2026-09-17T06:05:00Z,2026-09-16T23:05:00-07:00,Brambley,12.39,12.39,11.61,95.0,1010.74,1018.22,0.0,0.0,9.91,263.0,W,0.0,0.0,0.0,69.34,5999.99,0.0,0.0
2026-09-17T06:10:00Z,2026-09-16T23:10:00-07:00,Brambley,12.39,12.39,11.61,95.0,1010.63,1018.12,0.0,0.0,9.91,264.0,W,0.0,0.0,0.0,69.34,5999.99,0.0,0.0
2026-09-17T06:15:00Z,2026-09-16T23:15:00-07:00,Brambley,12.22,12.22,11.44,95.0,1010.63,1018.12,0.0,0.0,9.91,266.0,W,0.0,0.0,0.0,69.34,5999.99,0.0,0.0
2026-09-17T06:20:00Z,2026-09-16T23:20:00-07:00,Brambley,12.11,12.11,11.33,95.0,1010.84,1018.32,0.0,0.0,9.91,264.0,W,0.0,0.0,0.0,69.34,5999.99,0.0,0.0
2026-09-17T06:25:00Z,2026-09-16T23:25:00-07:00,Brambley,12.22,12.22,11.6,96.0,1010.43,1017.91,0.0,0.0,9.91,263.0,W,0.0,0.0,0.0,69.34,5999.99,0.0,0.0
2026-09-17T06:30:00Z,2026-09-16T23:30:00-07:00,Brambley,12.11,12.11,11.49,96.0,1010.63,1018.12,0.0,0.0,9.91,264.0,W,0.0,0.0,0.0,69.34,5999.99,0.0,0.0
2026-09-17T06:35:00Z,2026-09-16T23:35:00-07:00,Brambley,12.0,12.0,11.38,96.0,1010.33,1017.81,0.0,0.0,9.91,264.0,W,0.0,0.0,0.0,69.34,5999.99,0.0,0.0
2026-09-17T06:40:00Z,2026-09-16T23:40:00-07:00,Brambley,11.78,11.78,11.16,96.0,1010.43,1017.91,0.0,0.0,9.91,264.0,W,0.0,0.0,0.0,69.34,5999.99,0.0,0.0
2026-09-17T06:45:00Z,2026-09-16T23:45:00-07:00,Brambley,12.0,12.0,11.38,96.0,1010.43,1017.91,0.0,0.0,9.91,264.0,W,0.0,0.0,0.0,69.34,5999.99,0.0,0.0
2026-09-17T06:50:00Z,2026-09-16T23:50:00-07:00,Brambley,11.89,11.89,11.27,96.0,1010.74,1018.22,0.0,0.0,9.91,264.0,W,0.0,0.0,0.0,69.34,5999.99,0.0,0.0
2026-09-17T06:55:00Z,2026-09-16T23:55:00-07:00,Brambley,11.78,11.78,11.16,96.0,1010.53,1018.02,0.0,0.0,9.91,263.0,W,0.0,0.0,0.0,69.34,5999.99,0.0,0.0
2026-09-17T07:00:00Z,2026-09-17T00:00:00-07:00,Brambley,11.89,11.89,11.27,96.0,1010.43,1017.91,0.0,0.0,0.0,263.0,W,0.0,0.0,0.0,69.34,5999.99,0.0,0.0
2026-09-17T07:05:00Z,2026-09-17T00:05:00-07:00,Brambley,11.89,11.89,11.27,96.0,1010.63,1018.12,0.0,0.0,0.0,264.0,W,0.0,0.0,0.0,69.34,5999.99,0.0,0.0
2026-09-17T07:10:00Z,2026-09-17T00:10:00-07:00,Brambley,11.5,11.5,10.88,96.0,1010.33,1017.81,0.0,0.0,0.0,264.0,W,0.0,0.0,0.0,69.34,5999.99,0.0,0.0
2026-09-17T07:15:00Z,2026-09-17T00:15:00-07:00,Brambley,11.11,11.11,10.49,96.0,1010.33,1017.81,0.0,0.0,0.0,264.0,W,0.0,0.0,0.0,69.34,5999.99,0.0,0.0
2026-09-17T07:20:00Z,2026-09-17T00:20:00-07:00,Brambley,11.22,11.22,10.61,96.0,1010.63,1018.12,0.0,0.0,0.0,264.0,W,0.0,0.0,0.0,69.34,5999.99,0.0,0.0
2026-09-17T07:25:00Z,2026-09-17T00:25:00-07:00,Brambley,10.89,10.89,10.43,97.0,1010.63,1018.12,0.0,0.0,0.0,264.0,W,0.0,0.0,0.0,69.34,5999.99,0.0,0.0
2026-09-17T07:30:00Z,2026-09-17T00:30:00-07:00,Brambley,11.28,11.28,10.82,97.0,1010.63,1018.12,0.0,0.0,0.0,264.0,W,0.0,0.0,0.0,69.34,5999.99,0.0,0.0
2026-09-17T07:35:00Z,2026-09-17T00:35:00-07:00,Brambley,11.28,11.28,10.82,97.0,1010.43,1017.91,0.0,0.0,0.0,264.0,W,0.0,0.0,0.0,69.34,5999.99,0.0,0.0
2026-09-17T07:40:00Z,2026-09-17T00:40:00-07:00,Brambley,11.11,11.11,10.65,97.0,1010.33,1017.81,0.0,0.0,0.0,264.0,W,0.0,0.0,0.0,69.34,5999.99,0.0,0.0
2026-09-17T07:45:00Z,2026-09-17T00:45:00-07:00,Brambley,11.0,11.0,10.54,97.0,1010.63,1018.12,0.0,0.0,0.0,265.0,W,0.0,0.0,0.0,69.34,5999.99,0.0,0.0
2026-09-17T07:50:00Z,2026-09-17T00:50:00-07:00,Brambley,11.11,11.11,10.65,97.0,1010.43,1017.91,0.0,0.0,0.0,265.0,W,0.0,0.0,0.0,69.34,5999.99,0.0,0.0
2026-09-17T07:55:00Z,2026-09-17T00:55:00-07:00,Brambley,10.89,10.89,10.43,97.0,1010.43,1017.91,0.0,0.0,0.0,265.0,W,0.0,0.0,0.0,69.34,5999.99,0.0,0.0
2026-09-17T08:00:00Z,2026-09-17T01:00:00-07:00,Brambley,10.89,10.89,10.43,97.0,1010.43,1017.91,0.0,0.0,0.0,265.0,W,0.0,0.0,0.0,69.34,5999.99,0.0,0.0
2026-09-17T08:05:00Z,2026-09-17T01:05:00-07:00,Brambley,11.22,11.22,10.76,97.0,1010.53,1018.02,0.0,0.0,0.0,264.0,W,0.0,0.0,0.0,69.34,5999.99,0.0,0.0
2026-09-17T08:10:00Z,2026-09-17T01:10:00-07:00,Brambley,11.28,11.28,10.82,97.0,1010.43,1017.91,0.0,0.0,0.0,265.0,W,0.0,0.0,0.0,69.34,5999.99,0.0,0.0
2026-09-17T08:15:00Z,2026-09-17T01:15:00-07:00,Brambley,10.89,10.89,10.43,97.0,1010.43,1017.91,0.0,0.0,0.0,264.0,W,0.0,0.0,0.0,69.34,5999.99,0.0,0.0
2026-09-17T08:20:00Z,2026-09-17T01:20:00-07:00,Brambley,10.61,10.61,10.16,97.0,1010.43,1017.91,0.0,0.0,0.0,264.0,W,0.0,0.0,0.0,69.34,5999.99,0.0,0.0
2026-09-17T08:25:00Z,2026-09-17T01:25:00-07:00,Brambley,10.61,10.61,10.16,97.0,1010.53,1018.02,0.0,0.0,0.0,264.0,W,0.0,0.0,0.0,69.34,5999.99,0.0,0.0
2026-09-17T08:30:00Z,2026-09-17T01:30:00-07:00,Brambley,10.78,10.78,10.47,98.0,1010.33,1017.81,0.0,0.0,0.0,266.0,W,0.0,0.0,0.0,69.34,5999.99,0.0,0.0
2026-09-17T08:35:00Z,2026-09-17T01:35:00-07:00,Brambley,10.89,10.89,10.58,98.0,1010.33,1017.81,0.0,0.0,0.0,265.0,W,0.0,0.0,0.0,69.34,5999.99,0.0,0.0
2026-09-17T08:40:00Z,2026-09-17T01:40:00-07:00,Brambley,10.78,10.78,10.47,98.0,1010.43,1017.91,0.0,0.0,0.0,265.0,W,0.0,0.0,0.0,69.34,5999.99,0.0,0.0
2026-09-17T08:45:00Z,2026-09-17T01:45:00-07:00,Brambley,10.72,10.72,10.42,98.0,1010.43,1017.91,0.0,0.0,0.0,265.0,W,0.0,0.0,0.0,69.34,5999.99,0.0,0.0
2026-09-17T08:50:00Z,2026-09-17T01:50:00-07:00,Brambley,10.72,10.72,10.42,98.0,1010.43,1017.91,0.0,0.0,0.0,265.0,W,0.0,0.0,0.0,69.34,5999.99,0.0,0.0
2026-09-17T08:55:00Z,2026-09-17T01:55:00-07:00,Brambley,10.5,10.5,10.19,98.0,1010.23,1017.71,0.0,0.0,0.0,265.0,W,0.0,0.0,0.0,69.34,5999.99,0.0,0.0
2026-09-17T09:00:00Z,2026-09-17T02:00:00-07:00,Brambley,10.5,10.5,10.19,98.0,1010.43,1017.91,0.0,0.0,0.0,265.0,W,0.0,0.0,0.0,69.34,5999.99,0.0,0.0
2026-09-17T09:05:00Z,2026-09-17T02:05:00-07:00,Brambley,10.39,10.39,10.09,98.0,1010.23,1017.71,0.0,0.0,0.0,265.0,W,0.0,0.0,0.0,69.34,5999.99,0.0,0.0
2026-09-17T09:10:00Z,2026-09-17T02:10:00-07:00,Brambley,10.5,10.5,10.19,98.0,1010.33,1017.81,0.0,0.0,0.0,265.0,W,0.0,0.0,0.0,69.34,5999.99,0.0,0.0
2026-09-17T09:15:00Z,2026-09-17T02:15:00-07:00,Brambley,10.39,10.39,10.09,98.0,1010.43,1017.91,0.0,0.0,0.0,265.0,W,0.0,0.0,0.0,69.34,5999.99,0.0,0.0
2026-09-17T09:20:00Z,2026-09-17T02:20:00-07:00,Brambley,10.5,10.5,10.19,98.0,1010.23,1017.71,0.0,0.0,0.0,265.0,W,0.0,0.0,0.0,69.34,5999.99,0.0,0.0
2026-09-17T09:25:00Z,2026-09-17T02:25:00-07:00,Brambley,10.61,10.61,10.31,98.0,1010.33,1017.81,0.0,0.0,0.0,265.0,W,0.0,0.0,0.0,69.34,5999.99,0.0,0.0
2026-09-17T09:30:00Z,2026-09-17T02:30:00-07:00,Brambley,10.39,10.39,10.09,98.0,1010.43,1017.91,0.0,0.0,0.0,265.0,W,0.0,0.0,0.0,69.34,5999.99,0.0,0.0
2026-09-17T09:35:00Z,2026-09-17T02:35:00-07:00,Brambley,10.39,10.39,10.09,98.0,1010.43,1017.91,0.0,0.0,0.0,265.0,W,0.0,0.0,0.0,69.34,5999.99,0.0,0.0
2026-09-17T09:40:00Z,2026-09-17T02:40:00-07:00,Brambley,10.28,10.28,9.98,98.0,1010.23,1017.71,0.0,0.0,0.0,265.0,W,0.0,0.0,0.0,69.34,5999.99,0.0,0.0
2026-09-17T09:45:00Z,2026-09-17T02:45:00-07:00,Brambley,10.22,10.22,9.92,98.0,1010.23,1017.71,0.0,0.0,0.0,265.0,W,0.0,0.0,0.0,69.34,5999.99,0.0,0.0
2026-09-17T09:50:00Z,2026-09-17T02:50:00-07:00,Brambley,10.0,10.0,9.7,98.0,1010.33,1017.81,0.0,0.0,0.0,265.0,W,0.0,0.0,0.0,69.34,5999.99,0.0,0.0
2026-09-17T09:55:00Z,2026-09-17T02:55:00-07:00,Brambley,9.89,9.89,9.59,98.0,1010.23,1017.71,0.0,0.0,0.0,265.0,W,0.0,0.0,0.0,69.34,5999.99,0.0,0.0
2026-09-17T10:00:00Z,2026-09-17T03:00:00-07:00,Brambley,10.22,10.22,9.92,98.0,1010.13,1017.61,0.0,0.0,0.0,265.0,W,0.0,0.0,0.0,69.34,5999.99,0.0,0.0
2026-09-17T10:05:00Z,2026-09-17T03:05:00-07:00,Brambley,10.28,10.28,9.98,98.0,1010.13,1017.61,0.0,0.0,0.0,265.0,W,0.0,0.0,0.0,69.34,5999.99,0.0,0.0
2026-09-17T10:10:00Z,2026-09-17T03:10:00-07:00,Brambley,10.11,10.11,9.81,98.0,1010.13,1017.61,0.0,0.0,0.0,265.0,W,0.0,0.0,0.0,69.34,5999.99,0.0,0.0
2026-09-17T10:15:00Z,2026-09-17T03:15:00-07:00,Brambley,10.0,10.0,9.7,98.0,1010.23,1017.71,0.0,0.0,0.0,265.0,W,0.0,0.0,0.0,69.34,5999.99,0.0,0.0
2026-09-17T10:20:00Z,2026-09-17T03:20:00-07:00,Brambley,10.11,10.11,9.81,98.0,1010.13,1017.61,0.0,0.0,0.0,265.0,W,0.0,0.0,0.0,69.34,5999.99,0.0,0.0
2026-09-17T10:25:00Z,2026-09-17T03:25:00-07:00,Brambley,10.0,10.0,9.7,98.0,1010.33,1017.81,0.0,0.0,0.0,265.0,W,0.0,0.0,0.0,69.34,5999.99,0.0,0.0
2026-09-17T10:30:00Z,2026-09-17T03:30:00-07:00,Brambley,10.11,10.11,9.81,98.0,1010.63,1018.12,0.0,0.0,0.0,265.0,W,0.0,0.0,0.0,69.34,5999.99,0.0,0.0
2026-09-17T10:35:00Z,2026-09-17T03:35:00-07:00,Brambley,10.11,10.11,9.81,98.0,1010.33,1017.81,0.0,0.0,0.0,265.0,W,0.0,0.0,0.0,69.34,5999.99,0.0,0.0
2026-09-17T10:40:00Z,2026-09-17T03:40:00-07:00,Brambley,10.0,10.0,9.7,98.0,1010.53,1018.02,0.0,0.0,0.0,265.0,W,0.0,0.0,0.0,69.34,5999.99,0.0,0.0
2026-09-17T10:45:00Z,2026-09-17T03:45:00-07:00,Brambley,9.89,9.89,9.59,98.0,1010.33,1017.81,0.0,0.0,0.0,265.0,W,0.0,0.0,0.0,69.34,5999.99,0.0,0.0
2026-09-17T10:50:00Z,2026-09-17T03:50:00-07:00,Brambley,9.89,9.89,9.74,99.0,1010.43,1017.91,0.0,0.0,0.0,265.0,W,0.0,0.0,0.0,69.34,5999.99,0.0,0.0
2026-09-17T10:55:00Z,2026-09-17T03:55:00-07:00,Brambley,9.89,9.89,9.74,99.0,1010.23,1017.71,0.0,0.0,0.0,265.0,W,0.0,0.0,0.0,69.34,5999.99,0.0,0.0
2026-09-17T11:00:00Z,2026-09-17T04:00:00-07:00,Brambley,9.78,9.78,9.63,99.0,1010.53,1018.02,0.0,0.0,0.0,265.0,W,0.0,0.0,0.0,69.34,5999.99,0.0,0.0
2026-09-17T11:05:00Z,2026-09-17T04:05:00-07:00,Brambley,10.0,10.0,9.85,99.0,1010.43,1017.91,0.0,0.0,0.0,265.0,W,0.0,0.0,0.0,69.34,5999.99,0.0,0.0
2026-09-17T11:10:00Z,2026-09-17T04:10:00-07:00,Brambley,10.0,10.0,9.85,99.0,1010.43,1017.91,0.0,0.0,0.0,265.0,W,0.0,0.0,0.0,69.34,5999.99,0.0,0.0
2026-09-17T11:15:00Z,2026-09-17T04:15:00-07:00,Brambley,10.22,10.22,10.07,99.0,1010.53,1018.02,0.0,0.0,0.0,265.0,W,0.0,0.0,0.0,69.34,5999.99,0.0,0.0
2026-09-17T11:20:00Z,2026-09-17T04:20:00-07:00,Brambley,10.22,10.22,10.07,99.0,1010.33,1017.81,0.0,0.0,0.0,265.0,W,0.0,0.0,0.0,69.34,5999.99,0.0,0.0
2026-09-17T11:25:00Z,2026-09-17T04:25:00-07:00,Brambley,10.28,10.28,10.13,99.0,1010.43,1017.91,0.0,0.0,0.0,265.0,W,0.0,0.0,0.0,69.34,5999.99,0.0,0.0
2026-09-17T11:30:00Z,2026-09-17T04:30:00-07:00,Brambley,10.28,10.28,10.13,99.0,1010.33,1017.81,0.0,0.0,0.0,265.0,W,0.0,0.0,0.0,69.34,5999.99,0.0,0.0
2026-09-17T11:35:00Z,2026-09-17T04:35:00-07:00,Brambley,10.11,10.11,9.96,99.0,1010.13,1017.61,0.0,0.0,0.0,265.0,W,0.0,0.0,0.0,69.34,5999.99,0.0,0.0
2026-09-17T11:40:00Z,2026-09-17T04:40:00-07:00,Brambley,9.78,9.78,9.63,99.0,1010.23,1017.71,0.0,0.0,0.0,265.0,W,0.0,0.0,0.0,69.34,5999.99,0.0,0.0
2026-09-17T11:45:00Z,2026-09-17T04:45:00-07:00,Brambley,9.61,9.61,9.46,99.0,1010.33,1017.81,0.0,0.0,0.0,265.0,W,0.0,0.0,0.0,69.34,5999.99,0.0,0.0
2026-09-17T11:50:00Z,2026-09-17T04:50:00-07:00,Brambley,9.5,9.5,9.35,99.0,1010.33,1017.81,0.0,0.0,0.0,265.0,W,0.0,0.0,0.0,69.34,5999.99,0.0,0.0
2026-09-17T11:55:00Z,2026-09-17T04:55:00-07:00,Brambley,9.78,9.78,9.63,99.0,1010.23,1017.71,0.0,0.0,0.0,265.0,W,0.0,0.0,0.0,69.34,5999.99,0.0,0.0
2026-09-17T12:00:00Z,2026-09-17T05:00:00-07:00,Brambley,9.78,9.78,9.63,99.0,1010.23,1017.71,0.0,0.0,0.0,265.0,W,0.0,0.0,0.0,69.34,5999.99,0.0,0.0
2026-09-17T12:05:00Z,2026-09-17T05:05:00-07:00,Brambley,9.89,9.89,9.74,99.0,1010.33,1017.81,0.0,0.0,0.0,265.0,W,0.0,0.0,0.0,69.34,5999.99,0.0,0.0
2026-09-17T12:10:00Z,2026-09-17T05:10:00-07:00,Brambley,9.78,9.78,9.63,99.0,1010.43,1017.91,0.0,0.0,0.0,265.0,W,0.0,0.0,0.0,69.34,5999.99,0.0,0.0
2026-09-17T12:15:00Z,2026-09-17T05:15:00-07:00,Brambley,9.39,9.39,9.24,99.0,1010.23,1017.71,0.0,0.0,0.0,265.0,W,0.0,0.0,0.0,69.34,5999.99,0.0,0.0
2026-09-17T12:20:00Z,2026-09-17T05:20:00-07:00,Brambley,9.22,9.22,9.07,99.0,1010.33,1017.81,0.0,0.0,0.0,265.0,W,0.0,0.0,0.0,69.34,5999.99,0.0,0.0
2026-09-17T12:25:00Z,2026-09-17T05:25:00-07:00,Brambley,9.39,9.39,9.24,99.0,1010.23,1017.71,0.0,0.0,0.0,265.0,W,0.0,0.0,0.0,69.34,5999.99,0.0,0.0
2026-09-17T12:30:00Z,2026-09-17T05:30:00-07:00,Brambley,9.39,9.39,9.24,99.0,1010.43,1017.91,0.0,0.0,0.0,265.0,W,0.0,0.0,0.0,69.34,5999.99,0.0,0.0
2026-09-17T12:35:00Z,2026-09-17T05:35:00-07:00,Brambley,9.39,9.39,9.24,99.0,1010.23,1017.71,0.0,0.0,0.0,265.0,W,0.0,0.0,0.0,69.34,5999.99,0.0,0.0
2026-09-17T12:40:00Z,2026-09-17T05:40:00-07:00,Brambley,9.28,9.28,9.13,99.0,1010.23,1017.71,0.0,0.0,0.0,265.0,W,0.0,0.0,0.0,69.34,5999.99,0.0,0.0
2026-09-17T12:45:00Z,2026-09-17T05:45:00-07:00,Brambley,9.22,9.22,9.07,99.0,1010.13,1017.61,0.0,0.0,0.0,265.0,W,0.0,0.0,0.0,69.34,5999.99,0.0,0.0
2026-09-17T12:50:00Z,2026-09-17T05:50:00-07:00,Brambley,9.22,9.22,9.07,99.0,1010.13,1017.61,0.0,0.0,0.0,265.0,W,0.0,0.0,0.0,69.34,5999.99,0.0,0.0
2026-09-17T12:55:00Z,2026-09-17T05:55:00-07:00,Brambley,9.22,9.22,9.07,99.0,1010.33,1017.81,0.0,0.0,0.0,265.0,W,0.0,0.0,0.0,69.34,5999.99,0.0,0.0
2026-09-17T13:00:00Z,2026-09-17T06:00:00-07:00,Brambley,9.11,9.11,8.96,99.0,1010.13,1017.61,0.0,0.0,0.0,265.0,W,0.0,0.0,0.0,69.34,5999.99,0.0,0.0
2026-09-17T13:05:00Z,2026-09-17T06:05:00-07:00,Brambley,9.28,9.28,9.13,99.0,1010.23,1017.71,0.0,0.0,0.0,265.0,W,0.0,0.0,0.0,69.34,5999.99,0.0,0.0
2026-09-17T13:10:00Z,2026-09-17T06:10:00-07:00,Brambley,9.28,9.28,9.13,99.0,1010.33,1017.81,0.0,0.0,0.0,265.0,W,0.0,0.0,0.0,69.34,5999.99,0.0,0.0
2026-09-17T13:15:00Z,2026-09-17T06:15:00-07:00,Brambley,9.22,9.22,9.07,99.0,1010.33,1017.81,0.0,0.0,0.0,265.0,W,0.0,0.0,0.0,69.34,5999.99,0.0,0.0
2026-09-17T13:20:00Z,2026-09-17T06:20:00-07:00,Brambley,9.22,9.22,9.07,99.0,1010.13,1017.61,0.0,0.0,0.0,265.0,W,0.0,0.0,0.0,69.34,5999.99,0.0,0.0
2026-09-17T13:25:00Z,2026-09-17T06:25:00-07:00,Brambley,9.22,9.22,9.07,99.0,1010.53,1018.02,0.0,0.0,0.0,265.0,W,0.0,0.0,0.0,69.34,5999.99,0.0,0.0
2026-09-17T13:30:00Z,2026-09-17T06:30:00-07:00,Brambley,9.11,9.11,8.96,99.0,1010.02,1017.54,0.0,0.0,0.0,265.0,W,0.0,0.0,0.0,69.34,5999.99,0.02,0.0
2026-09-17T13:35:00Z,2026-09-17T06:35:00-07:00,Brambley,9.22,9.22,9.07,99.0,1010.02,1017.54,0.0,0.0,0.0,265.0,W,0.0,0.0,0.0,69.34,5999.99,0.06,0.0
2026-09-17T13:40:00Z,2026-09-17T06:40:00-07:00,Brambley,9.61,9.61,9.46,99.0,1010.23,1017.71,0.0,0.0,0.0,265.0,W,0.0,0.0,0.0,69.34,5999.99,0.17,0.0
2026-09-17T13:45:00Z,2026-09-17T06:45:00-07:00,Brambley,9.5,9.5,9.35,99.0,1010.33,1017.81,0.0,0.0,0.0,265.0,W,0.0,0.0,0.0,69.34,5999.99,0.41,0.0
2026-09-17T13:50:00Z,2026-09-17T06:50:00-07:00,Brambley,10.0,10.0,9.85,99.0,1010.23,1017.71,0.0,0.0,0.0,265.0,W,0.0,0.0,0.0,69.34,5999.99,0.86,0.0
2026-09-17T13:55:00Z,2026-09-17T06:55:00-07:00,Brambley,9.72,9.72,9.57,99.0,1010.23,1017.71,0.0,0.0,0.0,265.0,W,0.0,0.0,0.0,69.34,5999.99,1.59,0.0
2026-09-17T14:00:00Z,2026-09-17T07:00:00-07:00,Brambley,9.5,9.5,9.35,99.0,1010.02,1017.54,0.0,0.0,0.0,265.0,W,0.0,0.0,0.0,69.34,5999.99,2.56,0.0
2026-09-17T14:05:00Z,2026-09-17T07:05:00-07:00,Brambley,9.61,9.61,9.46,99.0,1010.23,1017.71,0.0,0.0,0.0,265.0,W,0.0,0.0,0.0,69.34,5999.99,3.72,0.0
2026-09-17T14:10:00Z,2026-09-17T07:10:00-07:00,Brambley,9.89,9.89,9.74,99.0,1010.33,1017.81,0.0,0.0,0.0,265.0,W,0.0,0.0,0.0,69.34,5999.99,5.15,0.0
2026-09-17T14:15:00Z,2026-09-17T07:15:00-07:00,Brambley,9.89,9.89,9.74,99.0,1010.23,1017.71,0.0,0.0,0.0,265.0,W,0.0,0.0,0.0,69.34,5999.99,6.69,0.0
2026-09-17T14:20:00Z,2026-09-17T07:20:00-07:00,Brambley,10.0,10.0,9.85,99.0,1010.23,1017.71,0.0,0.0,0.0,265.0,W,0.0,0.0,0.0,69.34,5999.99,8.24,0.0
2026-09-17T14:25:00Z,2026-09-17T07:25:00-07:00,Brambley,10.11,10.11,9.96,99.0,1010.02,1017.54,0.0,0.0,0.0,265.0,W,0.0,0.0,0.0,69.34,5999.99,9.67,0.0
2026-09-17T14:30:00Z,2026-09-17T07:30:00-07:00,Brambley,10.72,10.72,10.57,99.0,1010.23,1017.71,0.0,0.0,0.0,265.0,W,0.0,0.0,0.0,69.34,5999.99,11.13,0.0
2026-09-17T14:35:00Z,2026-09-17T07:35:00-07:00,Brambley,10.5,10.5,10.35,99.0,1010.23,1017.71,0.0,0.0,0.0,265.0,W,0.0,0.0,0.0,69.34,5999.99,12.52,0.0
2026-09-17T14:40:00Z,2026-09-17T07:40:00-07:00,Brambley,10.61,10.61,10.46,99.0,1010.43,1017.91,0.0,0.0,0.0,265.0,W,0.0,0.0,0.0,69.34,5999.99,13.75,0.0
2026-09-17T14:45:00Z,2026-09-17T07:45:00-07:00,Brambley,10.78,10.78,10.63,99.0,1010.33,1017.81,0.0,0.0,0.0,265.0,W,0.0,0.0,0.0,69.34,5999.99,15.05,0.0
2026-09-17T14:50:00Z,2026-09-17T07:50:00-07:00,Brambley,11.28,11.28,11.13,99.0,1010.53,1018.02,0.0,0.0,0.0,265.0,W,0.0,0.0,0.0,69.34,5999.99,16.0,0.0
2026-09-17T14:55:00Z,2026-09-17T07:55:00-07:00,Brambley,11.39,11.39,11.24,99.0,1010.53,1018.02,0.0,0.0,0.0,265.0,W,0.0,0.0,0.0,69.34,5999.99,16.99,0.0
2026-09-17T15:00:00Z,2026-09-17T08:00:00-07:00,Brambley,11.28,11.28,11.13,99.0,1010.63,1018.12,0.0,0.0,0.0,265.0,W,0.0,0.0,0.0,69.34,5999.99,17.95,0.0
2026-09-17T15:05:00Z,2026-09-17T08:05:00-07:00,Brambley,11.39,11.39,11.24,99.0,1010.43,1017.91,0.0,0.0,0.0,265.0,W,0.0,0.0,0.0,69.34,5999.99,18.77,0.0
2026-09-17T15:10:00Z,2026-09-17T08:10:00-07:00,Brambley,11.61,11.61,11.46,99.0,1010.43,1017.91,0.0,0.0,0.0,265.0,W,0.0,0.0,0.0,69.34,5999.99,19.61,0.0
2026-09-17T15:15:00Z,2026-09-17T08:15:00-07:00,Brambley,11.78,11.78,11.63,99.0,1010.53,1018.02,0.0,0.0,0.0,265.0,W,0.0,0.0,0.0,69.34,5999.99,20.39,0.0
2026-09-17T15:20:00Z,2026-09-17T08:20:00-07:00,Brambley,12.11,12.11,11.96,99.0,1010.63,1018.12,0.0,0.0,0.0,265.0,W,0.0,0.0,0.0,69.34,5999.99,21.13,0.0
2026-09-17T15:25:00Z,2026-09-17T08:25:00-07:00,Brambley,12.0,12.0,11.85,99.0,1010.63,1018.12,0.0,0.0,0.0,265.0,W,0.0,0.0,0.0,69.34,5999.99,21.8,0.0
2026-09-17T15:30:00Z,2026-09-17T08:30:00-07:00,Brambley,12.11,12.11,11.96,99.0,1010.53,1018.02,0.0,0.0,0.0,265.0,W,0.0,0.0,0.0,69.34,5999.99,22.54,0.0
2026-09-17T15:35:00Z,2026-09-17T08:35:00-07:00,Brambley,12.28,12.28,12.12,99.0,1010.23,1017.71,0.0,0.0,0.0,265.0,W,0.0,0.0,0.0,69.34,5999.99,23.18,0.0
2026-09-17T15:40:00Z,2026-09-17T08:40:00-07:00,Brambley,12.28,12.28,12.12,99.0,1010.33,1017.81,0.0,0.0,0.0,265.0,W,0.0,0.0,0.0,69.34,5999.99,23.69,0.0
2026-09-17T15:45:00Z,2026-09-17T08:45:00-07:00,Brambley,12.5,12.5,12.34,99.0,1010.53,1018.02,0.0,0.0,0.0,265.0,W,0.0,0.0,0.0,69.34,5999.99,25.2,0.0
2026-09-17T15:50:00Z,2026-09-17T08:50:00-07:00,Brambley,12.72,12.72,12.57,99.0,1010.33,1017.81,0.0,0.0,0.0,265.0,W,0.0,0.0,0.0,69.34,5999.99,24.81,0.0
2026-09-17T15:55:00Z,2026-09-17T08:55:00-07:00,Brambley,12.89,12.89,12.73,99.0,1010.43,1017.91,0.0,0.0,0.0,265.0,W,0.0,0.0,0.0,69.34,5999.99,25.41,0.0
2026-09-17T16:00:00Z,2026-09-17T09:00:00-07:00,Brambley,12.89,12.89,12.73,99.0,1010.33,1017.81,0.0,0.0,0.0,265.0,W,0.0,0.0,0.0,69.34,5999.99,26.0,0.0
2026-09-17T16:05:00Z,2026-09-17T09:05:00-07:00,Brambley,13.22,13.22,13.07,99.0,1010.13,1017.61,0.0,0.0,0.0,265.0,W,0.0,0.0,0.0,69.34,5999.99,26.54,0.0
2026-09-17T16:10:00Z,2026-09-17T09:10:00-07:00,Brambley,13.28,13.28,13.12,99.0,1010.33,1017.81,0.0,0.0,0.0,265.0,W,0.0,0.0,0.0,69.34,5999.99,28.41,0.0
2026-09-17T16:15:00Z,2026-09-17T09:15:00-07:00,Brambley,13.39,13.39,13.23,99.0,1010.13,1017.61,0.0,0.0,0.0,266.0,W,0.0,0.0,0.0,69.34,5999.99,27.88,0.0
2026-09-17T16:20:00Z,2026-09-17T09:20:00-07:00,Brambley,13.5,13.5,13.34,99.0,1010.23,1017.71,0.0,0.0,0.0,266.0,W,0.0,0.0,0.0,69.34,5999.99,28.45,0.0
2026-09-17T16:25:00Z,2026-09-17T09:25:00-07:00,Brambley,13.78,13.78,13.62,99.0,1010.23,1017.71,0.0,0.0,0.0,265.0,W,0.0,0.0,0.0,69.34,5999.99,125.06,1.0
2026-09-17T16:30:00Z,2026-09-17T09:30:00-07:00,Brambley,14.39,14.39,14.23,99.0,1010.13,1017.61,0.0,0.0,0.0,265.0,W,0.0,0.0,0.0,69.34,5999.99,35.04,0.0
2026-09-17T16:35:00Z,2026-09-17T09:35:00-07:00,Brambley,14.61,14.61,14.46,99.0,1010.23,1017.71,0.0,0.0,0.0,265.0,W,0.0,0.0,0.0,69.34,5999.99,31.03,0.0
2026-09-17T16:40:00Z,2026-09-17T09:40:00-07:00,Brambley,14.39,14.39,14.23,99.0,1010.33,1017.81,0.0,0.0,0.0,265.0,W,0.0,0.0,0.0,69.34,5999.99,122.11,1.0
2026-09-17T16:45:00Z,2026-09-17T09:45:00-07:00,Brambley,14.89,14.89,14.73,99.0,1010.13,1017.61,0.0,0.0,0.0,265.0,W,0.0,0.0,0.0,69.34,5999.99,41.22,0.0
2026-09-17T16:50:00Z,2026-09-17T09:50:00-07:00,Brambley,14.72,14.72,14.57,99.0,1010.23,1017.71,0.0,0.0,0.0,265.0,W,0.0,0.0,0.0,69.34,5999.99,32.13,0.0
2026-09-17T16:55:00Z,2026-09-17T09:55:00-07:00,Brambley,14.78,14.78,14.62,99.0,1010.43,1017.91,1.13,1.91,1.91,240.0,WSW,0.0,0.0,0.0,69.34,5999.99,33.9,0.0
2026-09-17T17:00:00Z,2026-09-17T10:00:00-07:00,Brambley,15.0,15.0,14.84,99.0,1010.43,1017.91,1.39,1.91,2.95,229.0,SW,0.0,0.0,0.0,69.34,5999.99,50.7,0.0
2026-09-17T17:05:00Z,2026-09-17T10:05:00-07:00,Brambley,15.22,15.22,14.91,98.0,1010.53,1018.02,0.0,0.0,2.95,244.0,WSW,0.0,0.0,0.0,69.34,5999.99,47.6,0.0
2026-09-17T17:10:00Z,2026-09-17T10:10:00-07:00,Brambley,15.39,15.39,14.92,97.0,1010.33,1017.81,0.0,0.0,2.95,236.0,SW,0.0,0.0,0.0,69.34,5999.99,296.59,2.0
2026-09-17T17:15:00Z,2026-09-17T10:15:00-07:00,Brambley,15.61,15.61,15.13,97.0,1010.53,1018.02,1.13,1.91,2.95,235.0,SW,0.0,0.0,0.0,69.34,5999.99,331.83,3.0
2026-09-17T17:20:00Z,2026-09-17T10:20:00-07:00,Brambley,15.72,15.72,15.08,96.0,1010.63,1018.12,0.61,0.96,2.95,243.0,WSW,0.0,0.0,0.0,69.34,5999.99,351.12,3.0
2026-09-17T17:25:00Z,2026-09-17T10:25:00-07:00,Brambley,16.11,16.11,15.31,95.0,1010.33,1017.81,1.56,1.91,2.95,238.0,WSW,0.0,0.0,0.0,69.34,5999.99,85.99,0.0
2026-09-17T17:30:00Z,2026-09-17T10:30:00-07:00,Brambley,16.39,16.39,15.25,93.0,1010.53,1018.02,1.91,1.91,2.95,249.0,WSW,0.0,0.0,0.0,69.34,5999.99,367.55,3.0
2026-09-17T17:35:00Z,2026-09-17T10:35:00-07:00,Brambley,16.5,16.5,15.02,91.0,1010.53,1018.02,1.91,1.91,2.95,239.0,WSW,0.0,0.0,0.0,69.34,5999.99,126.34,1.0
2026-09-17T17:40:00Z,2026-09-17T10:40:00-07:00,Brambley,16.78,16.78,15.13,90.0,1010.53,1018.02,1.39,1.91,2.95,245.0,WSW,0.0,0.0,0.0,69.34,5999.99,120.72,1.0
2026-09-17T17:45:00Z,2026-09-17T10:45:00-07:00,Brambley,17.22,17.22,15.22,88.0,1010.63,1018.12,0.35,0.96,2.95,241.0,WSW,0.0,0.0,0.0,69.34,5999.99,401.48,3.0
2026-09-17T17:50:00Z,2026-09-17T10:50:00-07:00,Brambley,17.72,17.72,15.35,86.0,1010.53,1018.02,2.17,2.95,2.95,242.0,WSW,0.0,0.0,0.0,69.34,5999.99,88.91,0.0
2026-09-17T17:55:00Z,2026-09-17T10:55:00-07:00,Brambley,17.78,17.78,15.22,85.0,1010.63,1018.12,0.0,0.0,2.95,246.0,WSW,0.0,0.0,0.0,69.34,5999.99,109.4,1.0
2026-09-17T18:00:00Z,2026-09-17T11:00:00-07:00,Brambley,18.28,18.28,15.34,83.0,1010.74,1018.22,1.13,1.91,2.95,244.0,WSW,0.0,0.0,0.0,69.34,5999.99,199.25,1.0
2026-09-17T18:05:00Z,2026-09-17T11:05:00-07:00,Brambley,18.78,18.78,15.64,82.0,1011.04,1018.52,1.13,1.91,2.95,230.0,SW,0.0,0.0,0.0,69.34,5999.99,354.03,3.0
2026-09-17T18:10:00Z,2026-09-17T11:10:00-07:00,Brambley,18.89,18.89,15.56,81.0,1010.84,1018.32,0.61,0.96,2.95,235.0,SW,0.0,0.0,0.0,69.34,5999.99,475.41,4.0
2026-09-17T18:15:00Z,2026-09-17T11:15:00-07:00,Brambley,19.11,19.11,15.58,80.0,1010.84,1018.32,1.39,1.91,2.95,237.0,WSW,0.0,0.0,0.0,69.34,5999.99,314.85,3.0
2026-09-17T18:20:00Z,2026-09-17T11:20:00-07:00,Brambley,19.11,19.11,15.58,80.0,1010.94,1018.42,1.91,2.95,2.95,236.0,SW,0.0,0.0,0.0,69.34,5999.99,238.84,2.0
2026-09-17T18:25:00Z,2026-09-17T11:25:00-07:00,Brambley,19.11,19.11,15.58,80.0,1010.74,1018.22,0.0,0.0,2.95,241.0,WSW,0.0,0.0,0.0,69.34,5999.99,93.0,0.0
2026-09-17T18:30:00Z,2026-09-17T11:30:00-07:00,Brambley,18.61,18.61,15.09,80.0,1010.94,1018.42,3.48,3.91,5.04,237.0,WSW,0.0,0.0,0.0,69.34,5999.99,91.9,0.0
2026-09-17T18:35:00Z,2026-09-17T11:35:00-07:00,Brambley,18.5,18.5,14.98,80.0,1010.84,1018.32,2.17,2.95,5.04,229.0,SW,0.0,0.0,0.0,69.34,5999.99,47.15,0.0
2026-09-17T18:40:00Z,2026-09-17T11:40:00-07:00,Brambley,19.0,19.0,15.47,80.0,1010.74,1018.22,0.17,0.96,5.04,244.0,WSW,0.0,0.0,0.0,69.34,5999.99,63.27,0.0
2026-09-17T18:45:00Z,2026-09-17T11:45:00-07:00,Brambley,18.72,18.72,15.19,80.0,1010.74,1018.22,1.91,2.95,5.04,221.0,SW,0.0,0.0,0.0,69.34,5999.99,55.85,0.0
2026-09-17T18:50:00Z,2026-09-17T11:50:00-07:00,Brambley,18.89,18.89,14.77,77.0,1010.53,1018.02,2.95,2.95,5.04,227.0,SW,0.0,0.0,0.0,69.34,5999.99,39.77,0.0
2026-09-17T18:55:00Z,2026-09-17T11:55:00-07:00,Brambley,19.28,19.28,14.73,75.0,1011.04,1018.52,1.74,1.91,5.04,246.0,WSW,0.0,0.0,0.0,69.34,5999.99,45.56,0.0
2026-09-17T19:00:00Z,2026-09-17T12:00:00-07:00,Brambley,19.72,19.72,14.74,73.0,1010.74,1018.22,2.52,2.95,5.04,250.0,WSW,0.0,0.0,0.0,69.34,5999.99,98.23,0.0
2026-09-17T19:05:00Z,2026-09-17T12:05:00-07:00,Brambley,20.11,20.08,15.12,73.0,1010.74,1018.22,3.91,5.04,5.04,236.0,SW,0.0,0.0,0.0,69.34,5999.99,142.87,1.0
2026-09-17T19:10:00Z,2026-09-17T12:10:00-07:00,Brambley,19.72,19.72,14.53,72.0,1010.84,1018.32,3.3,3.91,6.0,237.0,WSW,0.0,0.0,0.0,69.34,5999.99,178.9,1.0
2026-09-17T19:15:00Z,2026-09-17T12:15:00-07:00,Brambley,20.0,20.0,15.01,73.0,1010.74,1018.22,3.13,3.91,6.0,245.0,WSW,0.0,0.0,0.0,69.34,5999.99,275.82,2.0
2026-09-17T19:21:00Z,2026-09-17T12:21:00-07:00,Brambley,20.11,20.06,14.9,72.0,1010.74,1018.22,3.48,3.91,6.0,247.0,WSW,0.0,0.0,0.0,69.34,5999.99,85.33,0.0
2026-09-17T19:25:00Z,2026-09-17T12:25:00-07:00,Brambley,20.11,20.06,14.9,72.0,1010.84,1018.32,1.39,1.91,6.0,232.0,SW,0.0,0.0,0.0,69.34,5999.99,327.71,3.0
2026-09-17T19:30:00Z,2026-09-17T12:30:00-07:00,Brambley,20.5,20.41,14.61,69.0,1010.84,1018.32,2.95,3.91,6.0,242.0,WSW,0.0,0.0,0.0,69.34,5999.99,534.78,5.0
2026-09-17T19:35:00Z,2026-09-17T12:35:00-07:00,Brambley,20.89,20.81,14.76,68.0,1010.63,1018.12,3.3,3.91,6.0,246.0,WSW,0.0,0.0,0.0,69.34,5999.99,524.86,5.0
2026-09-17T19:40:00Z,2026-09-17T12:40:00-07:00,Brambley,21.11,21.03,14.74,67.0,1010.63,1018.12,3.13,3.91,6.0,259.0,W,0.0,0.0,0.0,69.34,5999.99,369.13,3.0
2026-09-17T19:45:00Z,2026-09-17T12:45:00-07:00,Brambley,21.22,21.12,14.61,66.0,1010.63,1018.12,3.91,5.04,6.0,245.0,WSW,0.0,0.0,0.0,69.34,5999.99,314.03,3.0
2026-09-17T19:50:00Z,2026-09-17T12:50:00-07:00,Brambley,21.28,21.18,14.66,66.0,1010.63,1018.12,1.74,1.91,6.0,223.0,SW,0.0,0.0,0.0,69.34,5999.99,545.65,5.0
2026-09-17T19:55:00Z,2026-09-17T12:55:00-07:00,Brambley,21.39,21.36,15.23,68.0,1010.43,1017.91,3.74,5.04,6.0,219.0,SW,0.0,0.0,0.0,69.34,5999.99,545.67,5.0
2026-09-17T20:00:00Z,2026-09-17T13:00:00-07:00,Brambley,21.11,21.13,15.64,71.0,1010.43,1017.91,3.74,5.04,6.0,248.0,WSW,0.0,0.0,0.0,69.34,5999.99,545.69,5.0
2026-09-17T20:05:00Z,2026-09-17T13:05:00-07:00,Brambley,20.72,20.65,14.82,69.0,1010.43,1017.91,3.91,5.04,7.04,254.0,WSW,0.0,0.0,0.0,69.34,5999.99,545.59,5.0
2026-09-17T20:10:00Z,2026-09-17T13:10:00-07:00,Brambley,20.89,20.68,13.58,63.0,1010.63,1018.12,3.48,3.91,7.04,237.0,WSW,0.0,0.0,0.0,69.34,5999.99,545.7,5.0
2026-09-17T20:15:00Z,2026-09-17T13:15:00-07:00,Brambley,21.39,21.2,13.8,62.0,1010.53,1018.02,3.3,3.91,7.04,238.0,WSW,0.0,0.0,0.0,69.34,5999.99,545.77,5.0
2026-09-17T20:20:00Z,2026-09-17T13:20:00-07:00,Brambley,21.72,21.65,14.84,65.0,1010.53,1018.02,2.52,3.91,7.04,251.0,WSW,0.0,0.0,0.0,69.34,5999.99,545.76,5.0
2026-09-17T20:25:00Z,2026-09-17T13:25:00-07:00,Brambley,21.72,21.62,14.61,64.0,1010.43,1017.91,3.74,5.04,7.04,250.0,WSW,0.0,0.0,0.0,69.34,5999.99,543.24,5.0
2026-09-17T20:30:00Z,2026-09-17T13:30:00-07:00,Brambley,21.89,21.81,14.77,64.0,1010.43,1017.91,3.48,3.91,7.04,237.0,WSW,0.0,0.0,0.0,69.34,5999.99,540.24,5.0
2026-09-17T20:35:00Z,2026-09-17T13:35:00-07:00,Brambley,21.78,21.71,14.9,65.0,1010.63,1018.12,5.65,6.0,7.04,243.0,WSW,0.0,0.0,0.0,69.34,5999.99,538.21,5.0
2026-09-17T20:40:00Z,2026-09-17T13:40:00-07:00,Brambley,21.28,21.34,16.02,72.0,1010.53,1018.02,3.91,3.91,8.95,235.0,SW,0.0,0.0,0.0,69.34,5999.99,534.91,5.0
2026-09-17T20:45:00Z,2026-09-17T13:45:00-07:00,Brambley,21.22,21.26,15.75,71.0,1010.53,1018.02,4.26,5.04,8.95,221.0,SW,0.0,0.0,0.0,69.34,5999.99,531.71,5.0
2026-09-17T20:50:00Z,2026-09-17T13:50:00-07:00,Brambley,21.22,21.26,15.75,71.0,1010.43,1017.91,3.3,3.91,9.91,244.0,WSW,0.0,0.0,0.0,69.34,5999.99,527.94,5.0
2026-09-17T20:55:00Z,2026-09-17T13:55:00-07:00,Brambley,21.0,21.01,15.53,71.0,1010.63,1018.12,6.26,7.04,9.91,250.0,WSW,0.0,0.0,0.0,69.34,5999.99,523.54,5.0
2026-09-17T21:00:00Z,2026-09-17T14:00:00-07:00,Brambley,21.0,20.98,15.31,70.0,1010.33,1017.81,5.04,7.04,9.91,237.0,WSW,0.0,0.0,0.0,69.34,5999.99,518.96,5.0
2026-09-17T21:05:00Z,2026-09-17T14:05:00-07:00,Brambley,21.0,21.01,15.53,71.0,1010.33,1017.81,4.69,7.04,9.91,216.0,SW,0.0,0.0,0.0,69.34,5999.99,514.32,5.0
2026-09-17T21:10:00Z,2026-09-17T14:10:00-07:00,Brambley,20.72,20.78,15.92,74.0,1010.63,1018.12,6.0,7.04,9.91,234.0,SW,0.0,0.0,0.0,69.34,5999.99,509.91,4.0
2026-09-17T21:15:00Z,2026-09-17T14:15:00-07:00,Brambley,20.72,20.81,16.13,75.0,1010.33,1017.81,4.69,6.0,9.91,236.0,SW,0.0,0.0,0.0,69.34,5999.99,503.95,4.0
2026-09-17T21:20:00Z,2026-09-17T14:20:00-07:00,Brambley,20.72,20.81,16.13,75.0,1010.63,1018.12,4.43,6.0,9.91,229.0,SW,0.0,0.0,0.0,69.34,5999.99,498.44,4.0
2026-09-17T21:25:00Z,2026-09-17T14:25:00-07:00,Brambley,20.78,20.87,16.18,75.0,1010.63,1018.12,5.04,7.04,9.91,237.0,WSW,0.0,0.0,0.0,69.34,5999.99,492.5,4.0
2026-09-17T21:30:00Z,2026-09-17T14:30:00-07:00,Brambley,20.39,20.49,16.22,77.0,1010.63,1018.12,5.04,7.04,9.91,232.0,SW,0.0,0.0,0.0,69.34,5999.99,486.38,4.0
2026-09-17T21:35:00Z,2026-09-17T14:35:00-07:00,Brambley,20.28,20.37,16.11,77.0,1010.43,1017.91,5.21,6.0,9.91,233.0,SW,0.0,0.0,0.0,69.34,5999.99,479.56,4.0
2026-09-17T21:40:00Z,2026-09-17T14:40:00-07:00,Brambley,20.28,20.37,16.11,77.0,1010.63,1018.12,6.0,7.04,9.91,235.0,SW,0.0,0.0,0.0,69.34,5999.99,472.51,4.0
2026-09-17T21:45:00Z,2026-09-17T14:45:00-07:00,Brambley,20.22,20.28,15.85,76.0,1010.43,1017.91,7.99,8.95,9.91,246.0,WSW,0.0,0.0,0.0,69.34,5999.99,466.5,4.0
2026-09-17T21:50:00Z,2026-09-17T14:50:00-07:00,Brambley,20.11,20.16,15.74,76.0,1010.43,1017.91,5.65,6.0,9.91,249.0,WSW,0.0,0.0,0.0,69.34,5999.99,457.96,4.0
2026-09-17T21:55:00Z,2026-09-17T14:55:00-07:00,Brambley,20.28,20.34,15.91,76.0,1010.13,1017.61,6.0,7.04,10.86,238.0,WSW,0.0,0.0,0.0,69.34,5999.99,449.68,4.0
2026-09-17T22:00:00Z,2026-09-17T15:00:00-07:00,Brambley,20.22,20.26,15.64,75.0,1010.23,1017.71,6.0,7.99,10.86,248.0,WSW,0.0,0.0,0.0,69.34,5999.99,441.36,4.0
2026-09-17T22:05:00Z,2026-09-17T15:05:00-07:00,Brambley,20.28,20.32,15.69,75.0,1010.23,1017.71,5.65,7.04,10.86,236.0,SW,0.0,0.0,0.0,69.34,5999.99,433.09,4.0
2026-09-17T22:10:00Z,2026-09-17T15:10:00-07:00,Brambley,20.5,20.51,15.49,73.0,1010.23,1017.71,4.26,5.04,10.86,239.0,WSW,0.0,0.0,0.0,69.34,5999.99,423.51,4.0
2026-09-17T22:15:00Z,2026-09-17T15:15:00-07:00,Brambley,20.5,20.51,15.49,73.0,1010.23,1017.71,5.65,7.04,10.86,219.0,SW,0.0,0.0,0.0,69.34,5999.99,414.25,4.0
2026-09-17T22:20:00Z,2026-09-17T15:20:00-07:00,Brambley,20.61,20.61,15.38,72.0,1009.92,1017.44,5.65,7.04,10.86,226.0,SW,0.0,0.0,0.0,69.34,5999.99,406.74,3.0
2026-09-17T22:25:00Z,2026-09-17T15:25:00-07:00,Brambley,20.5,20.51,15.49,73.0,1010.23,1017.71,5.47,6.0,10.86,233.0,SW,0.0,0.0,0.0,69.34,5999.99,396.89,3.0
2026-09-17T22:30:00Z,2026-09-17T15:30:00-07:00,Brambley,20.22,20.26,15.64,75.0,1010.23,1017.71,5.47,7.04,10.86,233.0,SW,0.0,0.0,0.0,69.34,5999.99,386.34,3.0
2026-09-17T22:35:00Z,2026-09-17T15:35:00-07:00,Brambley,19.89,19.89,15.73,77.0,1010.13,1017.61,5.47,6.0,10.86,225.0,SW,0.0,0.0,0.0,69.34,5999.99,375.75,3.0
2026-09-17T22:40:00Z,2026-09-17T15:40:00-07:00,Brambley,19.89,19.89,15.93,78.0,1010.23,1017.71,5.65,7.04,10.86,230.0,SW,0.0,0.0,0.0,69.34,5999.99,364.13,3.0
2026-09-17T22:45:00Z,2026-09-17T15:45:00-07:00,Brambley,19.78,19.78,16.03,79.0,1010.13,1017.61,5.47,6.0,10.86,226.0,SW,0.0,0.0,0.0,69.34,5999.99,354.7,3.0
2026-09-17T22:50:00Z,2026-09-17T15:50:00-07:00,Brambley,19.78,19.78,16.22,80.0,1010.13,1017.61,6.43,7.99,10.86,240.0,WSW,0.0,0.0,0.0,69.34,5999.99,342.98,3.0
2026-09-17T22:55:00Z,2026-09-17T15:55:00-07:00,Brambley,19.5,19.5,15.96,80.0,1010.13,1017.61,3.3,3.91,11.82,239.0,WSW,0.0,0.0,0.0,69.34,5999.99,330.43,3.0
2026-09-17T23:00:00Z,2026-09-17T16:00:00-07:00,Brambley,19.5,19.5,15.96,80.0,1010.33,1017.81,7.04,7.99,11.82,239.0,WSW,0.0,0.0,0.0,69.34,5999.99,319.82,3.0
2026-09-17T23:05:00Z,2026-09-17T16:05:00-07:00,Brambley,19.39,19.39,15.84,80.0,1010.33,1017.81,3.91,5.04,11.82,231.0,SW,0.0,0.0,0.0,69.34,5999.99,307.7,2.0
2026-09-17T23:10:00Z,2026-09-17T16:10:00-07:00,Brambley,19.61,19.61,16.06,80.0,1010.23,1017.71,4.69,6.0,11.82,224.0,SW,0.0,0.0,0.0,69.34,5999.99,296.63,2.0
2026-09-17T23:15:00Z,2026-09-17T16:15:00-07:00,Brambley,19.61,19.61,15.87,79.0,1010.33,1017.81,3.3,3.91,11.82,219.0,SW,0.0,0.0,0.0,69.34,5999.99,283.79,2.0
2026-09-17T23:20:00Z,2026-09-17T16:20:00-07:00,Brambley,19.5,19.5,15.96,80.0,1010.33,1017.81,3.13,3.91,11.82,245.0,WSW,0.0,0.0,0.0,69.34,5999.99,272.12,2.0
2026-09-17T23:25:00Z,2026-09-17T16:25:00-07:00,Brambley,19.61,19.61,15.87,79.0,1010.33,1017.81,4.08,5.04,11.82,251.0,WSW,0.0,0.0,0.0,69.34,5999.99,260.33,2.0
2026-09-17T23:30:00Z,2026-09-17T16:30:00-07:00,Brambley,19.39,19.39,15.65,79.0,1010.23,1017.71,5.04,6.0,11.82,227.0,SW,0.0,0.0,0.0,69.34,5999.99,247.54,2.0
2026-09-17T23:35:00Z,2026-09-17T16:35:00-07:00,Brambley,19.39,19.39,15.65,79.0,1010.53,1018.02,5.21,6.0,11.82,236.0,SW,0.0,0.0,0.0,69.34,5999.99,233.03,2.0
2026-09-17T23:41:00Z,2026-09-17T16:41:00-07:00,Brambley,19.22,19.22,15.68,80.0,1010.23,1017.71,6.0,7.04,11.82,229.0,SW,0.0,0.0,0.0,69.34,5999.99,218.67,2.0
2026-09-17T23:45:00Z,2026-09-17T16:45:00-07:00,Brambley,19.22,19.22,15.88,81.0,1010.53,1018.02,6.0,7.04,11.82,221.0,SW,0.0,0.0,0.0,69.34,5999.99,208.14,2.0
2026-09-17T23:50:00Z,2026-09-17T16:50:00-07:00,Brambley,19.28,19.28,15.93,81.0,1010.33,1017.81,4.69,6.0,11.82,238.0,WSW,0.0,0.0,0.0,69.34,5999.99,188.36,1.0
2026-09-17T23:55:00Z,2026-09-17T16:55:00-07:00,Brambley,19.28,19.28,15.93,81.0,1010.53,1018.02,6.43,7.99,11.82,241.0,WSW,0.0,0.0,0.0,69.34,5999.99,158.54,1.0
2026-09-18T00:00:00Z,2026-09-17T17:00:00-07:00,Brambley,19.11,19.11,15.77,81.0,1010.33,1017.81,4.87,7.04,11.82,227.0,SW,0.0,0.0,0.0,69.34,5999.99,137.87,1.0
2026-09-18T00:05:00Z,2026-09-17T17:05:00-07:00,Brambley,19.11,19.11,15.77,81.0,1010.23,1017.71,4.69,6.0,11.82,244.0,WSW,0.0,0.0,0.0,69.34,5999.99,121.45,1.0
2026-09-18T00:10:00Z,2026-09-17T17:10:00-07:00,Brambley,19.0,19.0,15.66,81.0,1010.23,1017.71,6.26,7.99,11.82,232.0,SW,0.0,0.0,0.0,69.34,5999.99,113.19,1.0
2026-09-18T00:15:00Z,2026-09-17T17:15:00-07:00,Brambley,19.11,19.11,15.77,81.0,1010.13,1017.61,5.04,6.0,11.82,220.0,SW,0.0,0.0,0.0,69.34,5999.99,107.53,1.0
2026-09-18T00:20:00Z,2026-09-17T17:20:00-07:00,Brambley,19.11,19.11,15.77,81.0,1010.33,1017.81,5.04,6.0,11.82,234.0,SW,0.0,0.0,0.0,69.34,5999.99,95.76,0.0
2026-09-18T00:25:00Z,2026-09-17T17:25:00-07:00,Brambley,19.22,19.22,15.68,80.0,1010.43,1017.91,3.48,3.91,11.82,231.0,SW,0.0,0.0,0.0,69.34,5999.99,81.87,0.0
2026-09-18T00:30:00Z,2026-09-17T17:30:00-07:00,Brambley,19.22,19.22,15.68,80.0,1010.33,1017.81,3.13,5.04,11.82,248.0,WSW,0.0,0.0,0.0,69.34,5999.99,75.9,0.0
2026-09-18T00:35:00Z,2026-09-17T17:35:00-07:00,Brambley,19.28,19.28,15.93,81.0,1010.33,1017.81,4.08,6.0,11.82,233.0,SW,0.0,0.0,0.0,69.34,5999.99,72.23,0.0
2026-09-18T00:40:00Z,2026-09-17T17:40:00-07:00,Brambley,18.89,18.89,15.74,82.0,1010.53,1018.02,4.08,6.0,11.82,247.0,WSW,0.0,0.0,0.0,69.34,5999.99,64.71,0.0
2026-09-18T00:45:00Z,2026-09-17T17:45:00-07:00,Brambley,18.89,18.89,15.93,83.0,1010.43,1017.91,4.43,5.04,11.82,224.0,SW,0.0,0.0,0.0,69.34,5999.99,58.08,0.0
2026-09-18T00:50:00Z,2026-09-17T17:50:00-07:00,Brambley,18.78,18.78,16.02,84.0,1010.43,1017.91,3.48,3.91,11.82,247.0,WSW,0.0,0.0,0.0,69.34,5999.99,51.1,0.0
2026-09-18T00:55:00Z,2026-09-17T17:55:00-07:00,Brambley,18.78,18.78,16.2,85.0,1010.33,1017.81,5.21,7.04,11.82,240.0,WSW,0.0,0.0,0.0,69.34,5999.99,41.56,0.0
2026-09-18T01:00:00Z,2026-09-17T18:00:00-07:00,Brambley,18.72,18.72,16.14,85.0,1010.53,1018.02,3.3,3.91,11.82,245.0,WSW,0.0,0.0,0.0,69.34,5999.99,31.01,0.0
2026-09-18T01:05:00Z,2026-09-17T18:05:00-07:00,Brambley,18.5,18.5,16.11,86.0,1010.43,1017.91,4.26,6.0,11.82,239.0,WSW,0.0,0.0,0.0,69.34,5999.99,26.76,0.0
2026-09-18T01:10:00Z,2026-09-17T18:10:00-07:00,Brambley,18.39,18.39,16.0,86.0,1010.33,1017.81,4.69,7.04,11.82,235.0,SW,0.0,0.0,0.0,69.34,5999.99,27.27,0.0
2026-09-18T01:15:00Z,2026-09-17T18:15:00-07:00,Brambley,18.28,18.28,15.89,86.0,1010.33,1017.81,4.26,5.04,11.82,239.0,WSW,0.0,0.0,0.0,69.34,5999.99,24.74,0.0
2026-09-18T01:20:00Z,2026-09-17T18:20:00-07:00,Brambley,18.5,18.5,16.11,86.0,1010.53,1018.02,2.95,2.95,11.82,237.0,WSW,0.0,0.0,0.0,69.34,5999.99,23.43,0.0
2026-09-18T01:25:00Z,2026-09-17T18:25:00-07:00,Brambley,18.5,18.5,16.11,86.0,1010.33,1017.81,3.48,3.91,11.82,237.0,WSW,0.0,0.0,0.0,69.34,5999.99,21.98,0.0
2026-09-18T01:30:00Z,2026-09-17T18:30:00-07:00,Brambley,18.28,18.28,15.89,86.0,1010.43,1017.91,3.91,3.91,11.82,237.0,WSW,0.0,0.0,0.0,69.34,5999.99,20.54,0.0
2026-09-18T01:35:00Z,2026-09-17T18:35:00-07:00,Brambley,18.22,18.22,15.84,86.0,1010.53,1018.02,3.48,3.91,11.82,221.0,SW,0.0,0.0,0.0,69.34,5999.99,19.22,0.0
2026-09-18T01:40:00Z,2026-09-17T18:40:00-07:00,Brambley,18.22,18.22,15.66,85.0,1010.13,1017.61,1.91,1.91,11.82,243.0,WSW,0.0,0.0,0.0,69.34,5999.99,17.55,0.0
2026-09-18T01:45:00Z,2026-09-17T18:45:00-07:00,Brambley,18.0,18.0,15.26,84.0,1010.33,1017.81,1.13,1.91,11.82,228.0,SW,0.0,0.0,0.0,69.34,5999.99,15.86,0.0
2026-09-18T01:50:00Z,2026-09-17T18:50:00-07:00,Brambley,18.0,18.0,15.26,84.0,1010.33,1017.81,2.69,3.91,11.82,248.0,WSW,0.0,0.0,0.0,69.34,5999.99,13.97,0.0
2026-09-18T01:55:00Z,2026-09-17T18:55:00-07:00,Brambley,17.89,17.89,15.33,85.0,1010.43,1017.91,0.17,0.96,11.82,241.0,WSW,0.0,0.0,0.0,69.34,5999.99,12.15,0.0
2026-09-18T02:00:00Z,2026-09-17T19:00:00-07:00,Brambley,17.78,17.78,15.22,85.0,1010.53,1018.02,1.74,2.95,11.82,240.0,WSW,0.0,0.0,0.0,69.34,5999.99,10.22,0.0
2026-09-18T02:05:00Z,2026-09-17T19:05:00-07:00,Brambley,17.72,17.72,15.35,86.0,1010.43,1017.91,2.35,2.95,11.82,241.0,WSW,0.0,0.0,0.0,69.34,5999.99,8.36,0.0
2026-09-18T02:10:00Z,2026-09-17T19:10:00-07:00,Brambley,17.5,17.5,15.13,86.0,1010.53,1018.02,1.56,1.91,11.82,235.0,SW,0.0,0.0,0.0,69.34,5999.99,6.28,0.0
2026-09-18T02:15:00Z,2026-09-17T19:15:00-07:00,Brambley,17.28,17.28,15.09,87.0,1010.43,1017.91,0.0,0.0,11.82,247.0,WSW,0.0,0.0,0.0,69.34,5999.99,4.57,0.0
2026-09-18T02:20:00Z,2026-09-17T19:20:00-07:00,Brambley,17.11,17.11,15.11,88.0,1010.23,1017.71,0.0,0.0,11.82,247.0,WSW,0.0,0.0,0.0,69.34,5999.99,3.09,0.0
2026-09-18T02:25:00Z,2026-09-17T19:25:00-07:00,Brambley,17.0,17.0,15.17,89.0,1010.53,1018.02,0.17,0.96,11.82,244.0,WSW,0.0,0.0,0.0,69.34,5999.99,1.97,0.0
2026-09-18T02:30:00Z,2026-09-17T19:30:00-07:00,Brambley,16.78,16.78,15.13,90.0,1010.53,1018.02,0.0,0.0,11.82,250.0,WSW,0.0,0.0,0.0,69.34,5999.99,1.1,0.0
2026-09-18T02:35:00Z,2026-09-17T19:35:00-07:00,Brambley,16.78,16.78,15.3,91.0,1010.53,1018.02,0.0,0.0,11.82,242.0,WSW,0.0,0.0,0.0,69.34,5999.99,0.53,0.0
2026-09-18T02:40:00Z,2026-09-17T19:40:00-07:00,Brambley,16.72,16.72,15.24,91.0,1010.84,1018.32,0.0,0.0,11.82,251.0,WSW,0.0,0.0,0.0,69.34,5999.99,0.22,0.0
2026-09-18T02:45:00Z,2026-09-17T19:45:00-07:00,Brambley,16.61,16.61,15.31,92.0,1010.94,1018.42,0.0,0.0,11.82,239.0,WSW,0.0,0.0,0.0,69.34,5999.99,0.08,0.0
2026-09-18T02:50:00Z,2026-09-17T19:50:00-07:00,Brambley,16.5,16.5,15.19,92.0,1010.84,1018.32,0.0,0.0,11.82,253.0,WSW,0.0,0.0,0.0,69.34,5999.99,0.02,0.0
2026-09-18T02:55:00Z,2026-09-17T19:55:00-07:00,Brambley,16.28,16.28,15.14,93.0,1010.63,1018.12,0.0,0.0,11.82,248.0,WSW,0.0,0.0,0.0,69.34,5999.99,0.01,0.0
2026-09-18T03:00:00Z,2026-09-17T20:00:00-07:00,Brambley,16.39,16.39,15.25,93.0,1010.94,1018.42,0.0,0.0,11.82,250.0,WSW,0.0,0.0,0.0,69.34,5999.99,0.0,0.0
2026-09-18T03:05:00Z,2026-09-17T20:05:00-07:00,Brambley,16.39,16.39,15.42,94.0,1011.04,1018.52,1.56,1.91,11.82,230.0,SW,0.0,0.0,0.0,69.34,5999.99,0.0,0.0
2026-09-18T03:10:00Z,2026-09-17T20:10:00-07:00,Brambley,16.39,16.39,15.42,94.0,1010.84,1018.32,1.74,1.91,11.82,246.0,WSW,0.0,0.0,0.0,69.34,5999.99,0.0,0.0
2026-09-18T03:15:00Z,2026-09-17T20:15:00-07:00,Brambley,16.28,16.28,15.31,94.0,1011.04,1018.52,0.0,0.0,11.82,254.0,WSW,0.0,0.0,0.0,69.34,5999.99,0.0,0.0
2026-09-18T03:20:00Z,2026-09-17T20:20:00-07:00,Brambley,16.22,16.22,15.42,95.0,1010.94,1018.42,0.0,0.0,11.82,257.0,WSW,0.0,0.0,0.0,69.34,5999.99,0.0,0.0
2026-09-18T03:25:00Z,2026-09-17T20:25:00-07:00,Brambley,16.11,16.11,15.31,95.0,1010.94,1018.42,0.0,0.0,11.82,247.0,WSW,0.0,0.0,0.0,69.34,5999.99,0.0,0.0
2026-09-18T03:30:00Z,2026-09-17T20:30:00-07:00,Brambley,16.11,16.11,15.31,95.0,1010.94,1018.42,0.0,0.0,11.82,252.0,WSW,0.0,0.0,0.0,69.34,5999.99,0.0,0.0
2026-09-18T03:35:00Z,2026-09-17T20:35:00-07:00,Brambley,16.11,16.11,15.31,95.0,1011.24,1018.73,1.56,1.91,11.82,233.0,SW,0.0,0.0,0.0,69.34,5999.99,0.0,0.0
2026-09-18T03:40:00Z,2026-09-17T20:40:00-07:00,Brambley,16.22,16.22,15.58,96.0,1011.04,1018.52,0.0,0.0,11.82,256.0,WSW,0.0,0.0,0.0,69.34,5999.99,0.0,0.0
2026-09-18T03:45:00Z,2026-09-17T20:45:00-07:00,Brambley,16.11,16.11,15.47,96.0,1011.14,1018.63,0.0,0.0,11.82,252.0,WSW,0.0,0.0,0.0,69.34,5999.99,0.0,0.0
2026-09-18T03:50:00Z,2026-09-17T20:50:00-07:00,Brambley,16.28,16.28,15.64,96.0,1011.41,1018.93,0.0,0.0,11.82,242.0,WSW,0.0,0.0,0.0,69.34,5999.99,0.0,0.0
2026-09-18T03:55:00Z,2026-09-17T20:55:00-07:00,Brambley,16.28,16.28,15.64,96.0,1011.24,1018.73,2.17,2.95,11.82,243.0,WSW,0.0,0.0,0.0,69.34,5999.99,0.0,0.0
2026-09-18T04:00:00Z,2026-09-17T21:00:00-07:00,Brambley,16.39,16.39,15.75,96.0,1011.41,1018.93,1.56,1.91,11.82,237.0,WSW,0.0,0.0,0.0,69.34,5999.99,0.0,0.0
2026-09-18T04:05:00Z,2026-09-17T21:05:00-07:00,Brambley,16.28,16.28,15.64,96.0,1011.24,1018.73,0.0,0.0,11.82,230.0,SW,0.0,0.0,0.0,69.34,5999.99,0.0,0.0
2026-09-18T04:10:00Z,2026-09-17T21:10:00-07:00,Brambley,16.39,16.39,15.75,96.0,1011.31,1018.83,1.56,1.91,11.82,249.0,WSW,0.0,0.0,0.0,69.34,5999.99,0.0,0.0
2026-09-18T04:15:00Z,2026-09-17T21:15:00-07:00,Brambley,16.28,16.28,15.64,96.0,1011.51,1019.03,0.0,0.0,11.82,236.0,SW,0.0,0.0,0.0,69.34,5999.99,0.0,0.0
2026-09-18T04:20:00Z,2026-09-17T21:20:00-07:00,Brambley,16.28,16.28,15.64,96.0,1011.51,1019.03,0.0,0.0,11.82,248.0,WSW,0.0,0.0,0.0,69.34,5999.99,0.0,0.0
2026-09-18T04:25:00Z,2026-09-17T21:25:00-07:00,Brambley,16.11,16.11,15.47,96.0,1011.62,1019.13,0.0,0.0,11.82,248.0,WSW,0.0,0.0,0.0,69.34,5999.99,0.0,0.0
2026-09-18T04:30:00Z,2026-09-17T21:30:00-07:00,Brambley,16.11,16.11,15.47,96.0,1011.62,1019.13,0.0,0.0,11.82,236.0,SW,0.0,0.0,0.0,69.34,5999.99,0.0,0.0
2026-09-18T04:35:00Z,2026-09-17T21:35:00-07:00,Brambley,16.11,16.11,15.47,96.0,1011.62,1019.13,1.91,2.95,11.82,258.0,WSW,0.0,0.0,0.0,69.34,5999.99,0.0,0.0
2026-09-18T04:40:00Z,2026-09-17T21:40:00-07:00,Brambley,16.22,16.22,15.58,96.0,1011.72,1019.24,0.0,0.0,11.82,247.0,WSW,0.0,0.0,0.0,69.34,5999.99,0.0,0.0
2026-09-18T04:45:00Z,2026-09-17T21:45:00-07:00,Brambley,16.22,16.22,15.58,96.0,1011.51,1019.03,1.91,1.91,11.82,224.0,SW,0.0,0.0,0.0,69.34,5999.99,0.0,0.0
2026-09-18T04:50:00Z,2026-09-17T21:50:00-07:00,Brambley,16.0,16.0,15.36,96.0,1011.72,1019.24,0.0,0.0,11.82,249.0,WSW,0.0,0.0,0.0,69.34,5999.99,0.0,0.0
2026-09-18T04:55:00Z,2026-09-17T21:55:00-07:00,Brambley,15.89,15.89,15.25,96.0,1011.82,1019.34,2.17,2.95,11.82,236.0,SW,0.0,0.0,0.0,69.34,5999.99,0.0,0.0
2026-09-18T05:00:00Z,2026-09-17T22:00:00-07:00,Brambley,15.89,15.89,15.25,96.0,1011.82,1019.34,0.61,1.91,11.82,222.0,SW,0.0,0.0,0.0,69.34,5999.99,0.0,0.0
2026-09-18T05:05:00Z,2026-09-17T22:05:00-07:00,Brambley,15.89,15.89,15.25,96.0,1011.62,1019.13,1.13,1.91,11.82,245.0,WSW,0.0,0.0,0.0,69.34,5999.99,0.0,0.0
2026-09-18T05:10:00Z,2026-09-17T22:10:00-07:00,Brambley,15.78,15.78,15.14,96.0,1011.62,1019.13,0.0,0.0,11.82,252.0,WSW,0.0,0.0,0.0,69.34,5999.99,0.0,0.0
2026-09-18T05:15:00Z,2026-09-17T22:15:00-07:00,Brambley,15.89,15.89,15.25,96.0,1011.72,1019.24,0.0,0.0,11.82,244.0,WSW,0.0,0.0,0.0,69.34,5999.99,0.0,0.0
2026-09-18T05:20:00Z,2026-09-17T22:20:00-07:00,Brambley,15.78,15.78,14.98,95.0,1012.02,1019.54,1.56,1.91,11.82,249.0,WSW,0.0,0.0,0.0,69.34,5999.99,0.0,0.0
2026-09-18T05:25:00Z,2026-09-17T22:25:00-07:00,Brambley,15.89,15.89,15.09,95.0,1011.92,1019.44,1.56,1.91,11.82,236.0,SW,0.0,0.0,0.0,69.34,5999.99,0.0,0.0
2026-09-18T05:30:00Z,2026-09-17T22:30:00-07:00,Brambley,15.89,15.89,15.09,95.0,1011.62,1019.13,2.95,3.91,11.82,241.0,WSW,0.0,0.0,0.0,69.34,5999.99,0.0,0.0
2026-09-18T05:35:00Z,2026-09-17T22:35:00-07:00,Brambley,16.11,16.11,15.31,95.0,1012.02,1019.54,1.91,1.91,11.82,252.0,WSW,0.0,0.0,0.0,69.34,5999.99,0.0,0.0
2026-09-18T05:40:00Z,2026-09-17T22:40:00-07:00,Brambley,15.89,15.89,15.09,95.0,1011.82,1019.34,2.17,2.95,11.82,246.0,WSW,0.0,0.0,0.0,69.34,5999.99,0.0,0.0
2026-09-18T05:45:00Z,2026-09-17T22:45:00-07:00,Brambley,15.78,15.78,14.81,94.0,1011.92,1019.44,0.78,0.96,11.82,224.0,SW,0.0,0.0,0.0,69.34,5999.99,0.0,0.0
2026-09-18T05:50:00Z,2026-09-17T22:50:00-07:00,Brambley,15.61,15.61,14.65,94.0,1011.82,1019.34,2.17,2.95,11.82,244.0,WSW,0.0,0.0,0.0,69.34,5999.99,0.0,0.0
2026-09-18T05:55:00Z,2026-09-17T22:55:00-07:00,Brambley,15.72,15.72,14.76,94.0,1012.12,1019.64,0.78,1.91,11.82,247.0,WSW,0.0,0.0,0.0,69.34,5999.99,0.0,0.0
2026-09-18T06:00:00Z,2026-09-17T23:00:00-07:00,Brambley,15.78,15.78,14.81,94.0,1012.02,1019.54,1.91,2.95,11.82,246.0,WSW,0.0,0.0,0.0,69.34,5999.99,0.0,0.0
2026-09-18T06:05:00Z,2026-09-17T23:05:00-07:00,Brambley,15.78,15.78,14.81,94.0,1012.02,1019.54,2.69,2.95,11.82,246.0,WSW,0.0,0.0,0.0,69.34,5999.99,0.0,0.0
2026-09-18T06:10:00Z,2026-09-17T23:10:00-07:00,Brambley,15.78,15.78,14.81,94.0,1011.92,1019.44,0.17,0.96,11.82,237.0,WSW,0.0,0.0,0.0,69.34,5999.99,0.0,0.0
2026-09-18T06:15:00Z,2026-09-17T23:15:00-07:00,Brambley,15.72,15.72,14.76,94.0,1012.02,1019.54,3.48,5.04,11.82,244.0,WSW,0.0,0.0,0.0,69.34,5999.99,0.0,0.0
2026-09-18T06:20:00Z,2026-09-17T23:20:00-07:00,Brambley,15.72,15.72,14.76,94.0,1011.92,1019.44,2.95,2.95,11.82,242.0,WSW,0.0,0.0,0.0,69.34,5999.99,0.0,0.0
2026-09-18T06:25:00Z,2026-09-17T23:25:00-07:00,Brambley,15.72,15.72,14.59,93.0,1012.12,1019.64,0.17,0.96,11.82,249.0,WSW,0.0,0.0,0.0,69.34,5999.99,0.0,0.0
2026-09-18T06:30:00Z,2026-09-17T23:30:00-07:00,Brambley,15.61,15.61,14.48,93.0,1012.23,1019.74,0.0,0.0,11.82,250.0,WSW,0.0,0.0,0.0,69.34,5999.99,0.0,0.0
2026-09-18T06:35:00Z,2026-09-17T23:35:00-07:00,Brambley,15.72,15.72,14.59,93.0,1011.92,1019.44,0.78,1.91,11.82,243.0,WSW,0.0,0.0,0.0,69.34,5999.99,0.0,0.0
2026-09-18T06:40:00Z,2026-09-17T23:40:00-07:00,Brambley,15.72,15.72,14.59,93.0,1012.12,1019.64,1.39,1.91,11.82,228.0,SW,0.0,0.0,0.0,69.34,5999.99,0.0,0.0
2026-09-18T06:45:00Z,2026-09-17T23:45:00-07:00,Brambley,15.72,15.72,14.59,93.0,1012.12,1019.64,0.78,1.91,11.82,247.0,WSW,0.0,0.0,0.0,69.34,5999.99,0.0,0.0
2026-09-18T06:50:00Z,2026-09-17T23:50:00-07:00,Brambley,15.78,15.78,14.64,93.0,1012.23,1019.74,2.95,3.91,11.82,220.0,SW,0.0,0.0,0.0,69.34,5999.99,0.0,0.0
2026-09-18T06:55:00Z,2026-09-17T23:55:00-07:00,Brambley,15.89,15.89,14.76,93.0,1012.23,1019.74,0.61,0.96,11.82,244.0,WSW,0.0,0.0,0.0,69.34,5999.99,0.0,0.0
2026-09-18T07:00:00Z,2026-09-18T00:00:00-07:00,Brambley,15.89,15.89,14.76,93.0,1012.53,1020.01,0.78,1.91,1.91,245.0,WSW,0.0,0.0,0.0,69.34,5999.99,0.0,0.0
2026-09-18T07:05:00Z,2026-09-18T00:05:00-07:00,Brambley,15.89,15.89,14.76,93.0,1012.53,1020.01,0.61,0.96,5.04,238.0,WSW,0.0,0.0,0.0,69.34,5999.99,0.0,0.0
2026-09-18T07:10:00Z,2026-09-18T00:10:00-07:00,Brambley,15.89,15.89,14.76,93.0,1012.43,1019.91,0.17,0.96,5.04,247.0,WSW,0.0,0.0,0.0,69.34,5999.99,0.0,0.0
2026-09-18T07:15:00Z,2026-09-18T00:15:00-07:00,Brambley,16.0,16.0,14.7,92.0,1012.73,1020.22,1.13,1.91,5.04,241.0,WSW,0.0,0.0,0.0,69.34,5999.99,0.0,0.0
2026-09-18T07:20:00Z,2026-09-18T00:20:00-07:00,Brambley,15.89,15.89,14.59,92.0,1012.53,1020.01,0.17,0.96,5.04,242.0,WSW,0.0,0.0,0.0,69.34,5999.99,0.0,0.0
2026-09-18T07:25:00Z,2026-09-18T00:25:00-07:00,Brambley,16.11,16.11,14.81,92.0,1012.53,1020.01,0.17,0.96,5.04,246.0,WSW,0.0,0.0,0.0,69.34,5999.99,0.0,0.0
2026-09-18T07:30:00Z,2026-09-18T00:30:00-07:00,Brambley,16.11,16.11,14.81,92.0,1012.53,1020.01,0.0,0.0,5.04,260.0,W,0.0,0.0,0.0,69.34,5999.99,0.0,0.0
2026-09-18T07:35:00Z,2026-09-18T00:35:00-07:00,Brambley,16.0,16.0,14.7,92.0,1012.63,1020.12,0.0,0.0,5.04,258.0,WSW,0.0,0.0,0.0,69.34,5999.99,0.0,0.0
2026-09-18T07:40:00Z,2026-09-18T00:40:00-07:00,Brambley,15.89,15.89,14.59,92.0,1012.63,1020.12,0.0,0.0,5.04,240.0,WSW,0.0,0.0,0.0,69.34,5999.99,0.0,0.0
2026-09-18T07:45:00Z,2026-09-18T00:45:00-07:00,Brambley,16.0,16.0,14.7,92.0,1012.53,1020.01,0.0,0.0,5.04,249.0,WSW,0.0,0.0,0.0,69.34,5999.99,0.0,0.0
2026-09-18T07:50:00Z,2026-09-18T00:50:00-07:00,Brambley,16.0,16.0,14.7,92.0,1012.73,1020.22,1.13,1.91,5.04,246.0,WSW,0.0,0.0,0.0,69.34,5999.99,0.0,0.0
2026-09-18T07:55:00Z,2026-09-18T00:55:00-07:00,Brambley,15.89,15.89,14.59,92.0,1012.63,1020.12,1.13,1.91,5.04,227.0,SW,0.0,0.0,0.0,69.34,5999.99,0.0,0.0
2026-09-18T08:00:00Z,2026-09-18T01:00:00-07:00,Brambley,15.89,15.89,14.59,92.0,1012.73,1020.22,0.61,0.96,5.04,244.0,WSW,0.0,0.0,0.0,69.34,5999.99,0.0,0.0
2026-09-18T08:05:00Z,2026-09-18T01:05:00-07:00,Brambley,15.72,15.72,14.42,92.0,1012.73,1020.22,0.0,0.0,5.04,259.0,W,0.0,0.0,0.0,69.34,5999.99,0.0,0.0
2026-09-18T08:10:00Z,2026-09-18T01:10:00-07:00,Brambley,15.78,15.78,14.31,91.0,1012.73,1020.22,2.95,3.91,5.04,241.0,WSW,0.0,0.0,0.0,69.34,5999.99,0.0,0.0
2026-09-18T08:15:00Z,2026-09-18T01:15:00-07:00,Brambley,15.89,15.89,14.42,91.0,1012.94,1020.42,2.17,2.95,5.04,242.0,WSW,0.0,0.0,0.0,69.34,5999.99,0.0,0.0
2026-09-18T08:20:00Z,2026-09-18T01:20:00-07:00,Brambley,15.89,15.89,14.42,91.0,1012.83,1020.32,3.48,5.04,5.04,249.0,WSW,0.0,0.0,0.0,69.34,5999.99,0.0,0.0
2026-09-18T08:25:00Z,2026-09-18T01:25:00-07:00,Brambley,15.89,15.89,14.42,91.0,1012.94,1020.42,0.17,0.96,5.04,264.0,W,0.0,0.0,0.0,69.34,5999.99,0.0,0.0
2026-09-18T08:30:00Z,2026-09-18T01:30:00-07:00,Brambley,15.89,15.89,14.42,91.0,1012.94,1020.42,0.35,0.96,5.04,250.0,WSW,0.0,0.0,0.0,69.34,5999.99,0.0,0.0
2026-09-18T08:35:00Z,2026-09-18T01:35:00-07:00,Brambley,15.78,15.78,14.31,91.0,1013.04,1020.52,0.0,0.0,5.04,254.0,WSW,0.0,0.0,0.0,69.34,5999.99,0.0,0.0
2026-09-18T08:40:00Z,2026-09-18T01:40:00-07:00,Brambley,15.78,15.78,14.31,91.0,1012.94,1020.42,0.0,0.0,5.04,254.0,WSW,0.0,0.0,0.0,69.34,5999.99,0.0,0.0
2026-09-18T08:45:00Z,2026-09-18T01:45:00-07:00,Brambley,15.72,15.72,14.08,90.0,1013.14,1020.62,0.0,0.0,6.0,252.0,WSW,0.0,0.0,0.0,69.34,5999.99,0.0,0.0
2026-09-18T08:50:00Z,2026-09-18T01:50:00-07:00,Brambley,15.78,15.78,14.14,90.0,1013.04,1020.52,0.61,1.91,6.0,265.0,W,0.0,0.0,0.0,69.34,5999.99,0.0,0.0
2026-09-18T08:55:00Z,2026-09-18T01:55:00-07:00,Brambley,15.78,15.78,14.14,90.0,1013.14,1020.62,0.61,1.91,6.0,255.0,WSW,0.0,0.0,0.0,69.34,5999.99,0.0,0.0
2026-09-18T09:00:00Z,2026-09-18T02:00:00-07:00,Brambley,15.89,15.89,14.25,90.0,1013.14,1020.62,0.0,0.0,6.0,253.0,WSW,0.0,0.0,0.0,69.34,5999.99,0.0,0.0
2026-09-18T09:05:00Z,2026-09-18T02:05:00-07:00,Brambley,15.78,15.78,14.14,90.0,1013.24,1020.73,0.0,0.0,6.0,250.0,WSW,0.0,0.0,0.0,69.34,5999.99,0.0,0.0
2026-09-18T09:10:00Z,2026-09-18T02:10:00-07:00,Brambley,15.78,15.78,14.14,90.0,1013.24,1020.73,0.0,0.0,6.0,257.0,WSW,0.0,0.0,0.0,69.34,5999.99,0.0,0.0
2026-09-18T09:15:00Z,2026-09-18T02:15:00-07:00,Brambley,15.72,15.72,13.91,89.0,1013.34,1020.83,0.61,0.96,6.0,256.0,WSW,0.0,0.0,0.0,69.34,5999.99,0.0,0.0
2026-09-18T09:20:00Z,2026-09-18T02:20:00-07:00,Brambley,15.78,15.78,13.97,89.0,1013.24,1020.73,0.0,0.0,6.0,258.0,WSW,0.0,0.0,0.0,69.34,5999.99,0.0,0.0
2026-09-18T09:25:00Z,2026-09-18T02:25:00-07:00,Brambley,15.89,15.89,14.08,89.0,1013.41,1020.93,0.78,0.96,6.0,262.0,W,0.0,0.0,0.0,69.34,5999.99,0.0,0.0
2026-09-18T09:30:00Z,2026-09-18T02:30:00-07:00,Brambley,15.78,15.78,13.97,89.0,1013.04,1020.52,0.17,0.96,6.0,259.0,W,0.0,0.0,0.0,69.34,5999.99,0.0,0.0
2026-09-18T09:35:00Z,2026-09-18T02:35:00-07:00,Brambley,15.72,15.72,13.91,89.0,1013.24,1020.73,0.78,1.91,6.0,251.0,WSW,0.0,0.0,0.0,69.34,5999.99,0.0,0.0
2026-09-18T09:40:00Z,2026-09-18T02:40:00-07:00,Brambley,15.78,15.78,13.97,89.0,1013.34,1020.83,0.0,0.0,6.0,257.0,WSW,0.0,0.0,0.0,69.34,5999.99,0.0,0.0
2026-09-18T09:45:00Z,2026-09-18T02:45:00-07:00,Brambley,15.72,15.72,13.91,89.0,1013.34,1020.83,3.74,6.0,6.0,242.0,WSW,0.0,0.0,0.0,69.34,5999.99,0.0,0.0
2026-09-18T09:50:00Z,2026-09-18T02:50:00-07:00,Brambley,15.61,15.61,13.63,88.0,1013.14,1020.62,1.91,2.95,6.0,239.0,WSW,0.0,0.0,0.0,69.34,5999.99,0.0,0.0
2026-09-18T09:55:00Z,2026-09-18T02:55:00-07:00,Brambley,15.78,15.78,13.79,88.0,1013.41,1020.93,0.78,0.96,6.0,236.0,SW,0.0,0.0,0.0,69.34,5999.99,0.0,0.0
2026-09-18T10:00:00Z,2026-09-18T03:00:00-07:00,Brambley,15.72,15.72,13.74,88.0,1013.24,1020.73,1.74,1.91,6.0,242.0,WSW,0.0,0.0,0.0,69.34,5999.99,0.0,0.0
2026-09-18T10:05:00Z,2026-09-18T03:05:00-07:00,Brambley,15.72,15.72,13.74,88.0,1013.41,1020.93,0.0,0.0,6.0,247.0,WSW,0.0,0.0,0.0,69.34,5999.99,0.0,0.0
2026-09-18T10:10:00Z,2026-09-18T03:10:00-07:00,Brambley,15.78,15.78,13.79,88.0,1013.51,1021.03,0.17,0.96,6.0,254.0,WSW,0.0,0.0,0.0,69.34,5999.99,0.0,0.0
2026-09-18T10:15:00Z,2026-09-18T03:15:00-07:00,Brambley,15.78,15.78,13.97,89.0,1013.41,1020.93,0.78,0.96,6.0,253.0,WSW,0.0,0.0,0.0,69.34,5999.99,0.0,0.0
2026-09-18T10:20:00Z,2026-09-18T03:20:00-07:00,Brambley,15.78,15.78,13.97,89.0,1013.41,1020.93,1.91,2.95,6.0,220.0,SW,0.0,0.0,0.0,69.34,5999.99,0.0,0.0
2026-09-18T10:25:00Z,2026-09-18T03:25:00-07:00,Brambley,15.72,15.72,13.91,89.0,1013.51,1021.03,2.69,3.91,6.0,220.0,SW,0.0,0.0,0.0,69.34,5999.99,0.0,0.0
2026-09-18T10:30:00Z,2026-09-18T03:30:00-07:00,Brambley,15.78,15.78,13.97,89.0,1013.51,1021.03,2.17,3.91,6.0,225.0,SW,0.0,0.0,0.0,69.34,5999.99,0.0,0.0
2026-09-18T10:35:00Z,2026-09-18T03:35:00-07:00,Brambley,15.72,15.72,13.91,89.0,1013.34,1020.83,2.17,2.95,6.0,251.0,WSW,0.0,0.0,0.0,69.34,5999.99,0.0,0.0
2026-09-18T10:40:00Z,2026-09-18T03:40:00-07:00,Brambley,15.61,15.61,13.8,89.0,1013.51,1021.03,0.61,0.96,6.0,247.0,WSW,0.0,0.0,0.0,69.34,5999.99,0.0,0.0
2026-09-18T10:45:00Z,2026-09-18T03:45:00-07:00,Brambley,15.72,15.72,13.91,89.0,1013.61,1021.13,1.13,2.95,6.0,256.0,WSW,0.0,0.0,0.0,69.34,5999.99,0.0,0.0
2026-09-18T10:51:00Z,2026-09-18T03:51:00-07:00,Brambley,15.61,15.61,13.8,89.0,1013.61,1021.13,1.13,1.91,6.0,244.0,WSW,0.0,0.0,0.0,69.34,5999.99,0.0,0.0
2026-09-18T10:55:00Z,2026-09-18T03:55:00-07:00,Brambley,15.72,15.72,13.91,89.0,1013.51,1021.03,1.91,1.91,6.0,246.0,WSW,0.0,0.0,0.0,69.34,5999.99,0.0,0.0
2026-09-18T11:00:00Z,2026-09-18T04:00:00-07:00,Brambley,15.61,15.61,13.63,88.0,1013.51,1021.03,2.95,2.95,6.0,245.0,WSW,0.0,0.0,0.0,69.34,5999.99,0.0,0.0
2026-09-18T11:05:00Z,2026-09-18T04:05:00-07:00,Brambley,15.61,15.61,13.63,88.0,1013.24,1020.73,1.91,2.95,6.0,250.0,WSW,0.0,0.0,0.0,69.34,5999.99,0.0,0.0
2026-09-18T11:10:00Z,2026-09-18T04:10:00-07:00,Brambley,15.72,15.72,13.74,88.0,1013.61,1021.13,1.13,2.95,6.0,223.0,SW,0.0,0.0,0.0,69.34,5999.99,0.0,0.0
2026-09-18T11:15:00Z,2026-09-18T04:15:00-07:00,Brambley,15.61,15.61,13.63,88.0,1013.61,1021.13,0.96,0.96,6.0,254.0,WSW,0.0,0.0,0.0,69.34,5999.99,0.0,0.0
2026-09-18T11:20:00Z,2026-09-18T04:20:00-07:00,Brambley,15.72,15.72,13.74,88.0,1013.61,1021.13,2.17,2.95,6.0,234.0,SW,0.0,0.0,0.0,69.34,5999.99,0.0,0.0
2026-09-18T11:25:00Z,2026-09-18T04:25:00-07:00,Brambley,15.5,15.5,13.52,88.0,1013.82,1021.33,1.91,2.95,6.0,254.0,WSW,0.0,0.0,0.0,69.34,5999.99,0.0,0.0
2026-09-18T11:30:00Z,2026-09-18T04:30:00-07:00,Brambley,15.39,15.39,13.41,88.0,1013.82,1021.33,1.39,2.95,6.0,255.0,WSW,0.0,0.0,0.0,69.34,5999.99,0.0,0.0
2026-09-18T11:35:00Z,2026-09-18T04:35:00-07:00,Brambley,15.39,15.39,13.23,87.0,1013.82,1021.33,0.78,0.96,6.0,237.0,WSW,0.0,0.0,0.0,69.34,5999.99,0.0,0.0
2026-09-18T11:40:00Z,2026-09-18T04:40:00-07:00,Brambley,15.5,15.5,13.34,87.0,1013.61,1021.13,0.17,0.96,6.0,228.0,SW,0.0,0.0,0.0,69.34,5999.99,0.0,0.0
2026-09-18T11:45:00Z,2026-09-18T04:45:00-07:00,Brambley,15.39,15.39,13.23,87.0,1013.82,1021.33,0.61,0.96,6.0,252.0,WSW,0.0,0.0,0.0,69.34,5999.99,0.0,0.0
2026-09-18T11:50:00Z,2026-09-18T04:50:00-07:00,Brambley,15.5,15.5,13.34,87.0,1013.82,1021.33,0.96,0.96,6.0,244.0,WSW,0.0,0.0,0.0,69.34,5999.99,0.0,0.0
2026-09-18T11:55:00Z,2026-09-18T04:55:00-07:00,Brambley,15.61,15.61,13.46,87.0,1013.92,1021.44,0.17,0.96,6.0,246.0,WSW,0.0,0.0,0.0,69.34,5999.99,0.0,0.0
2026-09-18T12:00:00Z,2026-09-18T05:00:00-07:00,Brambley,15.72,15.72,13.56,87.0,1013.72,1021.23,1.39,1.91,6.0,241.0,WSW,0.0,0.0,0.0,69.34,5999.99,0.0,0.0
2026-09-18T12:05:00Z,2026-09-18T05:05:00-07:00,Brambley,15.5,15.5,13.34,87.0,1014.02,1021.54,2.17,2.95,6.0,249.0,WSW,0.0,0.0,0.0,69.34,5999.99,0.0,0.0
2026-09-18T12:10:00Z,2026-09-18T05:10:00-07:00,Brambley,15.5,15.5,13.34,87.0,1014.02,1021.54,0.0,0.0,6.0,274.0,W,0.0,0.0,0.0,69.34,5999.99,0.0,0.0
2026-09-18T12:15:00Z,2026-09-18T05:15:00-07:00,Brambley,15.39,15.39,13.23,87.0,1014.02,1021.54,2.52,2.95,6.0,248.0,WSW,0.0,0.0,0.0,69.34,5999.99,0.0,0.0
2026-09-18T12:20:00Z,2026-09-18T05:20:00-07:00,Brambley,15.39,15.39,13.23,87.0,1014.12,1021.64,0.0,0.0,6.0,246.0,WSW,0.0,0.0,0.0,69.34,5999.99,0.0,0.0
2026-09-18T12:25:00Z,2026-09-18T05:25:00-07:00,Brambley,15.39,15.39,13.06,86.0,1014.12,1021.64,0.0,0.0,6.0,253.0,WSW,0.0,0.0,0.0,69.34,5999.99,0.0,0.0
2026-09-18T12:30:00Z,2026-09-18T05:30:00-07:00,Brambley,15.28,15.28,12.95,86.0,1014.02,1021.54,0.17,0.96,6.0,240.0,WSW,0.0,0.0,0.0,69.34,5999.99,0.0,0.0
2026-09-18T12:35:00Z,2026-09-18T05:35:00-07:00,Brambley,15.39,15.39,13.23,87.0,1014.22,1021.74,1.91,1.91,6.0,245.0,WSW,0.0,0.0,0.0,69.34,5999.99,0.0,0.0
2026-09-18T12:40:00Z,2026-09-18T05:40:00-07:00,Brambley,15.5,15.5,13.34,87.0,1014.02,1021.54,0.0,0.0,6.0,242.0,WSW,0.0,0.0,0.0,69.34,5999.99,0.0,0.0
2026-09-18T12:45:00Z,2026-09-18T05:45:00-07:00,Brambley,15.39,15.39,13.23,87.0,1014.22,1021.74,0.0,0.0,6.0,260.0,W,0.0,0.0,0.0,69.34,5999.99,0.0,0.0
2026-09-18T12:50:00Z,2026-09-18T05:50:00-07:00,Brambley,15.39,15.39,13.23,87.0,1014.43,1021.91,0.0,0.0,6.0,257.0,WSW,0.0,0.0,0.0,69.34,5999.99,0.0,0.0
2026-09-18T12:55:00Z,2026-09-18T05:55:00-07:00,Brambley,15.39,15.39,13.23,87.0,1014.43,1021.91,0.0,0.0,6.0,248.0,WSW,0.0,0.0,0.0,69.34,5999.99,0.0,0.0
2026-09-18T13:00:00Z,2026-09-18T06:00:00-07:00,Brambley,15.39,15.39,13.23,87.0,1014.53,1022.01,0.0,0.0,6.0,247.0,WSW,0.0,0.0,0.0,69.34,5999.99,0.0,0.0
2026-09-18T13:05:00Z,2026-09-18T06:05:00-07:00,Brambley,15.39,15.39,13.23,87.0,1014.32,1021.84,0.0,0.0,6.0,248.0,WSW,0.0,0.0,0.0,69.34,5999.99,0.0,0.0
2026-09-18T13:10:00Z,2026-09-18T06:10:00-07:00,Brambley,15.39,15.39,13.23,87.0,1014.32,1021.84,0.17,0.96,6.0,261.0,W,0.0,0.0,0.0,69.34,5999.99,0.0,0.0
2026-09-18T13:15:00Z,2026-09-18T06:15:00-07:00,Brambley,15.39,15.39,13.23,87.0,1014.43,1021.91,0.0,0.0,6.0,236.0,SW,0.0,0.0,0.0,69.34,5999.99,0.0,0.0
2026-09-18T13:20:00Z,2026-09-18T06:20:00-07:00,Brambley,15.28,15.28,13.13,87.0,1014.32,1021.84,0.0,0.0,6.0,248.0,WSW,0.0,0.0,0.0,69.34,5999.99,0.0,0.0
2026-09-18T13:25:00Z,2026-09-18T06:25:00-07:00,Brambley,15.28,15.28,13.13,87.0,1014.63,1022.11,0.0,0.0,6.0,254.0,WSW,0.0,0.0,0.0,69.34,5999.99,0.0,0.0
2026-09-18T13:30:00Z,2026-09-18T06:30:00-07:00,Brambley,15.28,15.28,13.13,87.0,1014.63,1022.11,0.0,0.0,6.0,245.0,WSW,0.0,0.0,0.0,69.34,5999.99,0.0,0.0
2026-09-18T13:35:00Z,2026-09-18T06:35:00-07:00,Brambley,15.28,15.28,13.13,87.0,1014.32,1021.84,0.0,0.0,6.0,249.0,WSW,0.0,0.0,0.0,69.34,5999.99,0.02,0.0
2026-09-18T13:40:00Z,2026-09-18T06:40:00-07:00,Brambley,15.28,15.28,13.13,87.0,1014.53,1022.01,0.0,0.0,6.0,250.0,WSW,0.0,0.0,0.0,69.34,5999.99,0.06,0.0
2026-09-18T13:45:00Z,2026-09-18T06:45:00-07:00,Brambley,15.28,15.28,13.13,87.0,1014.43,1021.91,0.0,0.0,6.0,246.0,WSW,0.0,0.0,0.0,69.34,5999.99,0.17,0.0
2026-09-18T13:50:00Z,2026-09-18T06:50:00-07:00,Brambley,15.22,15.22,13.07,87.0,1014.63,1022.11,0.0,0.0,6.0,251.0,WSW,0.0,0.0,0.0,69.34,5999.99,0.37,0.0
2026-09-18T13:55:00Z,2026-09-18T06:55:00-07:00,Brambley,15.28,15.28,13.13,87.0,1014.43,1021.91,0.78,2.95,6.0,233.0,SW,0.0,0.0,0.0,69.34,5999.99,0.65,0.0
2026-09-18T14:00:00Z,2026-09-18T07:00:00-07:00,Brambley,15.39,15.39,13.23,87.0,1014.53,1022.01,0.0,0.0,6.0,247.0,WSW,0.0,0.0,0.0,69.34,5999.99,0.97,0.0
2026-09-18T14:05:00Z,2026-09-18T07:05:00-07:00,Brambley,15.39,15.39,13.23,87.0,1014.43,1021.91,0.0,0.0,6.0,259.0,W,0.0,0.0,0.0,69.34,5999.99,1.7,0.0
2026-09-18T14:10:00Z,2026-09-18T07:10:00-07:00,Brambley,15.39,15.39,13.23,87.0,1014.63,1022.11,0.0,0.0,6.0,261.0,W,0.0,0.0,0.0,69.34,5999.99,2.25,0.0
2026-09-18T14:15:00Z,2026-09-18T07:15:00-07:00,Brambley,15.22,15.22,13.07,87.0,1014.63,1022.11,0.0,0.0,6.0,268.0,W,0.0,0.0,0.0,69.34,5999.99,2.94,0.0
2026-09-18T14:20:00Z,2026-09-18T07:20:00-07:00,Brambley,15.22,15.22,13.07,87.0,1015.04,1022.52,0.0,0.0,6.0,262.0,W,0.0,0.0,0.0,69.34,5999.99,4.2,0.0
2026-09-18T14:25:00Z,2026-09-18T07:25:00-07:00,Brambley,15.28,15.28,13.13,87.0,1014.73,1022.22,0.17,0.96,6.0,247.0,WSW,0.0,0.0,0.0,69.34,5999.99,5.82,0.0
2026-09-18T14:30:00Z,2026-09-18T07:30:00-07:00,Brambley,15.28,15.28,12.95,86.0,1014.73,1022.22,0.0,0.0,6.0,250.0,WSW,0.0,0.0,0.0,69.34,5999.99,6.54,0.0
2026-09-18T14:35:00Z,2026-09-18T07:35:00-07:00,Brambley,15.39,15.39,13.06,86.0,1014.73,1022.22,0.0,0.0,6.0,257.0,WSW,0.0,0.0,0.0,69.34,5999.99,8.25,0.0
2026-09-18T14:40:00Z,2026-09-18T07:40:00-07:00,Brambley,15.39,15.39,13.06,86.0,1014.83,1022.32,0.0,0.0,6.0,252.0,WSW,0.0,0.0,0.0,69.34,5999.99,9.9,0.0
2026-09-18T14:45:00Z,2026-09-18T07:45:00-07:00,Brambley,15.39,15.39,13.06,86.0,1015.24,1022.72,0.0,0.0,6.0,256.0,WSW,0.0,0.0,0.0,69.34,5999.99,11.67,0.0
2026-09-18T14:50:00Z,2026-09-18T07:50:00-07:00,Brambley,15.28,15.28,12.95,86.0,1014.93,1022.42,0.0,0.0,6.0,261.0,W,0.0,0.0,0.0,69.34,5999.99,10.8,0.0
2026-09-18T14:55:00Z,2026-09-18T07:55:00-07:00,Brambley,15.39,15.39,13.06,86.0,1015.24,1022.72,0.0,0.0,6.0,255.0,WSW,0.0,0.0,0.0,69.34,5999.99,11.04,0.0
2026-09-18T15:00:00Z,2026-09-18T08:00:00-07:00,Brambley,15.39,15.39,13.06,86.0,1015.24,1022.72,0.0,0.0,6.0,256.0,WSW,0.0,0.0,0.0,69.34,5999.99,12.05,0.0
2026-09-18T15:05:00Z,2026-09-18T08:05:00-07:00,Brambley,15.39,15.39,13.06,86.0,1015.24,1022.72,0.0,0.0,6.0,261.0,W,0.0,0.0,0.0,69.34,5999.99,14.74,0.0
2026-09-18T15:10:00Z,2026-09-18T08:10:00-07:00,Brambley,15.39,15.39,13.06,86.0,1015.14,1022.62,0.0,0.0,6.0,253.0,WSW,0.0,0.0,0.0,69.34,5999.99,16.2,0.0
2026-09-18T15:15:00Z,2026-09-18T08:15:00-07:00,Brambley,15.5,15.5,13.17,86.0,1015.04,1022.52,0.0,0.0,6.0,249.0,WSW,0.0,0.0,0.0,69.34,5999.99,17.36,0.0
2026-09-18T15:20:00Z,2026-09-18T08:20:00-07:00,Brambley,15.39,15.39,13.23,87.0,1015.14,1022.62,0.0,0.0,6.0,248.0,WSW,0.0,0.0,0.0,69.34,5999.99,19.59,0.0
2026-09-18T15:25:00Z,2026-09-18T08:25:00-07:00,Brambley,15.39,15.39,13.23,87.0,1015.34,1022.82,0.0,0.0,6.0,230.0,SW,0.0,0.0,0.0,69.34,5999.99,21.72,0.0
2026-09-18T15:30:00Z,2026-09-18T08:30:00-07:00,Brambley,15.39,15.39,13.23,87.0,1015.34,1022.82,0.0,0.0,6.0,251.0,WSW,0.0,0.0,0.0,69.34,5999.99,22.13,0.0
2026-09-18T15:35:00Z,2026-09-18T08:35:00-07:00,Brambley,15.5,15.5,13.34,87.0,1015.34,1022.82,0.0,0.0,6.0,244.0,WSW,0.0,0.0,0.0,69.34,5999.99,24.62,0.0
2026-09-18T15:40:00Z,2026-09-18T08:40:00-07:00,Brambley,15.5,15.5,13.34,87.0,1015.34,1022.82,0.0,0.0,6.0,247.0,WSW,0.0,0.0,0.0,69.34,5999.99,28.63,0.0
2026-09-18T15:45:00Z,2026-09-18T08:45:00-07:00,Brambley,15.61,15.61,13.46,87.0,1015.34,1022.82,0.35,1.91,6.0,340.0,NNW,0.0,0.0,0.0,69.34,5999.99,32.53,0.0
2026-09-18T15:50:00Z,2026-09-18T08:50:00-07:00,Brambley,15.5,15.5,13.17,86.0,1015.34,1022.82,0.0,0.0,6.0,229.0,SW,0.0,0.0,0.0,69.34,5999.99,32.1,0.0
2026-09-18T15:55:00Z,2026-09-18T08:55:00-07:00,Brambley,15.5,15.5,13.17,86.0,1015.44,1022.93,0.0,0.0,6.0,257.0,WSW,0.0,0.0,0.0,69.34,5999.99,33.09,0.0
2026-09-18T16:00:00Z,2026-09-18T09:00:00-07:00,Brambley,15.61,15.61,13.28,86.0,1015.71,1023.23,0.0,0.0,6.0,270.0,W,0.0,0.0,0.0,69.34,5999.99,31.61,0.0
2026-09-18T16:05:00Z,2026-09-18T09:05:00-07:00,Brambley,15.72,15.72,13.38,86.0,1015.61,1023.13,0.0,0.0,6.0,243.0,WSW,0.0,0.0,0.0,69.34,5999.99,34.21,0.0
2026-09-18T16:10:00Z,2026-09-18T09:10:00-07:00,Brambley,15.72,15.72,13.38,86.0,1015.61,1023.13,0.0,0.0,6.0,253.0,WSW,0.0,0.0,0.0,69.34,5999.99,39.88,0.0
2026-09-18T16:15:00Z,2026-09-18T09:15:00-07:00,Brambley,15.78,15.78,13.44,86.0,1015.51,1023.03,0.0,0.0,6.0,231.0,SW,0.0,0.0,0.0,69.34,5999.99,37.17,0.0
2026-09-18T16:20:00Z,2026-09-18T09:20:00-07:00,Brambley,15.72,15.72,13.38,86.0,1015.51,1023.03,0.0,0.0,6.0,246.0,WSW,0.0,0.0,0.0,69.34,5999.99,40.93,0.0
2026-09-18T16:25:00Z,2026-09-18T09:25:00-07:00,Brambley,15.72,15.72,13.56,87.0,1015.34,1022.82,0.0,0.0,6.0,244.0,WSW,0.0,0.0,0.0,69.34,5999.99,44.09,0.0
2026-09-18T16:30:00Z,2026-09-18T09:30:00-07:00,Brambley,15.78,15.78,13.62,87.0,1015.34,1022.82,0.0,0.0,6.0,270.0,W,0.0,0.0,0.0,69.34,5999.99,44.15,0.0
2026-09-18T16:35:00Z,2026-09-18T09:35:00-07:00,Brambley,15.72,15.72,13.56,87.0,1015.51,1023.03,0.0,0.0,6.0,260.0,W,0.0,0.0,0.0,69.34,5999.99,46.42,0.0
2026-09-18T16:40:00Z,2026-09-18T09:40:00-07:00,Brambley,15.72,15.72,13.38,86.0,1015.71,1023.23,1.39,1.91,6.0,235.0,SW,0.0,0.0,0.0,69.34,5999.99,47.86,0.0
2026-09-18T16:45:00Z,2026-09-18T09:45:00-07:00,Brambley,15.78,15.78,13.44,86.0,1015.61,1023.13,0.0,0.0,6.0,254.0,WSW,0.0,0.0,0.0,69.34,5999.99,54.7,0.0
2026-09-18T16:50:00Z,2026-09-18T09:50:00-07:00,Brambley,15.78,15.78,13.44,86.0,1015.51,1023.03,0.0,0.0,6.0,244.0,WSW,0.0,0.0,0.0,69.34,5999.99,50.84,0.0
2026-09-18T16:55:00Z,2026-09-18T09:55:00-07:00,Brambley,15.78,15.78,13.44,86.0,1015.61,1023.13,0.0,0.0,6.0,246.0,WSW,0.0,0.0,0.0,69.34,5999.99,60.13,0.0
2026-09-18T17:00:00Z,2026-09-18T10:00:00-07:00,Brambley,15.78,15.78,13.44,86.0,1015.71,1023.23,0.0,0.0,6.0,259.0,W,0.0,0.0,0.0,69.34,5999.99,59.16,0.0
2026-09-18T17:05:00Z,2026-09-18T10:05:00-07:00,Brambley,15.89,15.89,13.55,86.0,1015.82,1023.33,0.0,0.0,6.0,256.0,WSW,0.0,0.0,0.0,69.34,5999.99,64.7,0.0
2026-09-18T17:10:00Z,2026-09-18T10:10:00-07:00,Brambley,15.89,15.89,13.55,86.0,1015.61,1023.13,0.0,0.0,6.0,254.0,WSW,0.0,0.0,0.0,69.34,5999.99,69.84,0.0
2026-09-18T17:15:00Z,2026-09-18T10:15:00-07:00,Brambley,16.0,16.0,13.48,85.0,1015.92,1023.43,0.17,0.96,6.0,273.0,W,0.0,0.0,0.0,69.34,5999.99,66.91,0.0
2026-09-18T17:20:00Z,2026-09-18T10:20:00-07:00,Brambley,16.11,16.11,13.58,85.0,1015.92,1023.43,0.0,0.0,6.0,250.0,WSW,0.0,0.0,0.0,69.34,5999.99,73.99,0.0
2026-09-18T17:25:00Z,2026-09-18T10:25:00-07:00,Brambley,16.0,16.0,13.48,85.0,1015.82,1023.33,0.0,0.0,6.0,260.0,W,0.0,0.0,0.0,69.34,5999.99,75.15,0.0
2026-09-18T17:30:00Z,2026-09-18T10:30:00-07:00,Brambley,16.0,16.0,13.48,85.0,1015.92,1023.43,0.0,0.0,6.0,248.0,WSW,0.0,0.0,0.0,69.34,5999.99,85.44,0.0
2026-09-18T17:35:00Z,2026-09-18T10:35:00-07:00,Brambley,16.28,16.28,13.75,85.0,1016.02,1023.54,0.0,0.0,6.0,256.0,WSW,0.0,0.0,0.0,69.34,5999.99,85.43,0.0
2026-09-18T17:40:00Z,2026-09-18T10:40:00-07:00,Brambley,16.39,16.39,13.68,84.0,1016.12,1023.64,0.0,0.0,6.0,232.0,SW,0.0,0.0,0.0,69.34,5999.99,99.88,0.0
2026-09-18T17:45:00Z,2026-09-18T10:45:00-07:00,Brambley,16.28,16.28,13.57,84.0,1016.02,1023.54,0.0,0.0,6.0,254.0,WSW,0.0,0.0,0.0,69.34,5999.99,109.17,1.0
2026-09-18T17:50:00Z,2026-09-18T10:50:00-07:00,Brambley,16.5,16.5,13.6,83.0,1016.12,1023.64,0.0,0.0,6.0,253.0,WSW,0.0,0.0,0.0,69.34,5999.99,93.7,0.0
2026-09-18T17:55:00Z,2026-09-18T10:55:00-07:00,Brambley,16.28,16.28,13.38,83.0,1016.02,1023.54,0.0,0.0,6.0,246.0,WSW,0.0,0.0,0.0,69.34,5999.99,96.53,0.0
2026-09-18T18:00:00Z,2026-09-18T11:00:00-07:00,Brambley,16.39,16.39,13.49,83.0,1015.92,1023.43,0.0,0.0,6.0,251.0,WSW,0.0,0.0,0.0,69.34,5999.99,91.46,0.0
2026-09-18T18:05:00Z,2026-09-18T11:05:00-07:00,Brambley,16.61,16.61,13.52,82.0,1015.82,1023.33,0.0,0.0,6.0,261.0,W,0.0,0.0,0.0,69.34,5999.99,102.57,0.0
2026-09-18T18:10:00Z,2026-09-18T11:10:00-07:00,Brambley,16.61,16.61,13.52,82.0,1016.02,1023.54,0.0,0.0,6.0,246.0,WSW,0.0,0.0,0.0,69.34,5999.99,105.49,1.0
2026-09-18T18:15:00Z,2026-09-18T11:15:00-07:00,Brambley,16.61,16.61,13.71,83.0,1016.22,1023.74,1.39,1.91,6.0,266.0,W,0.0,0.0,0.0,69.34,5999.99,116.87,1.0
2026-09-18T18:20:00Z,2026-09-18T11:20:00-07:00,Brambley,16.61,16.61,13.71,83.0,1016.12,1023.64,0.0,0.0,6.0,253.0,WSW,0.0,0.0,0.0,69.34,5999.99,133.4,1.0
2026-09-18T18:25:00Z,2026-09-18T11:25:00-07:00,Brambley,16.61,16.61,13.71,83.0,1016.02,1023.54,2.17,2.95,6.0,246.0,WSW,0.0,0.0,0.0,69.34,5999.99,138.76,1.0
2026-09-18T18:30:00Z,2026-09-18T11:30:00-07:00,Brambley,16.72,16.72,13.63,82.0,1016.22,1023.74,0.0,0.0,6.0,257.0,WSW,0.0,0.0,0.0,69.34,5999.99,140.54,1.0
2026-09-18T18:35:00Z,2026-09-18T11:35:00-07:00,Brambley,16.78,16.78,13.68,82.0,1016.22,1023.74,1.91,1.91,6.0,249.0,WSW,0.0,0.0,0.0,69.34,5999.99,130.96,1.0
2026-09-18T18:40:00Z,2026-09-18T11:40:00-07:00,Brambley,16.61,16.61,13.33,81.0,1016.32,1023.84,0.0,0.0,6.0,251.0,WSW,0.0,0.0,0.0,69.34,5999.99,124.36,1.0
2026-09-18T18:45:00Z,2026-09-18T11:45:00-07:00,Brambley,16.72,16.72,13.44,81.0,1016.63,1024.11,0.35,0.96,6.0,258.0,WSW,0.0,0.0,0.0,69.34,5999.99,126.9,1.0
2026-09-18T18:50:00Z,2026-09-18T11:50:00-07:00,Brambley,16.72,16.72,13.63,82.0,1016.22,1023.74,0.0,0.0,6.0,246.0,WSW,0.0,0.0,0.0,69.34,5999.99,114.04,1.0
2026-09-18T18:55:00Z,2026-09-18T11:55:00-07:00,Brambley,16.72,16.72,13.82,83.0,1016.32,1023.84,1.13,1.91,6.0,220.0,SW,0.0,0.0,0.0,69.34,5999.99,107.28,1.0
2026-09-18T19:00:00Z,2026-09-18T12:00:00-07:00,Brambley,16.61,16.61,13.71,83.0,1016.22,1023.74,0.0,0.0,6.0,253.0,WSW,0.0,0.0,0.0,69.34,5999.99,120.38,1.0
2026-09-18T19:05:00Z,2026-09-18T12:05:00-07:00,Brambley,16.5,16.5,13.6,83.0,1016.22,1023.74,1.56,1.91,6.0,244.0,WSW,0.0,0.0,0.0,69.34,5999.99,148.07,1.0
2026-09-18T19:10:00Z,2026-09-18T12:10:00-07:00,Brambley,16.5,16.5,13.6,83.0,1016.53,1024.01,1.91,1.91,6.0,246.0,WSW,0.0,0.0,0.0,69.34,5999.99,111.44,1.0
2026-09-18T19:15:00Z,2026-09-18T12:15:00-07:00,Brambley,16.61,16.61,13.71,83.0,1016.22,1023.74,1.74,2.95,6.0,229.0,SW,0.0,0.0,0.0,69.34,5999.99,123.6,1.0
2026-09-18T19:20:00Z,2026-09-18T12:20:00-07:00,Brambley,16.78,16.78,13.68,82.0,1016.32,1023.84,0.78,0.96,6.0,243.0,WSW,0.0,0.0,0.0,69.34,5999.99,113.98,1.0
2026-09-18T19:25:00Z,2026-09-18T12:25:00-07:00,Brambley,16.72,16.72,13.63,82.0,1016.32,1023.84,0.78,1.91,6.0,224.0,SW,0.0,0.0,0.0,69.34,5999.99,131.95,1.0
2026-09-18T19:30:00Z,2026-09-18T12:30:00-07:00,Brambley,17.0,17.0,14.09,83.0,1016.42,1023.94,0.0,0.0,6.0,236.0,SW,0.0,0.0,0.0,69.34,5999.99,127.62,1.0
2026-09-18T19:35:00Z,2026-09-18T12:35:00-07:00,Brambley,16.78,16.78,13.68,82.0,1016.22,1023.74,0.0,0.0,6.0,249.0,WSW,0.0,0.0,0.0,69.34,5999.99,154.11,1.0
2026-09-18T19:40:00Z,2026-09-18T12:40:00-07:00,Brambley,16.78,16.78,13.49,81.0,1016.53,1024.01,1.13,1.91,6.0,254.0,WSW,0.0,0.0,0.0,69.34,5999.99,180.55,1.0
2026-09-18T19:45:00Z,2026-09-18T12:45:00-07:00,Brambley,17.11,17.11,13.63,80.0,1016.22,1023.74,1.91,2.95,6.0,273.0,W,0.0,0.0,0.0,69.34,5999.99,186.99,1.0
2026-09-18T19:50:00Z,2026-09-18T12:50:00-07:00,Brambley,17.0,17.0,13.52,80.0,1016.53,1024.01,2.95,2.95,6.0,219.0,SW,0.0,0.0,0.0,69.34,5999.99,160.44,1.0
2026-09-18T19:55:00Z,2026-09-18T12:55:00-07:00,Brambley,16.89,16.89,13.41,80.0,1016.12,1023.64,1.39,2.95,6.0,254.0,WSW,0.0,0.0,0.0,69.34,5999.99,172.23,1.0
2026-09-18T20:00:00Z,2026-09-18T13:00:00-07:00,Brambley,17.0,17.0,13.52,80.0,1016.22,1023.74,0.17,0.96,6.0,242.0,WSW,0.0,0.0,0.0,69.34,5999.99,187.43,1.0
2026-09-18T20:05:00Z,2026-09-18T13:05:00-07:00,Brambley,17.22,17.22,13.74,80.0,1016.22,1023.74,1.91,2.95,6.0,215.0,SW,0.0,0.0,0.0,69.34,5999.99,173.85,1.0
2026-09-18T20:10:00Z,2026-09-18T13:10:00-07:00,Brambley,17.11,17.11,13.82,81.0,1016.22,1023.74,2.69,6.0,7.04,245.0,WSW,0.0,0.0,0.0,69.34,5999.99,162.79,1.0
2026-09-18T20:15:00Z,2026-09-18T13:15:00-07:00,Brambley,17.22,17.22,13.93,81.0,1016.53,1024.01,1.56,1.91,7.04,242.0,WSW,0.0,0.0,0.0,69.34,5999.99,170.73,1.0
2026-09-18T20:20:00Z,2026-09-18T13:20:00-07:00,Brambley,17.11,17.11,13.82,81.0,1016.42,1023.94,0.17,0.96,7.04,246.0,WSW,0.0,0.0,0.0,69.34,5999.99,152.87,1.0
2026-09-18T20:25:00Z,2026-09-18T13:25:00-07:00,Brambley,17.0,17.0,13.9,82.0,1016.42,1023.94,1.56,1.91,7.04,245.0,WSW,0.0,0.0,0.0,69.34,5999.99,167.21,1.0
2026-09-18T20:30:00Z,2026-09-18T13:30:00-07:00,Brambley,17.11,17.11,13.82,81.0,1016.42,1023.94,0.96,0.96,7.04,246.0,WSW,0.0,0.0,0.0,69.34,5999.99,164.16,1.0
2026-09-18T20:35:00Z,2026-09-18T13:35:00-07:00,Brambley,17.11,17.11,13.82,81.0,1016.22,1023.74,1.91,2.95,7.04,239.0,WSW,0.0,0.0,0.0,69.34,5999.99,165.85,1.0
2026-09-18T20:40:00Z,2026-09-18T13:40:00-07:00,Brambley,17.22,17.22,13.93,81.0,1016.53,1024.01,3.13,5.04,7.04,254.0,WSW,0.0,0.0,0.0,69.34,5999.99,164.11,1.0
2026-09-18T20:45:00Z,2026-09-18T13:45:00-07:00,Brambley,17.22,17.22,13.93,81.0,1016.22,1023.74,1.56,1.91,7.04,238.0,WSW,0.0,0.0,0.0,69.34,5999.99,164.07,1.0
2026-09-18T20:50:00Z,2026-09-18T13:50:00-07:00,Brambley,17.0,17.0,13.71,81.0,1016.22,1023.74,3.74,5.04,7.04,253.0,WSW,0.0,0.0,0.0,69.34,5999.99,159.68,1.0
2026-09-18T20:55:00Z,2026-09-18T13:55:00-07:00,Brambley,17.0,17.0,13.71,81.0,1016.12,1023.64,2.52,3.91,7.04,251.0,WSW,0.0,0.0,0.0,69.34,5999.99,167.84,1.0
2026-09-18T21:00:00Z,2026-09-18T14:00:00-07:00,Brambley,17.0,17.0,13.71,81.0,1016.12,1023.64,0.78,1.91,7.04,247.0,WSW,0.0,0.0,0.0,69.34,5999.99,179.88,1.0
2026-09-18T21:05:00Z,2026-09-18T14:05:00-07:00,Brambley,17.11,17.11,13.82,81.0,1016.02,1023.54,1.13,1.91,7.04,219.0,SW,0.0,0.0,0.0,69.34,5999.99,167.06,1.0
2026-09-18T21:10:00Z,2026-09-18T14:10:00-07:00,Brambley,16.89,16.89,13.79,82.0,1015.92,1023.43,0.35,0.96,7.04,206.0,SSW,0.0,0.0,0.0,69.34,5999.99,170.21,1.0
2026-09-18T21:15:00Z,2026-09-18T14:15:00-07:00,Brambley,17.0,17.0,13.71,81.0,1016.12,1023.64,3.91,6.0,7.04,240.0,WSW,0.0,0.0,0.0,69.34,5999.99,201.97,1.0
2026-09-18T21:20:00Z,2026-09-18T14:20:00-07:00,Brambley,16.78,16.78,13.49,81.0,1016.32,1023.84,2.17,2.95,7.99,247.0,WSW,0.0,0.0,0.0,69.34,5999.99,203.42,1.0
2026-09-18T21:25:00Z,2026-09-18T14:25:00-07:00,Brambley,17.11,17.11,13.82,81.0,1016.02,1023.54,4.43,6.0,7.99,197.0,SSW,0.0,0.0,0.0,69.34,5999.99,194.41,1.0
2026-09-18T21:30:00Z,2026-09-18T14:30:00-07:00,Brambley,17.22,17.22,14.12,82.0,1015.92,1023.43,0.35,0.96,7.99,291.0,WNW,0.0,0.0,0.0,69.34,5999.99,204.48,1.0
2026-09-18T21:35:00Z,2026-09-18T14:35:00-07:00,Brambley,17.28,17.28,14.17,82.0,1016.02,1023.54,0.61,0.96,7.99,256.0,WSW,0.0,0.0,0.0,69.34,5999.99,185.68,1.0
2026-09-18T21:40:00Z,2026-09-18T14:40:00-07:00,Brambley,17.0,17.0,13.9,82.0,1016.02,1023.54,1.56,1.91,7.99,232.0,SW,0.0,0.0,0.0,69.34,5999.99,184.8,1.0
2026-09-18T21:45:00Z,2026-09-18T14:45:00-07:00,Brambley,16.89,16.89,13.98,83.0,1015.92,1023.43,2.95,3.91,7.99,236.0,SW,0.0,0.0,0.0,69.34,5999.99,198.9,1.0
2026-09-18T21:50:00Z,2026-09-18T14:50:00-07:00,Brambley,16.89,16.89,13.98,83.0,1015.92,1023.43,1.91,2.95,7.99,244.0,WSW,0.0,0.0,0.0,69.34,5999.99,197.14,1.0
2026-09-18T21:55:00Z,2026-09-18T14:55:00-07:00,Brambley,16.78,16.78,13.87,83.0,1015.92,1023.43,2.17,2.95,7.99,213.0,SSW,0.0,0.0,0.0,69.34,5999.99,197.64,1.0
2026-09-18T22:00:00Z,2026-09-18T15:00:00-07:00,Brambley,17.11,17.11,14.2,83.0,1015.92,1023.43,1.91,2.95,7.99,222.0,SW,0.0,0.0,0.0,69.34,5999.99,193.88,1.0
2026-09-18T22:05:00Z,2026-09-18T15:05:00-07:00,Brambley,16.89,16.89,13.98,83.0,1016.12,1023.64,1.39,2.95,7.99,261.0,W,0.0,0.0,0.0,69.34,5999.99,179.99,1.0
2026-09-18T22:10:00Z,2026-09-18T15:10:00-07:00,Brambley,16.89,16.89,13.98,83.0,1015.82,1023.33,0.0,0.0,7.99,248.0,WSW,0.0,0.0,0.0,69.34,5999.99,201.75,1.0
2026-09-18T22:15:00Z,2026-09-18T15:15:00-07:00,Brambley,17.0,17.0,14.09,83.0,1015.82,1023.33,0.78,0.96,7.99,223.0,SW,0.0,0.0,0.0,69.34,5999.99,203.97,1.0
2026-09-18T22:20:00Z,2026-09-18T15:20:00-07:00,Brambley,16.89,16.89,13.98,83.0,1015.61,1023.13,2.52,2.95,7.99,248.0,WSW,0.0,0.0,0.0,69.34,5999.99,204.24,1.0
2026-09-18T22:25:00Z,2026-09-18T15:25:00-07:00,Brambley,17.0,17.0,14.09,83.0,1015.71,1023.23,1.39,1.91,7.99,225.0,SW,0.0,0.0,0.0,69.34,5999.99,200.46,1.0
2026-09-18T22:30:00Z,2026-09-18T15:30:00-07:00,Brambley,16.78,16.78,14.06,84.0,1015.82,1023.33,2.35,2.95,7.99,231.0,SW,0.0,0.0,0.0,69.34,5999.99,174.88,1.0
2026-09-18T22:35:00Z,2026-09-18T15:35:00-07:00,Brambley,16.72,16.72,14.0,84.0,1015.82,1023.33,0.61,1.91,7.99,244.0,WSW,0.0,0.0,0.0,69.34,5999.99,137.83,1.0
2026-09-18T22:40:00Z,2026-09-18T15:40:00-07:00,Brambley,16.78,16.78,14.24,85.0,1015.92,1023.43,2.35,3.91,7.99,240.0,WSW,0.0,0.0,0.0,69.34,5999.99,131.21,1.0
2026-09-18T22:45:00Z,2026-09-18T15:45:00-07:00,Brambley,16.61,16.61,14.08,85.0,1016.02,1023.54,2.35,2.95,7.99,232.0,SW,0.0,0.0,0.0,69.34,5999.99,128.43,1.0
2026-09-18T22:50:00Z,2026-09-18T15:50:00-07:00,Brambley,16.61,16.61,14.08,85.0,1015.71,1023.23,2.35,2.95,7.99,253.0,WSW,0.0,0.0,0.0,69.34,5999.99,133.72,1.0
2026-09-18T22:55:00Z,2026-09-18T15:55:00-07:00,Brambley,16.5,16.5,13.97,85.0,1015.82,1023.33,2.52,2.95,7.99,256.0,WSW,0.0,0.0,0.0,69.34,5999.99,136.78,1.0
2026-09-18T23:00:00Z,2026-09-18T16:00:00-07:00,Brambley,16.61,16.61,14.08,85.0,1015.82,1023.33,1.13,1.91,7.99,251.0,WSW,0.0,0.0,0.0,69.34,5999.99,127.69,1.0
2026-09-18T23:05:00Z,2026-09-18T16:05:00-07:00,Brambley,16.39,16.39,13.86,85.0,1015.82,1023.33,0.78,1.91,7.99,238.0,WSW,0.0,0.0,0.0,69.34,5999.99,135.27,1.0
2026-09-18T23:10:00Z,2026-09-18T16:10:00-07:00,Brambley,16.5,16.5,13.97,85.0,1015.82,1023.33,3.74,6.0,7.99,263.0,W,0.0,0.0,0.0,69.34,5999.99,129.33,1.0
2026-09-18T23:15:00Z,2026-09-18T16:15:00-07:00,Brambley,16.5,16.5,13.97,85.0,1015.82,1023.33,3.48,5.04,7.99,225.0,SW,0.0,0.0,0.0,69.34,5999.99,121.7,1.0
2026-09-18T23:20:00Z,2026-09-18T16:20:00-07:00,Brambley,16.61,16.61,14.08,85.0,1015.92,1023.43,0.0,0.0,7.99,243.0,WSW,0.0,0.0,0.0,69.34,5999.99,121.77,1.0
2026-09-18T23:25:00Z,2026-09-18T16:25:00-07:00,Brambley,16.72,16.72,14.18,85.0,1016.12,1023.64,3.3,3.91,7.99,225.0,SW,0.0,0.0,0.0,69.34,5999.99,114.77,1.0
2026-09-18T23:30:00Z,2026-09-18T16:30:00-07:00,Brambley,16.39,16.39,14.04,86.0,1015.92,1023.43,3.3,3.91,7.99,258.0,WSW,0.0,0.0,0.0,69.34,5999.99,98.98,0.0
2026-09-18T23:35:00Z,2026-09-18T16:35:00-07:00,Brambley,16.39,16.39,14.04,86.0,1015.82,1023.33,0.78,1.91,7.99,233.0,SW,0.0,0.0,0.0,69.34,5999.99,82.99,0.0
2026-09-18T23:40:00Z,2026-09-18T16:40:00-07:00,Brambley,16.28,16.28,13.93,86.0,1015.82,1023.33,0.78,0.96,7.99,247.0,WSW,0.0,0.0,0.0,69.34,5999.99,76.31,0.0
2026-09-18T23:45:00Z,2026-09-18T16:45:00-07:00,Brambley,16.0,16.0,13.48,85.0,1015.92,1023.43,3.13,3.91,7.99,240.0,WSW,0.0,0.0,0.0,69.34,5999.99,71.21,0.0
2026-09-18T23:50:00Z,2026-09-18T16:50:00-07:00,Brambley,16.11,16.11,13.58,85.0,1015.92,1023.43,0.61,1.91,7.99,254.0,WSW,0.0,0.0,0.0,69.34,5999.99,64.66,0.0
2026-09-18T23:55:00Z,2026-09-18T16:55:00-07:00,Brambley,16.11,16.11,13.58,85.0,1015.82,1023.33,1.74,2.95,7.99,235.0,SW,0.0,0.0,0.0,69.34,5999.99,64.65,0.0
2026-09-19T00:00:00Z,2026-09-18T17:00:00-07:00,Brambley,16.22,16.22,13.69,85.0,1015.71,1023.23,2.95,2.95,7.99,237.0,WSW,0.0,0.0,0.0,69.34,5999.99,60.81,0.0
2026-09-19T00:05:00Z,2026-09-18T17:05:00-07:00,Brambley,16.11,16.11,13.77,86.0,1015.92,1023.43,0.0,0.0,7.99,249.0,WSW,0.0,0.0,0.0,69.34,5999.99,60.24,0.0
2026-09-19T00:10:00Z,2026-09-18T17:10:00-07:00,Brambley,16.22,16.22,13.88,86.0,1015.92,1023.43,1.91,2.95,7.99,253.0,WSW,0.0,0.0,0.0,69.34,5999.99,60.33,0.0
2026-09-19T00:15:00Z,2026-09-18T17:15:00-07:00,Brambley,16.11,16.11,13.58,85.0,1015.92,1023.43,0.35,1.91,7.99,242.0,WSW,0.0,0.0,0.0,69.34,5999.99,59.73,0.0
2026-09-19T00:20:00Z,2026-09-18T17:20:00-07:00,Brambley,16.22,16.22,13.69,85.0,1015.92,1023.43,0.0,0.0,7.99,246.0,WSW,0.0,0.0,0.0,69.34,5999.99,60.35,0.0
2026-09-19T00:25:00Z,2026-09-18T17:25:00-07:00,Brambley,16.11,16.11,13.41,84.0,1015.82,1023.33,0.78,1.91,7.99,260.0,W,0.0,0.0,0.0,69.34,5999.99,60.82,0.0
2026-09-19T00:30:00Z,2026-09-18T17:30:00-07:00,Brambley,16.0,16.0,13.11,83.0,1015.82,1023.33,1.13,1.91,7.99,232.0,SW,0.0,0.0,0.0,69.34,5999.99,58.63,0.0
2026-09-19T00:35:00Z,2026-09-18T17:35:00-07:00,Brambley,16.0,16.0,13.11,83.0,1015.82,1023.33,0.17,0.96,7.99,257.0,WSW,0.0,0.0,0.0,69.34,5999.99,43.88,0.0
2026-09-19T00:40:00Z,2026-09-18T17:40:00-07:00,Brambley,15.89,15.89,12.82,82.0,1015.82,1023.33,0.17,0.96,7.99,221.0,SW,0.0,0.0,0.0,69.34,5999.99,39.24,0.0
2026-09-19T00:45:00Z,2026-09-18T17:45:00-07:00,Brambley,16.11,16.11,13.03,82.0,1015.82,1023.33,1.74,1.91,7.99,231.0,SW,0.0,0.0,0.0,69.34,5999.99,34.86,0.0
2026-09-19T00:50:00Z,2026-09-18T17:50:00-07:00,Brambley,16.11,16.11,13.03,82.0,1015.82,1023.33,1.39,1.91,7.99,232.0,SW,0.0,0.0,0.0,69.34,5999.99,31.97,0.0
2026-09-19T00:55:00Z,2026-09-18T17:55:00-07:00,Brambley,16.0,16.0,12.74,81.0,1015.82,1023.33,0.0,0.0,7.99,255.0,WSW,0.0,0.0,0.0,69.34,5999.99,30.39,0.0
2026-09-19T01:00:00Z,2026-09-18T18:00:00-07:00,Brambley,16.11,16.11,12.84,81.0,1015.71,1023.23,2.17,2.95,7.99,256.0,WSW,0.0,0.0,0.0,69.34,5999.99,29.18,0.0
2026-09-19T01:05:00Z,2026-09-18T18:05:00-07:00,Brambley,16.0,16.0,12.93,82.0,1015.82,1023.33,1.91,2.95,7.99,242.0,WSW,0.0,0.0,0.0,69.34,5999.99,25.7,0.0
2026-09-19T01:10:00Z,2026-09-18T18:10:00-07:00,Brambley,15.89,15.89,12.63,81.0,1015.82,1023.33,1.91,2.95,7.99,236.0,SW,0.0,0.0,0.0,69.34,5999.99,23.29,0.0
2026-09-19T01:15:00Z,2026-09-18T18:15:00-07:00,Brambley,15.89,15.89,12.63,81.0,1015.71,1023.23,1.56,1.91,7.99,232.0,SW,0.0,0.0,0.0,69.34,5999.99,22.74,0.0
2026-09-19T01:20:00Z,2026-09-18T18:20:00-07:00,Brambley,15.89,15.89,12.63,81.0,1015.44,1022.93,0.0,0.0,7.99,246.0,WSW,0.0,0.0,0.0,69.34,5999.99,20.64,0.0
2026-09-19T01:25:00Z,2026-09-18T18:25:00-07:00,Brambley,16.0,16.0,12.74,81.0,1015.51,1023.03,2.95,3.91,7.99,230.0,SW,0.0,0.0,0.0,69.34,5999.99,17.58,0.0
2026-09-19T01:30:00Z,2026-09-18T18:30:00-07:00,Brambley,16.0,16.0,12.74,81.0,1015.61,1023.13,0.0,0.0,7.99,243.0,WSW,0.0,0.0,0.0,69.34,5999.99,14.93,0.0
2026-09-19T01:35:00Z,2026-09-18T18:35:00-07:00,Brambley,15.89,15.89,12.82,82.0,1015.44,1022.93,1.13,1.91,7.99,251.0,WSW,0.0,0.0,0.0,69.34,5999.99,12.17,0.0
2026-09-19T01:40:00Z,2026-09-18T18:40:00-07:00,Brambley,15.89,15.89,12.82,82.0,1015.51,1023.03,2.35,2.95,7.99,232.0,SW,0.0,0.0,0.0,69.34,5999.99,10.3,0.0
2026-09-19T01:45:00Z,2026-09-18T18:45:00-07:00,Brambley,15.72,15.72,12.47,81.0,1015.51,1023.03,1.91,1.91,7.99,249.0,WSW,0.0,0.0,0.0,69.34,5999.99,8.9,0.0
2026-09-19T01:50:00Z,2026-09-18T18:50:00-07:00,Brambley,15.72,15.72,12.47,81.0,1015.51,1023.03,0.0,0.0,7.99,252.0,WSW,0.0,0.0,0.0,69.34,5999.99,6.29,0.0
2026-09-19T01:55:00Z,2026-09-18T18:55:00-07:00,Brambley,15.72,15.72,12.47,81.0,1015.61,1023.13,0.0,0.0,7.99,252.0,WSW,0.0,0.0,0.0,69.34,5999.99,4.59,0.0
2026-09-19T02:00:00Z,2026-09-18T19:00:00-07:00,Brambley,15.72,15.72,12.47,81.0,1015.51,1023.03,0.0,0.0,7.99,251.0,WSW,0.0,0.0,0.0,69.34,5999.99,3.36,0.0
2026-09-19T02:05:00Z,2026-09-18T19:05:00-07:00,Brambley,15.72,15.72,12.47,81.0,1015.44,1022.93,0.0,0.0,7.99,259.0,W,0.0,0.0,0.0,69.34,5999.99,2.53,0.0
2026-09-19T02:10:00Z,2026-09-18T19:10:00-07:00,Brambley,15.72,15.72,12.66,82.0,1015.44,1022.93,0.0,0.0,7.99,250.0,WSW,0.0,0.0,0.0,69.34,5999.99,1.83,0.0
2026-09-19T02:15:00Z,2026-09-18T19:15:00-07:00,Brambley,15.61,15.61,12.54,82.0,1015.51,1023.03,0.0,0.0,7.99,248.0,WSW,0.0,0.0,0.0,69.34,5999.99,1.29,0.0
2026-09-19T02:20:00Z,2026-09-18T19:20:00-07:00,Brambley,15.61,15.61,12.54,82.0,1015.61,1023.13,0.0,0.0,7.99,257.0,WSW,0.0,0.0,0.0,69.34,5999.99,0.89,0.0
2026-09-19T02:25:00Z,2026-09-18T19:25:00-07:00,Brambley,15.5,15.5,12.44,82.0,1015.34,1022.82,0.0,0.0,7.99,262.0,W,0.0,0.0,0.0,69.34,5999.99,0.55,0.0
2026-09-19T02:30:00Z,2026-09-18T19:30:00-07:00,Brambley,15.39,15.39,12.33,82.0,1015.44,1022.93,0.0,0.0,7.99,249.0,WSW,0.0,0.0,0.0,69.34,5999.99,0.3,0.0
2026-09-19T02:35:00Z,2026-09-18T19:35:00-07:00,Brambley,15.5,15.5,12.62,83.0,1015.51,1023.03,0.0,0.0,7.99,246.0,WSW,0.0,0.0,0.0,69.34,5999.99,0.13,0.0
2026-09-19T02:40:00Z,2026-09-18T19:40:00-07:00,Brambley,15.5,15.5,12.62,83.0,1015.34,1022.82,0.0,0.0,7.99,244.0,WSW,0.0,0.0,0.0,69.34,5999.99,0.05,0.0
2026-09-19T02:45:00Z,2026-09-18T19:45:00-07:00,Brambley,15.5,15.5,12.62,83.0,1015.14,1022.62,2.17,2.95,7.99,242.0,WSW,0.0,0.0,0.0,69.34,5999.99,0.02,0.0
2026-09-19T02:50:00Z,2026-09-18T19:50:00-07:00,Brambley,15.39,15.39,12.52,83.0,1015.61,1023.13,0.0,0.0,7.99,246.0,WSW,0.0,0.0,0.0,69.34,5999.99,0.0,0.0
2026-09-19T02:55:00Z,2026-09-18T19:55:00-07:00,Brambley,15.5,15.5,12.62,83.0,1015.44,1022.93,0.0,0.0,7.99,256.0,WSW,0.0,0.0,0.0,69.34,5999.99,0.0,0.0
2026-09-19T03:00:00Z,2026-09-18T20:00:00-07:00,Brambley,15.39,15.39,12.52,83.0,1015.51,1023.03,0.0,0.0,7.99,255.0,WSW,0.0,0.0,0.0,69.34,5999.99,0.0,0.0
2026-09-19T03:05:00Z,2026-09-18T20:05:00-07:00,Brambley,15.39,15.39,12.52,83.0,1015.51,1023.03,0.0,0.0,7.99,248.0,WSW,0.0,0.0,0.0,69.34,5999.99,0.0,0.0
2026-09-19T03:10:00Z,2026-09-18T20:10:00-07:00,Brambley,15.5,15.5,12.62,83.0,1015.61,1023.13,0.0,0.0,7.99,253.0,WSW,0.0,0.0,0.0,69.34,5999.99,0.0,0.0
2026-09-19T03:15:00Z,2026-09-18T20:15:00-07:00,Brambley,15.28,15.28,12.41,83.0,1015.51,1023.03,0.0,0.0,7.99,252.0,WSW,0.0,0.0,0.0,69.34,5999.99,0.0,0.0
2026-09-19T03:20:00Z,2026-09-18T20:20:00-07:00,Brambley,15.39,15.39,12.52,83.0,1015.71,1023.23,0.0,0.0,7.99,256.0,WSW,0.0,0.0,0.0,69.34,5999.99,0.0,0.0
2026-09-19T03:25:00Z,2026-09-18T20:25:00-07:00,Brambley,15.39,15.39,12.52,83.0,1015.61,1023.13,0.0,0.0,7.99,256.0,WSW,0.0,0.0,0.0,69.34,5999.99,0.0,0.0
2026-09-19T03:30:00Z,2026-09-18T20:30:00-07:00,Brambley,15.39,15.39,12.7,84.0,1015.51,1023.03,0.0,0.0,7.99,256.0,WSW,0.0,0.0,0.0,69.34,5999.99,0.0,0.0
2026-09-19T03:35:00Z,2026-09-18T20:35:00-07:00,Brambley,15.28,15.28,12.59,84.0,1015.51,1023.03,0.0,0.0,7.99,256.0,WSW,0.0,0.0,0.0,69.34,5999.99,0.0,0.0
2026-09-19T03:40:00Z,2026-09-18T20:40:00-07:00,Brambley,15.28,15.28,12.59,84.0,1015.61,1023.13,1.13,1.91,7.99,232.0,SW,0.0,0.0,0.0,69.34,5999.99,0.0,0.0
2026-09-19T03:46:00Z,2026-09-18T20:46:00-07:00,Brambley,15.28,15.28,12.41,83.0,1015.51,1023.03,0.0,0.0,7.99,238.0,WSW,0.0,0.0,0.0,69.34,5999.99,0.0,0.0
2026-09-19T03:50:00Z,2026-09-18T20:50:00-07:00,Brambley,15.28,15.28,12.41,83.0,1015.44,1022.93,0.0,0.0,7.99,248.0,WSW,0.0,0.0,0.0,69.34,5999.99,0.0,0.0
2026-09-19T03:55:00Z,2026-09-18T20:55:00-07:00,Brambley,15.39,15.39,12.52,83.0,1015.71,1023.23,3.3,3.91,7.99,200.0,SSW,0.0,0.0,0.0,69.34,5999.99,0.0,0.0
2026-09-19T04:00:00Z,2026-09-18T21:00:00-07:00,Brambley,15.28,15.28,12.41,83.0,1015.51,1023.03,1.13,1.91,7.99,227.0,SW,0.0,0.0,0.0,69.34,5999.99,0.0,0.0
2026-09-19T04:06:00Z,2026-09-18T21:06:00-07:00,Brambley,15.28,15.28,12.41,83.0,1015.61,1023.13,0.17,0.96,7.99,237.0,WSW,0.0,0.0,0.0,69.34,5999.99,0.0,0.0
2026-09-19T04:10:00Z,2026-09-18T21:10:00-07:00,Brambley,15.22,15.22,12.35,83.0,1015.51,1023.03,0.0,0.0,7.99,253.0,WSW,0.0,0.0,0.0,69.34,5999.99,0.0,0.0
2026-09-19T04:15:00Z,2026-09-18T21:15:00-07:00,Brambley,15.22,15.22,12.35,83.0,1015.51,1023.03,0.0,0.0,7.99,248.0,WSW,0.0,0.0,0.0,69.34,5999.99,0.0,0.0
2026-09-19T04:20:00Z,2026-09-18T21:20:00-07:00,Brambley,15.28,15.28,12.41,83.0,1015.61,1023.13,0.0,0.0,7.99,248.0,WSW,0.0,0.0,0.0,69.34,5999.99,0.0,0.0
2026-09-19T04:26:00Z,2026-09-18T21:26:00-07:00,Brambley,15.22,15.22,12.35,83.0,1015.51,1023.03,0.0,0.0,7.99,250.0,WSW,0.0,0.0,0.0,69.34,5999.99,0.0,0.0
2026-09-19T04:30:00Z,2026-09-18T21:30:00-07:00,Brambley,15.22,15.22,12.35,83.0,1015.61,1023.13,0.0,0.0,7.99,251.0,WSW,0.0,0.0,0.0,69.34,5999.99,0.0,0.0
2026-09-19T04:35:00Z,2026-09-18T21:35:00-07:00,Brambley,15.22,15.22,12.53,84.0,1015.92,1023.43,0.0,0.0,7.99,247.0,WSW,0.0,0.0,0.0,69.34,5999.99,0.0,0.0
2026-09-19T04:40:00Z,2026-09-18T21:40:00-07:00,Brambley,15.0,15.0,12.13,83.0,1015.51,1023.03,0.0,0.0,7.99,246.0,WSW,0.0,0.0,0.0,69.34,5999.99,0.0,0.0
2026-09-19T04:46:00Z,2026-09-18T21:46:00-07:00,Brambley,15.11,15.11,12.24,83.0,1015.51,1023.03,0.61,1.91,7.99,239.0,WSW,0.0,0.0,0.0,69.34,5999.99,0.0,0.0
2026-09-19T04:50:00Z,2026-09-18T21:50:00-07:00,Brambley,15.11,15.11,12.24,83.0,1015.71,1023.23,0.0,0.0,7.99,256.0,WSW,0.0,0.0,0.0,69.34,5999.99,0.0,0.0
2026-09-19T04:55:00Z,2026-09-18T21:55:00-07:00,Brambley,15.11,15.11,12.24,83.0,1015.51,1023.03,0.0,0.0,7.99,237.0,WSW,0.0,0.0,0.0,69.34,5999.99,0.0,0.0
2026-09-19T05:00:00Z,2026-09-18T22:00:00-07:00,Brambley,15.11,15.11,12.24,83.0,1015.44,1022.93,0.0,0.0,7.99,247.0,WSW,0.0,0.0,0.0,69.34,5999.99,0.0,0.0
2026-09-19T05:06:00Z,2026-09-18T22:06:00-07:00,Brambley,15.22,15.22,12.35,83.0,1015.51,1023.03,0.17,0.96,7.99,238.0,WSW,0.0,0.0,0.0,69.34,5999.99,0.0,0.0
2026-09-19T05:10:00Z,2026-09-18T22:10:00-07:00,Brambley,15.11,15.11,12.43,84.0,1015.61,1023.13,0.61,0.96,7.99,232.0,SW,0.0,0.0,0.0,69.34,5999.99,0.0,0.0
2026-09-19T05:15:00Z,2026-09-18T22:15:00-07:00,Brambley,15.0,15.0,12.13,83.0,1015.51,1023.03,2.17,2.95,7.99,250.0,WSW,0.0,0.0,0.0,69.34,5999.99,0.0,0.0
2026-09-19T05:20:00Z,2026-09-18T22:20:00-07:00,Brambley,15.0,15.0,12.13,83.0,1015.44,1022.93,0.17,0.96,7.99,241.0,WSW,0.0,0.0,0.0,69.34,5999.99,0.0,0.0
2026-09-19T05:26:00Z,2026-09-18T22:26:00-07:00,Brambley,15.11,15.11,12.24,83.0,1015.24,1022.72,0.0,0.0,7.99,247.0,WSW,0.0,0.0,0.0,69.34,5999.99,0.0,0.0
2026-09-19T05:30:00Z,2026-09-18T22:30:00-07:00,Brambley,15.0,15.0,12.13,83.0,1015.44,1022.93,0.0,0.0,7.99,259.0,W,0.0,0.0,0.0,69.34,5999.99,0.0,0.0
2026-09-19T05:35:00Z,2026-09-18T22:35:00-07:00,Brambley,15.0,15.0,12.13,83.0,1015.44,1022.93,0.0,0.0,7.99,245.0,WSW,0.0,0.0,0.0,69.34,5999.99,0.0,0.0
2026-09-19T05:40:00Z,2026-09-18T22:40:00-07:00,Brambley,15.0,15.0,12.13,83.0,1015.14,1022.62,0.0,0.0,7.99,255.0,WSW,0.0,0.0,0.0,69.34,5999.99,0.0,0.0
2026-09-19T05:46:00Z,2026-09-18T22:46:00-07:00,Brambley,15.0,15.0,12.13,83.0,1015.44,1022.93,0.0,0.0,7.99,252.0,WSW,0.0,0.0,0.0,69.34,5999.99,0.0,0.0
2026-09-19T05:50:00Z,2026-09-18T22:50:00-07:00,Brambley,15.0,15.0,12.13,83.0,1015.24,1022.72,0.0,0.0,7.99,243.0,WSW,0.0,0.0,0.0,69.34,5999.99,0.0,0.0
2026-09-19T05:55:00Z,2026-09-18T22:55:00-07:00,Brambley,14.89,14.89,12.03,83.0,1015.34,1022.82,0.0,0.0,7.99,255.0,WSW,0.0,0.0,0.0,69.34,5999.99,0.0,0.0
2026-09-19T06:00:00Z,2026-09-18T23:00:00-07:00,Brambley,15.0,15.0,12.13,83.0,1015.44,1022.93,0.0,0.0,7.99,255.0,WSW,0.0,0.0,0.0,69.34,5999.99,0.0,0.0
2026-09-19T06:06:00Z,2026-09-18T23:06:00-07:00,Brambley,14.78,14.78,12.1,84.0,1015.04,1022.52,0.0,0.0,7.99,255.0,WSW,0.0,0.0,0.0,69.34,5999.99,0.0,0.0
2026-09-19T06:10:00Z,2026-09-18T23:10:00-07:00,Brambley,14.78,14.78,12.1,84.0,1015.34,1022.82,0.0,0.0,7.99,252.0,WSW,0.0,0.0,0.0,69.34,5999.99,0.0,0.0
2026-09-19T06:15:00Z,2026-09-18T23:15:00-07:00,Brambley,14.78,14.78,12.1,84.0,1015.14,1022.62,0.0,0.0,7.99,249.0,WSW,0.0,0.0,0.0,69.34,5999.99,0.0,0.0
2026-09-19T06:20:00Z,2026-09-18T23:20:00-07:00,Brambley,14.78,14.78,12.1,84.0,1015.24,1022.72,0.0,0.0,7.99,249.0,WSW,0.0,0.0,0.0,69.34,5999.99,0.0,0.0
2026-09-19T06:26:00Z,2026-09-18T23:26:00-07:00,Brambley,14.78,14.78,12.1,84.0,1015.14,1022.62,0.0,0.0,7.99,255.0,WSW,0.0,0.0,0.0,69.34,5999.99,0.0,0.0
2026-09-19T06:30:00Z,2026-09-18T23:30:00-07:00,Brambley,14.72,14.72,12.04,84.0,1015.14,1022.62,0.0,0.0,7.99,255.0,WSW,0.0,0.0,0.0,69.34,5999.99,0.0,0.0
2026-09-19T06:35:00Z,2026-09-18T23:35:00-07:00,Brambley,14.72,14.72,12.04,84.0,1015.24,1022.72,0.0,0.0,7.99,250.0,WSW,0.0,0.0,0.0,69.34,5999.99,0.0,0.0
2026-09-19T06:40:00Z,2026-09-18T23:40:00-07:00,Brambley,14.78,14.78,12.1,84.0,1015.34,1022.82,0.0,0.0,7.99,258.0,WSW,0.0,0.0,0.0,69.34,5999.99,0.0,0.0
2026-09-19T06:46:00Z,2026-09-18T23:46:00-07:00,Brambley,14.78,14.78,12.28,85.0,1015.34,1022.82,0.0,0.0,7.99,260.0,W,0.0,0.0,0.0,69.34,5999.99,0.0,0.0
2026-09-19T06:50:00Z,2026-09-18T23:50:00-07:00,Brambley,14.78,14.78,12.28,85.0,1015.24,1022.72,0.0,0.0,7.99,249.0,WSW,0.0,0.0,0.0,69.34,5999.99,0.0,0.0
2026-09-19T06:55:00Z,2026-09-18T23:55:00-07:00,Brambley,14.72,14.72,12.22,85.0,1015.24,1022.72,0.17,0.96,7.99,255.0,WSW,0.0,0.0,0.0,69.34,5999.99,0.0,0.0
2026-09-19T07:00:00Z,2026-09-19T00:00:00-07:00,Brambley,14.72,14.72,12.22,85.0,1015.24,1022.72,0.0,0.0,0.0,250.0,WSW,0.0,0.0,0.0,69.34,5999.99,0.0,0.0
2026-09-19T07:06:00Z,2026-09-19T00:06:00-07:00,Brambley,14.89,14.89,12.39,85.0,1015.24,1022.72,0.0,0.0,0.0,240.0,WSW,0.0,0.0,0.0,69.34,5999.99,0.0,0.0
2026-09-19T07:10:00Z,2026-09-19T00:10:00-07:00,Brambley,14.78,14.78,12.28,85.0,1015.14,1022.62,0.0,0.0,0.0,239.0,WSW,0.0,0.0,0.0,69.34,5999.99,0.0,0.0
2026-09-19T07:15:00Z,2026-09-19T00:15:00-07:00,Brambley,14.72,14.72,12.22,85.0,1015.14,1022.62,0.0,0.0,0.0,256.0,WSW,0.0,0.0,0.0,69.34,5999.99,0.0,0.0
2026-09-19T07:20:00Z,2026-09-19T00:20:00-07:00,Brambley,14.61,14.61,12.12,85.0,1015.24,1022.72,0.0,0.0,0.0,253.0,WSW,0.0,0.0,0.0,69.34,5999.99,0.0,0.0
2026-09-19T07:26:00Z,2026-09-19T00:26:00-07:00,Brambley,14.72,14.72,12.22,85.0,1015.34,1022.82,0.0,0.0,0.0,248.0,WSW,0.0,0.0,0.0,69.34,5999.99,0.0,0.0
2026-09-19T07:30:00Z,2026-09-19T00:30:00-07:00,Brambley,14.72,14.72,12.22,85.0,1015.44,1022.93,0.0,0.0,0.0,261.0,W,0.0,0.0,0.0,69.34,5999.99,0.0,0.0
2026-09-19T07:35:00Z,2026-09-19T00:35:00-07:00,Brambley,14.72,14.72,12.04,84.0,1015.44,1022.93,0.0,0.0,0.0,260.0,W,0.0,0.0,0.0,69.34,5999.99,0.0,0.0
2026-09-19T07:40:00Z,2026-09-19T00:40:00-07:00,Brambley,14.61,14.61,12.12,85.0,1015.34,1022.82,0.0,0.0,0.0,260.0,W,0.0,0.0,0.0,69.34,5999.99,0.0,0.0
2026-09-19T07:46:00Z,2026-09-19T00:46:00-07:00,Brambley,14.72,14.72,12.22,85.0,1015.34,1022.82,0.0,0.0,0.0,260.0,W,0.0,0.0,0.0,69.34,5999.99,0.0,0.0
2026-09-19T07:50:00Z,2026-09-19T00:50:00-07:00,Brambley,14.72,14.72,12.22,85.0,1015.34,1022.82,0.0,0.0,0.0,255.0,WSW,0.0,0.0,0.0,69.34,5999.99,0.0,0.0
2026-09-19T07:55:00Z,2026-09-19T00:55:00-07:00,Brambley,14.78,14.78,12.28,85.0,1015.34,1022.82,0.0,0.0,0.0,256.0,WSW,0.0,0.0,0.0,69.34,5999.99,0.0,0.0
2026-09-19T08:00:00Z,2026-09-19T01:00:00-07:00,Brambley,14.72,14.72,12.4,86.0,1015.24,1022.72,0.0,0.0,0.0,256.0,WSW,0.0,0.0,0.0,69.34,5999.99,0.0,0.0
2026-09-19T08:06:00Z,2026-09-19T01:06:00-07:00,Brambley,14.61,14.61,12.29,86.0,1015.24,1022.72,0.0,0.0,0.0,256.0,WSW,0.0,0.0,0.0,69.34,5999.99,0.0,0.0
2026-09-19T08:10:00Z,2026-09-19T01:10:00-07:00,Brambley,14.61,14.61,12.47,87.0,1015.34,1022.82,0.0,0.0,0.0,256.0,WSW,0.0,0.0,0.0,69.34,5999.99,0.0,0.0
2026-09-19T08:15:00Z,2026-09-19T01:15:00-07:00,Brambley,14.61,14.61,12.47,87.0,1015.24,1022.72,0.0,0.0,0.0,256.0,WSW,0.0,0.0,0.0,69.34,5999.99,0.0,0.0
2026-09-19T08:20:00Z,2026-09-19T01:20:00-07:00,Brambley,14.39,14.39,12.25,87.0,1015.14,1022.62,0.0,0.0,0.0,256.0,WSW,0.0,0.0,0.0,69.34,5999.99,0.0,0.0
2026-09-19T08:26:00Z,2026-09-19T01:26:00-07:00,Brambley,14.39,14.39,12.43,88.0,1014.93,1022.42,0.0,0.0,0.0,256.0,WSW,0.0,0.0,0.0,69.34,5999.99,0.0,0.0
2026-09-19T08:30:00Z,2026-09-19T01:30:00-07:00,Brambley,14.39,14.39,12.43,88.0,1015.14,1022.62,0.0,0.0,0.0,256.0,WSW,0.0,0.0,0.0,69.34,5999.99,0.0,0.0
2026-09-19T08:35:00Z,2026-09-19T01:35:00-07:00,Brambley,14.39,14.39,12.43,88.0,1015.24,1022.72,0.0,0.0,0.0,256.0,WSW,0.0,0.0,0.0,69.34,5999.99,0.0,0.0
2026-09-19T08:40:00Z,2026-09-19T01:40:00-07:00,Brambley,14.28,14.28,12.49,89.0,1014.93,1022.42,0.0,0.0,0.0,256.0,WSW,0.0,0.0,0.0,69.34,5999.99,0.0,0.0
2026-09-19T08:46:00Z,2026-09-19T01:46:00-07:00,Brambley,14.22,14.22,12.43,89.0,1014.93,1022.42,0.0,0.0,0.0,256.0,WSW,0.0,0.0,0.0,69.34,5999.99,0.0,0.0
2026-09-19T08:50:00Z,2026-09-19T01:50:00-07:00,Brambley,14.22,14.22,12.43,89.0,1015.04,1022.52,0.0,0.0,0.0,256.0,WSW,0.0,0.0,0.0,69.34,5999.99,0.0,0.0
2026-09-19T08:55:00Z,2026-09-19T01:55:00-07:00,Brambley,14.22,14.22,12.43,89.0,1015.04,1022.52,0.0,0.0,0.0,256.0,WSW,0.0,0.0,0.0,69.34,5999.99,0.0,0.0
2026-09-19T09:00:00Z,2026-09-19T02:00:00-07:00,Brambley,14.22,14.22,12.61,90.0,1014.93,1022.42,0.0,0.0,0.0,255.0,WSW,0.0,0.0,0.0,69.34,5999.99,0.0,0.0
2026-09-19T09:06:00Z,2026-09-19T02:06:00-07:00,Brambley,14.11,14.11,12.49,90.0,1015.04,1022.52,0.0,0.0,0.0,255.0,WSW,0.0,0.0,0.0,69.34,5999.99,0.0,0.0
2026-09-19T09:10:00Z,2026-09-19T02:10:00-07:00,Brambley,14.11,14.11,12.49,90.0,1015.04,1022.52,0.0,0.0,0.0,255.0,WSW,0.0,0.0,0.0,69.34,5999.99,0.0,0.0
2026-09-19T09:15:00Z,2026-09-19T02:15:00-07:00,Brambley,14.22,14.22,12.61,90.0,1014.93,1022.42,0.0,0.0,0.0,255.0,WSW,0.0,0.0,0.0,69.34,5999.99,0.0,0.0
2026-09-19T09:20:00Z,2026-09-19T02:20:00-07:00,Brambley,14.11,14.11,12.49,90.0,1015.24,1022.72,0.0,0.0,0.0,255.0,WSW,0.0,0.0,0.0,69.34,5999.99,0.0,0.0
2026-09-19T09:26:00Z,2026-09-19T02:26:00-07:00,Brambley,14.0,14.0,12.56,91.0,1014.83,1022.32,0.0,0.0,0.0,255.0,WSW,0.0,0.0,0.0,69.34,5999.99,0.0,0.0
2026-09-19T09:30:00Z,2026-09-19T02:30:00-07:00,Brambley,14.0,14.0,12.56,91.0,1015.04,1022.52,0.0,0.0,0.0,255.0,WSW,0.0,0.0,0.0,69.34,5999.99,0.0,0.0
2026-09-19T09:35:00Z,2026-09-19T02:35:00-07:00,Brambley,14.0,14.0,12.56,91.0,1014.93,1022.42,0.0,0.0,0.0,255.0,WSW,0.0,0.0,0.0,69.34,5999.99,0.0,0.0
2026-09-19T09:40:00Z,2026-09-19T02:40:00-07:00,Brambley,14.0,14.0,12.56,91.0,1015.04,1022.52,0.0,0.0,0.0,255.0,WSW,0.0,0.0,0.0,69.34,5999.99,0.0,0.0
2026-09-19T09:46:00Z,2026-09-19T02:46:00-07:00,Brambley,13.89,13.89,12.44,91.0,1014.83,1022.32,0.0,0.0,0.0,256.0,WSW,0.0,0.0,0.0,69.34,5999.99,0.0,0.0
2026-09-19T09:50:00Z,2026-09-19T02:50:00-07:00,Brambley,13.89,13.89,12.44,91.0,1015.04,1022.52,0.0,0.0,0.0,256.0,WSW,0.0,0.0,0.0,69.34,5999.99,0.0,0.0
2026-09-19T09:55:00Z,2026-09-19T02:55:00-07:00,Brambley,13.89,13.89,12.61,92.0,1014.93,1022.42,0.0,0.0,0.0,256.0,WSW,0.0,0.0,0.0,69.34,5999.99,0.0,0.0
2026-09-19T10:00:00Z,2026-09-19T03:00:00-07:00,Brambley,13.89,13.89,12.61,92.0,1014.83,1022.32,0.0,0.0,0.0,256.0,WSW,0.0,0.0,0.0,69.34,5999.99,0.0,0.0
2026-09-19T10:06:00Z,2026-09-19T03:06:00-07:00,Brambley,13.89,13.89,12.61,92.0,1014.93,1022.42,0.0,0.0,0.0,257.0,WSW,0.0,0.0,0.0,69.34,5999.99,0.0,0.0
2026-09-19T10:10:00Z,2026-09-19T03:10:00-07:00,Brambley,13.78,13.78,12.5,92.0,1014.93,1022.42,0.0,0.0,0.0,257.0,WSW,0.0,0.0,0.0,69.34,5999.99,0.0,0.0
2026-09-19T10:15:00Z,2026-09-19T03:15:00-07:00,Brambley,13.72,13.72,12.44,92.0,1014.83,1022.32,0.0,0.0,0.0,257.0,WSW,0.0,0.0,0.0,69.34,5999.99,0.0,0.0
2026-09-19T10:20:00Z,2026-09-19T03:20:00-07:00,Brambley,13.72,13.72,12.44,92.0,1014.73,1022.22,0.0,0.0,0.0,257.0,WSW,0.0,0.0,0.0,69.34,5999.99,0.0,0.0
2026-09-19T10:26:00Z,2026-09-19T03:26:00-07:00,Brambley,13.72,13.72,12.44,92.0,1014.83,1022.32,0.0,0.0,0.0,257.0,WSW,0.0,0.0,0.0,69.34,5999.99,0.0,0.0
2026-09-19T10:30:00Z,2026-09-19T03:30:00-07:00,Brambley,13.72,13.72,12.44,92.0,1014.73,1022.22,0.0,0.0,0.0,257.0,WSW,0.0,0.0,0.0,69.34,5999.99,0.0,0.0
2026-09-19T10:35:00Z,2026-09-19T03:35:00-07:00,Brambley,13.72,13.72,12.44,92.0,1014.73,1022.22,0.0,0.0,0.0,257.0,WSW,0.0,0.0,0.0,69.34,5999.99,0.0,0.0
2026-09-19T10:40:00Z,2026-09-19T03:40:00-07:00,Brambley,13.72,13.72,12.44,92.0,1014.93,1022.42,0.0,0.0,0.0,257.0,WSW,0.0,0.0,0.0,69.34,5999.99,0.0,0.0
2026-09-19T10:46:00Z,2026-09-19T03:46:00-07:00,Brambley,13.72,13.72,12.44,92.0,1015.04,1022.52,0.0,0.0,0.0,255.0,WSW,0.0,0.0,0.0,69.34,5999.99,0.0,0.0
2026-09-19T10:50:00Z,2026-09-19T03:50:00-07:00,Brambley,13.61,13.61,12.33,92.0,1014.93,1022.42,0.0,0.0,0.0,255.0,WSW,0.0,0.0,0.0,69.34,5999.99,0.0,0.0
2026-09-19T10:55:00Z,2026-09-19T03:55:00-07:00,Brambley,13.61,13.61,12.33,92.0,1014.63,1022.11,0.0,0.0,0.0,256.0,WSW,0.0,0.0,0.0,69.34,5999.99,0.0,0.0
2026-09-19T11:00:00Z,2026-09-19T04:00:00-07:00,Brambley,13.61,13.61,12.33,92.0,1014.73,1022.22,0.0,0.0,0.0,256.0,WSW,0.0,0.0,0.0,69.34,5999.99,0.0,0.0
2026-09-19T11:06:00Z,2026-09-19T04:06:00-07:00,Brambley,13.61,13.61,12.5,93.0,1014.73,1022.22,0.0,0.0,0.0,256.0,WSW,0.0,0.0,0.0,69.34,5999.99,0.0,0.0
2026-09-19T11:10:00Z,2026-09-19T04:10:00-07:00,Brambley,13.72,13.72,12.61,93.0,1014.73,1022.22,0.0,0.0,0.0,256.0,WSW,0.0,0.0,0.0,69.34,5999.99,0.0,0.0
2026-09-19T11:15:00Z,2026-09-19T04:15:00-07:00,Brambley,13.61,13.61,12.5,93.0,1014.83,1022.32,0.0,0.0,0.0,256.0,WSW,0.0,0.0,0.0,69.34,5999.99,0.0,0.0
2026-09-19T11:20:00Z,2026-09-19T04:20:00-07:00,Brambley,13.61,13.61,12.5,93.0,1014.83,1022.32,0.0,0.0,0.0,256.0,WSW,0.0,0.0,0.0,69.34,5999.99,0.0,0.0
2026-09-19T11:26:00Z,2026-09-19T04:26:00-07:00,Brambley,13.5,13.5,12.39,93.0,1014.73,1022.22,0.0,0.0,0.0,256.0,WSW,0.0,0.0,0.0,69.34,5999.99,0.0,0.0
2026-09-19T11:30:00Z,2026-09-19T04:30:00-07:00,Brambley,13.61,13.61,12.5,93.0,1014.83,1022.32,0.0,0.0,0.0,255.0,WSW,0.0,0.0,0.0,69.34,5999.99,0.0,0.0
2026-09-19T11:35:00Z,2026-09-19T04:35:00-07:00,Brambley,13.61,13.61,12.5,93.0,1014.63,1022.11,0.0,0.0,0.0,256.0,WSW,0.0,0.0,0.0,69.34,5999.99,0.0,0.0
2026-09-19T11:40:00Z,2026-09-19T04:40:00-07:00,Brambley,13.61,13.61,12.5,93.0,1014.73,1022.22,0.0,0.0,0.0,256.0,WSW,0.0,0.0,0.0,69.34,5999.99,0.0,0.0
2026-09-19T11:46:00Z,2026-09-19T04:46:00-07:00,Brambley,13.5,13.5,12.39,93.0,1014.63,1022.11,0.0,0.0,0.0,256.0,WSW,0.0,0.0,0.0,69.34,5999.99,0.0,0.0
2026-09-19T11:50:00Z,2026-09-19T04:50:00-07:00,Brambley,13.5,13.5,12.39,93.0,1014.63,1022.11,0.0,0.0,0.0,256.0,WSW,0.0,0.0,0.0,69.34,5999.99,0.0,0.0
2026-09-19T11:55:00Z,2026-09-19T04:55:00-07:00,Brambley,13.61,13.61,12.5,93.0,1014.83,1022.32,0.0,0.0,0.0,256.0,WSW,0.0,0.0,0.0,69.34,5999.99,0.0,0.0
2026-09-19T12:00:00Z,2026-09-19T05:00:00-07:00,Brambley,13.5,13.5,12.39,93.0,1014.53,1022.01,0.0,0.0,0.0,256.0,WSW,0.0,0.0,0.0,69.34,5999.99,0.0,0.0
2026-09-19T12:06:00Z,2026-09-19T05:06:00-07:00,Brambley,13.5,13.5,12.39,93.0,1014.73,1022.22,0.0,0.0,0.0,256.0,WSW,0.0,0.0,0.0,69.34,5999.99,0.0,0.0
2026-09-19T12:10:00Z,2026-09-19T05:10:00-07:00,Brambley,13.39,13.39,12.28,93.0,1014.73,1022.22,0.0,0.0,0.0,256.0,WSW,0.0,0.0,0.0,69.34,5999.99,0.0,0.0
2026-09-19T12:15:00Z,2026-09-19T05:15:00-07:00,Brambley,13.5,13.5,12.39,93.0,1014.73,1022.22,0.0,0.0,0.0,256.0,WSW,0.0,0.0,0.0,69.34,5999.99,0.0,0.0
2026-09-19T12:20:00Z,2026-09-19T05:20:00-07:00,Brambley,13.5,13.5,12.39,93.0,1014.93,1022.42,0.0,0.0,0.0,256.0,WSW,0.0,0.0,0.0,69.34,5999.99,0.0,0.0
2026-09-19T12:26:00Z,2026-09-19T05:26:00-07:00,Brambley,13.5,13.5,12.39,93.0,1014.73,1022.22,0.0,0.0,0.0,256.0,WSW,0.0,0.0,0.0,69.34,5999.99,0.0,0.0
2026-09-19T12:30:00Z,2026-09-19T05:30:00-07:00,Brambley,13.39,13.39,12.28,93.0,1014.73,1022.22,0.0,0.0,0.0,256.0,WSW,0.0,0.0,0.0,69.34,5999.99,0.0,0.0
2026-09-19T12:35:00Z,2026-09-19T05:35:00-07:00,Brambley,13.39,13.39,12.28,93.0,1014.83,1022.32,0.0,0.0,0.0,256.0,WSW,0.0,0.0,0.0,69.34,5999.99,0.0,0.0
2026-09-19T12:40:00Z,2026-09-19T05:40:00-07:00,Brambley,13.39,13.39,12.28,93.0,1014.83,1022.32,0.0,0.0,0.0,256.0,WSW,0.0,0.0,0.0,69.34,5999.99,0.0,0.0
2026-09-19T12:46:00Z,2026-09-19T05:46:00-07:00,Brambley,13.39,13.39,12.28,93.0,1014.93,1022.42,0.0,0.0,0.0,256.0,WSW,0.0,0.0,0.0,69.34,5999.99,0.0,0.0
2026-09-19T12:50:00Z,2026-09-19T05:50:00-07:00,Brambley,13.39,13.39,12.28,93.0,1014.93,1022.42,0.0,0.0,0.0,256.0,WSW,0.0,0.0,0.0,69.34,5999.99,0.0,0.0
2026-09-19T12:55:00Z,2026-09-19T05:55:00-07:00,Brambley,13.5,13.5,12.39,93.0,1014.83,1022.32,0.0,0.0,0.0,256.0,WSW,0.0,0.0,0.0,69.34,5999.99,0.0,0.0
2026-09-19T13:00:00Z,2026-09-19T06:00:00-07:00,Brambley,13.5,13.5,12.39,93.0,1014.73,1022.22,0.0,0.0,0.0,256.0,WSW,0.0,0.0,0.0,69.34,5999.99,0.0,0.0
2026-09-19T13:05:00Z,2026-09-19T06:05:00-07:00,Brambley,13.39,13.39,12.28,93.0,1014.93,1022.42,0.0,0.0,0.0,256.0,WSW,0.0,0.0,0.0,69.34,5999.99,0.0,0.0
2026-09-19T13:10:00Z,2026-09-19T06:10:00-07:00,Brambley,13.5,13.5,12.39,93.0,1014.93,1022.42,0.0,0.0,0.0,256.0,WSW,0.0,0.0,0.0,69.34,5999.99,0.0,0.0
2026-09-19T13:15:00Z,2026-09-19T06:15:00-07:00,Brambley,13.39,13.39,12.28,93.0,1014.83,1022.32,0.0,0.0,0.0,256.0,WSW,0.0,0.0,0.0,69.34,5999.99,0.0,0.0
2026-09-19T13:20:00Z,2026-09-19T06:20:00-07:00,Brambley,13.28,13.28,12.17,93.0,1014.83,1022.32,0.0,0.0,0.0,256.0,WSW,0.0,0.0,0.0,69.34,5999.99,0.0,0.0
2026-09-19T13:26:00Z,2026-09-19T06:26:00-07:00,Brambley,13.28,13.28,12.17,93.0,1014.83,1022.32,0.0,0.0,0.0,256.0,WSW,0.0,0.0,0.0,69.34,5999.99,0.0,0.0
2026-09-19T13:30:00Z,2026-09-19T06:30:00-07:00,Brambley,13.22,13.22,12.12,93.0,1014.53,1022.01,0.0,0.0,0.0,255.0,WSW,0.0,0.0,0.0,69.34,5999.99,0.0,0.0
2026-09-19T13:35:00Z,2026-09-19T06:35:00-07:00,Brambley,13.28,13.28,12.17,93.0,1014.63,1022.11,0.0,0.0,0.0,255.0,WSW,0.0,0.0,0.0,69.34,5999.99,0.02,0.0
2026-09-19T13:40:00Z,2026-09-19T06:40:00-07:00,Brambley,13.28,13.28,12.17,93.0,1014.73,1022.22,0.0,0.0,0.0,255.0,WSW,0.0,0.0,0.0,69.34,5999.99,0.08,0.0
2026-09-19T13:46:00Z,2026-09-19T06:46:00-07:00,Brambley,13.28,13.28,12.17,93.0,1014.93,1022.42,0.0,0.0,0.0,255.0,WSW,0.0,0.0,0.0,69.34,5999.99,0.25,0.0
2026-09-19T13:50:00Z,2026-09-19T06:50:00-07:00,Brambley,13.22,13.22,12.12,93.0,1014.93,1022.42,0.0,0.0,0.0,256.0,WSW,0.0,0.0,0.0,69.34,5999.99,0.5,0.0
2026-09-19T13:55:00Z,2026-09-19T06:55:00-07:00,Brambley,13.22,13.22,12.12,93.0,1014.63,1022.11,0.0,0.0,0.0,256.0,WSW,0.0,0.0,0.0,69.34,5999.99,1.0,0.0
2026-09-19T14:00:00Z,2026-09-19T07:00:00-07:00,Brambley,13.22,13.22,12.12,93.0,1014.53,1022.01,0.0,0.0,0.0,256.0,WSW,0.0,0.0,0.0,69.34,5999.99,1.66,0.0
2026-09-19T14:05:00Z,2026-09-19T07:05:00-07:00,Brambley,13.22,13.22,12.12,93.0,1014.73,1022.22,0.0,0.0,0.0,256.0,WSW,0.0,0.0,0.0,69.34,5999.99,2.58,0.0
2026-09-19T14:10:00Z,2026-09-19T07:10:00-07:00,Brambley,13.28,13.28,12.17,93.0,1014.83,1022.32,0.0,0.0,0.0,256.0,WSW,0.0,0.0,0.0,69.34,5999.99,3.54,0.0
2026-09-19T14:15:00Z,2026-09-19T07:15:00-07:00,Brambley,13.28,13.28,12.17,93.0,1014.83,1022.32,0.0,0.0,0.0,256.0,WSW,0.0,0.0,0.0,69.34,5999.99,4.61,0.0
2026-09-19T14:20:00Z,2026-09-19T07:20:00-07:00,Brambley,13.22,13.22,12.12,93.0,1014.93,1022.42,0.0,0.0,0.0,256.0,WSW,0.0,0.0,0.0,69.34,5999.99,5.93,0.0
2026-09-19T14:25:00Z,2026-09-19T07:25:00-07:00,Brambley,13.22,13.22,12.12,93.0,1014.93,1022.42,0.0,0.0,0.0,256.0,WSW,0.0,0.0,0.0,69.34,5999.99,7.96,0.0
2026-09-19T14:30:00Z,2026-09-19T07:30:00-07:00,Brambley,13.28,13.28,12.17,93.0,1015.04,1022.52,0.0,0.0,0.0,256.0,WSW,0.0,0.0,0.0,69.34,5999.99,9.55,0.0
2026-09-19T14:35:00Z,2026-09-19T07:35:00-07:00,Brambley,13.28,13.28,12.17,93.0,1014.83,1022.32,0.0,0.0,0.0,256.0,WSW,0.0,0.0,0.0,69.34,5999.99,12.06,0.0
2026-09-19T14:40:00Z,2026-09-19T07:40:00-07:00,Brambley,13.39,13.39,12.28,93.0,1015.04,1022.52,0.0,0.0,0.0,256.0,WSW,0.0,0.0,0.0,69.34,5999.99,14.74,0.0
2026-09-19T14:46:00Z,2026-09-19T07:46:00-07:00,Brambley,13.39,13.39,12.28,93.0,1014.83,1022.32,0.0,0.0,0.0,256.0,WSW,0.0,0.0,0.0,69.34,5999.99,14.78,0.0
2026-09-19T14:50:00Z,2026-09-19T07:50:00-07:00,Brambley,13.28,13.28,12.17,93.0,1014.93,1022.42,0.0,0.0,0.0,256.0,WSW,0.0,0.0,0.0,69.34,5999.99,18.15,0.0
2026-09-19T14:55:00Z,2026-09-19T07:55:00-07:00,Brambley,13.28,13.28,12.17,93.0,1014.93,1022.42,0.0,0.0,0.0,256.0,WSW,0.0,0.0,0.0,69.34,5999.99,26.4,0.0
2026-09-19T15:00:00Z,2026-09-19T08:00:00-07:00,Brambley,13.39,13.39,12.28,93.0,1014.83,1022.32,0.0,0.0,0.0,256.0,WSW,0.0,0.0,0.0,69.34,5999.99,25.19,0.0
2026-09-19T15:06:00Z,2026-09-19T08:06:00-07:00,Brambley,13.5,13.5,12.39,93.0,1014.93,1022.42,0.0,0.0,0.0,256.0,WSW,0.0,0.0,0.0,69.34,5999.99,30.73,0.0
2026-09-19T15:10:00Z,2026-09-19T08:10:00-07:00,Brambley,13.5,13.5,12.39,93.0,1015.14,1022.62,0.0,0.0,0.0,256.0,WSW,0.0,0.0,0.0,69.34,5999.99,29.86,0.0
2026-09-19T15:15:00Z,2026-09-19T08:15:00-07:00,Brambley,13.61,13.61,12.5,93.0,1015.04,1022.52,0.0,0.0,0.0,256.0,WSW,0.0,0.0,0.0,69.34,5999.99,34.38,0.0
2026-09-19T15:20:00Z,2026-09-19T08:20:00-07:00,Brambley,13.61,13.61,12.5,93.0,1014.93,1022.42,0.0,0.0,0.0,256.0,WSW,0.0,0.0,0.0,69.34,5999.99,38.6,0.0
2026-09-19T15:25:00Z,2026-09-19T08:25:00-07:00,Brambley,13.72,13.72,12.61,93.0,1015.14,1022.62,0.0,0.0,0.0,256.0,WSW,0.0,0.0,0.0,69.34,5999.99,44.72,0.0
2026-09-19T15:30:00Z,2026-09-19T08:30:00-07:00,Brambley,13.78,13.78,12.67,93.0,1015.14,1022.62,0.0,0.0,0.0,256.0,WSW,0.0,0.0,0.0,69.34,5999.99,51.5,0.0
2026-09-19T15:35:00Z,2026-09-19T08:35:00-07:00,Brambley,13.78,13.78,12.67,93.0,1015.04,1022.52,0.0,0.0,0.0,256.0,WSW,0.0,0.0,0.0,69.34,5999.99,51.62,0.0
2026-09-19T15:40:00Z,2026-09-19T08:40:00-07:00,Brambley,14.0,14.0,12.72,92.0,1014.83,1022.32,0.0,0.0,0.0,256.0,WSW,0.0,0.0,0.0,69.34,5999.99,49.77,0.0
2026-09-19T15:45:00Z,2026-09-19T08:45:00-07:00,Brambley,14.0,14.0,12.72,92.0,1014.93,1022.42,0.0,0.0,0.0,256.0,WSW,0.0,0.0,0.0,69.34,5999.99,47.59,0.0
2026-09-19T15:50:00Z,2026-09-19T08:50:00-07:00,Brambley,14.0,14.0,12.72,92.0,1014.93,1022.42,0.0,0.0,0.0,256.0,WSW,0.0,0.0,0.0,69.34,5999.99,44.56,0.0
2026-09-19T15:55:00Z,2026-09-19T08:55:00-07:00,Brambley,14.11,14.11,12.66,91.0,1014.93,1022.42,0.0,0.0,0.0,261.0,W,0.0,0.0,0.0,69.34,5999.99,57.92,0.0
2026-09-19T16:00:00Z,2026-09-19T09:00:00-07:00,Brambley,14.28,14.28,12.66,90.0,1015.04,1022.52,0.0,0.0,0.0,260.0,W,0.0,0.0,0.0,69.34,5999.99,59.98,0.0
2026-09-19T16:05:00Z,2026-09-19T09:05:00-07:00,Brambley,14.39,14.39,12.77,90.0,1014.93,1022.42,0.0,0.0,0.0,261.0,W,0.0,0.0,0.0,69.34,5999.99,81.12,0.0
2026-09-19T16:10:00Z,2026-09-19T09:10:00-07:00,Brambley,14.72,14.72,12.93,89.0,1014.93,1022.42,0.0,0.0,0.0,260.0,W,0.0,0.0,0.0,69.34,5999.99,89.21,0.0
2026-09-19T16:15:00Z,2026-09-19T09:15:00-07:00,Brambley,14.61,14.61,12.82,89.0,1014.93,1022.42,0.0,0.0,0.0,260.0,W,0.0,0.0,0.0,69.34,5999.99,79.27,0.0
2026-09-19T16:20:00Z,2026-09-19T09:20:00-07:00,Brambley,15.0,15.0,13.03,88.0,1014.93,1022.42,0.0,0.0,0.0,260.0,W,0.0,0.0,0.0,69.34,5999.99,80.21,0.0
2026-09-19T16:25:00Z,2026-09-19T09:25:00-07:00,Brambley,15.0,15.0,12.85,87.0,1014.73,1022.22,0.0,0.0,0.0,260.0,W,0.0,0.0,0.0,69.34,5999.99,80.48,0.0
2026-09-19T16:30:00Z,2026-09-19T09:30:00-07:00,Brambley,15.0,15.0,12.68,86.0,1015.04,1022.52,0.0,0.0,0.0,260.0,W,0.0,0.0,0.0,69.34,5999.99,80.32,0.0
2026-09-19T16:35:00Z,2026-09-19T09:35:00-07:00,Brambley,15.11,15.11,12.61,85.0,1015.04,1022.52,0.0,0.0,0.0,260.0,W,0.0,0.0,0.0,69.34,5999.99,105.45,1.0
2026-09-19T16:40:00Z,2026-09-19T09:40:00-07:00,Brambley,15.22,15.22,12.72,85.0,1015.04,1022.52,0.0,0.0,0.0,260.0,W,0.0,0.0,0.0,69.34,5999.99,109.33,1.0
2026-09-19T16:45:00Z,2026-09-19T09:45:00-07:00,Brambley,15.39,15.39,12.7,84.0,1014.93,1022.42,0.0,0.0,0.0,264.0,W,0.0,0.0,0.0,69.34,5999.99,109.36,1.0
2026-09-19T16:50:00Z,2026-09-19T09:50:00-07:00,Brambley,15.39,15.39,12.52,83.0,1014.83,1022.32,0.0,0.0,0.0,263.0,W,0.0,0.0,0.0,69.34,5999.99,112.49,1.0
2026-09-19T16:55:00Z,2026-09-19T09:55:00-07:00,Brambley,15.39,15.39,12.33,82.0,1014.93,1022.42,0.0,0.0,0.0,249.0,WSW,0.0,0.0,0.0,69.34,5999.99,117.18,1.0
2026-09-19T17:00:00Z,2026-09-19T10:00:00-07:00,Brambley,15.39,15.39,12.33,82.0,1014.93,1022.42,0.0,0.0,0.0,256.0,WSW,0.0,0.0,0.0,69.34,5999.99,123.8,1.0
2026-09-19T17:05:00Z,2026-09-19T10:05:00-07:00,Brambley,15.5,15.5,12.25,81.0,1015.14,1022.62,0.0,0.0,0.0,249.0,WSW,0.0,0.0,0.0,69.34,5999.99,113.64,1.0
2026-09-19T17:10:00Z,2026-09-19T10:10:00-07:00,Brambley,15.11,15.11,11.87,81.0,1014.93,1022.42,0.78,0.96,5.04,252.0,WSW,0.0,0.0,0.0,69.34,5999.99,123.02,1.0
2026-09-19T17:15:00Z,2026-09-19T10:15:00-07:00,Brambley,14.89,14.89,11.66,81.0,1014.83,1022.32,0.78,0.96,5.04,244.0,WSW,0.0,0.0,0.0,69.34,5999.99,128.63,1.0
2026-09-19T17:20:00Z,2026-09-19T10:20:00-07:00,Brambley,15.11,15.11,11.68,80.0,1014.93,1022.42,1.91,2.95,5.04,253.0,WSW,0.0,0.0,0.0,69.34,5999.99,139.61,1.0
2026-09-19T17:25:00Z,2026-09-19T10:25:00-07:00,Brambley,15.0,15.0,11.58,80.0,1014.73,1022.22,0.17,0.96,5.04,249.0,WSW,0.0,0.0,0.0,69.34,5999.99,148.83,1.0
2026-09-19T17:30:00Z,2026-09-19T10:30:00-07:00,Brambley,15.0,15.0,11.58,80.0,1014.93,1022.42,2.17,2.95,5.04,244.0,WSW,0.0,0.0,0.0,69.34,5999.99,160.12,1.0
2026-09-19T17:35:00Z,2026-09-19T10:35:00-07:00,Brambley,15.0,15.0,11.58,80.0,1014.73,1022.22,0.0,0.0,5.04,241.0,WSW,0.0,0.0,0.0,69.34,5999.99,168.3,1.0
2026-09-19T17:40:00Z,2026-09-19T10:40:00-07:00,Brambley,15.0,15.0,11.58,80.0,1014.83,1022.32,2.52,2.95,5.04,244.0,WSW,0.0,0.0,0.0,69.34,5999.99,164.04,1.0
2026-09-19T17:45:00Z,2026-09-19T10:45:00-07:00,Brambley,15.22,15.22,11.79,80.0,1015.04,1022.52,1.91,1.91,5.04,243.0,WSW,0.0,0.0,0.0,69.34,5999.99,167.67,1.0
2026-09-19T17:50:00Z,2026-09-19T10:50:00-07:00,Brambley,15.11,15.11,11.49,79.0,1014.93,1022.42,1.91,1.91,5.04,248.0,WSW,0.0,0.0,0.0,69.34,5999.99,177.3,1.0
2026-09-19T17:55:00Z,2026-09-19T10:55:00-07:00,Brambley,15.39,15.39,11.76,79.0,1014.93,1022.42,1.13,1.91,5.04,225.0,SW,0.0,0.0,0.0,69.34,5999.99,204.26,1.0
2026-09-19T18:00:00Z,2026-09-19T11:00:00-07:00,Brambley,15.28,15.28,11.66,79.0,1014.73,1022.22,3.48,3.91,5.04,248.0,WSW,0.0,0.0,0.0,69.34,5999.99,210.88,2.0
2026-09-19T18:05:00Z,2026-09-19T11:05:00-07:00,Brambley,15.28,15.28,11.66,79.0,1014.93,1022.42,2.69,2.95,5.04,224.0,SW,0.0,0.0,0.0,69.34,5999.99,297.43,2.0
2026-09-19T18:10:00Z,2026-09-19T11:10:00-07:00,Brambley,15.5,15.5,11.87,79.0,1014.73,1022.22,3.13,3.91,5.04,250.0,WSW,0.0,0.0,0.0,69.34,5999.99,198.45,1.0
2026-09-19T18:15:00Z,2026-09-19T11:15:00-07:00,Brambley,15.5,15.5,11.87,79.0,1015.14,1022.62,1.56,1.91,5.04,238.0,WSW,0.0,0.0,0.0,69.34,5999.99,208.35,2.0
2026-09-19T18:20:00Z,2026-09-19T11:20:00-07:00,Brambley,15.39,15.39,11.76,79.0,1014.73,1022.22,2.69,2.95,6.0,241.0,WSW,0.0,0.0,0.0,69.34,5999.99,193.05,1.0
2026-09-19T18:25:00Z,2026-09-19T11:25:00-07:00,Brambley,15.28,15.28,11.66,79.0,1015.04,1022.52,3.3,3.91,6.0,242.0,WSW,0.0,0.0,0.0,69.34,5999.99,205.59,2.0
2026-09-19T18:30:00Z,2026-09-19T11:30:00-07:00,Brambley,15.5,15.5,11.87,79.0,1014.83,1022.32,3.48,5.04,6.0,246.0,WSW,0.0,0.0,0.0,69.34,5999.99,198.86,1.0
2026-09-19T18:35:00Z,2026-09-19T11:35:00-07:00,Brambley,15.5,15.5,11.87,79.0,1014.93,1022.42,5.65,6.0,7.04,228.0,SW,0.0,0.0,0.0,69.34,5999.99,231.32,2.0
2026-09-19T18:40:00Z,2026-09-19T11:40:00-07:00,Brambley,15.72,15.72,12.09,79.0,1014.93,1022.42,4.26,5.04,7.04,239.0,WSW,0.0,0.0,0.0,69.34,5999.99,146.5,1.0
2026-09-19T18:45:00Z,2026-09-19T11:45:00-07:00,Brambley,15.72,15.72,12.09,79.0,1014.93,1022.42,3.48,3.91,7.04,255.0,WSW,0.0,0.0,0.0,69.34,5999.99,158.74,1.0
2026-09-19T18:50:00Z,2026-09-19T11:50:00-07:00,Brambley,16.22,16.22,12.38,78.0,1014.73,1022.22,4.26,6.0,7.04,232.0,SW,0.0,0.0,0.0,69.34,5999.99,159.31,1.0
2026-09-19T18:55:00Z,2026-09-19T11:55:00-07:00,Brambley,15.78,15.78,11.95,78.0,1014.63,1022.11,3.91,5.04,7.04,240.0,WSW,0.0,0.0,0.0,69.34,5999.99,179.09,1.0
2026-09-19T19:00:00Z,2026-09-19T12:00:00-07:00,Brambley,15.78,15.78,11.95,78.0,1014.63,1022.11,2.95,3.91,7.04,235.0,SW,0.0,0.0,0.0,69.34,5999.99,131.66,1.0
2026-09-19T19:05:00Z,2026-09-19T12:05:00-07:00,Brambley,16.22,16.22,12.38,78.0,1014.73,1022.22,0.0,0.0,7.04,248.0,WSW,0.0,0.0,0.0,69.34,5999.99,264.7,2.0
2026-09-19T19:10:00Z,2026-09-19T12:10:00-07:00,Brambley,16.22,16.22,12.38,78.0,1014.53,1022.01,3.13,3.91,7.04,248.0,WSW,0.0,0.0,0.0,69.34,5999.99,77.01,0.0
2026-09-19T19:15:00Z,2026-09-19T12:15:00-07:00,Brambley,16.11,16.11,12.07,77.0,1014.53,1022.01,0.78,2.95,7.04,237.0,WSW,0.0,0.0,0.0,69.34,5999.99,131.4,1.0
2026-09-19T19:20:00Z,2026-09-19T12:20:00-07:00,Brambley,16.28,16.28,12.24,77.0,1014.32,1021.84,3.3,3.91,7.04,255.0,WSW,0.0,0.0,0.0,69.34,5999.99,188.18,1.0
2026-09-19T19:25:00Z,2026-09-19T12:25:00-07:00,Brambley,16.39,16.39,12.34,77.0,1014.43,1021.91,4.26,6.0,7.04,245.0,WSW,0.0,0.0,0.0,69.34,5999.99,219.13,2.0
2026-09-19T19:30:00Z,2026-09-19T12:30:00-07:00,Brambley,16.22,16.22,12.18,77.0,1014.32,1021.84,2.52,2.95,7.04,240.0,WSW,0.0,0.0,0.0,69.34,5999.99,488.72,4.0
2026-09-19T19:35:00Z,2026-09-19T12:35:00-07:00,Brambley,16.61,16.61,12.56,77.0,1014.53,1022.01,3.13,3.91,7.04,240.0,WSW,0.0,0.0,0.0,69.34,5999.99,523.09,5.0
2026-09-19T19:40:00Z,2026-09-19T12:40:00-07:00,Brambley,16.28,16.28,12.24,77.0,1014.53,1022.01,3.3,3.91,7.04,228.0,SW,0.0,0.0,0.0,69.34,5999.99,268.0,2.0
2026-09-19T19:45:00Z,2026-09-19T12:45:00-07:00,Brambley,16.39,16.39,12.54,78.0,1014.43,1021.91,0.0,0.0,7.04,248.0,WSW,0.0,0.0,0.0,69.34,5999.99,529.99,5.0
2026-09-19T19:50:00Z,2026-09-19T12:50:00-07:00,Brambley,16.89,16.89,12.63,76.0,1014.32,1021.84,2.95,2.95,7.04,222.0,SW,0.0,0.0,0.0,69.34,5999.99,535.55,5.0
2026-09-19T19:55:00Z,2026-09-19T12:55:00-07:00,Brambley,16.89,16.89,12.63,76.0,1014.32,1021.84,2.69,3.91,7.04,233.0,SW,0.0,0.0,0.0,69.34,5999.99,537.69,5.0
2026-09-19T20:00:00Z,2026-09-19T13:00:00-07:00,Brambley,17.0,17.0,12.93,77.0,1014.12,1021.64,0.17,0.96,7.04,239.0,WSW,0.0,0.0,0.0,69.34,5999.99,536.66,5.0
2026-09-19T20:05:00Z,2026-09-19T13:05:00-07:00,Brambley,16.61,16.61,12.36,76.0,1014.12,1021.64,1.91,2.95,7.04,234.0,SW,0.0,0.0,0.0,69.34,5999.99,533.16,5.0
2026-09-19T20:10:00Z,2026-09-19T13:10:00-07:00,Brambley,16.61,16.61,12.56,77.0,1014.02,1021.54,1.91,2.95,7.04,233.0,SW,0.0,0.0,0.0,69.34,5999.99,532.34,5.0
2026-09-19T20:15:00Z,2026-09-19T13:15:00-07:00,Brambley,16.5,16.5,12.45,77.0,1014.02,1021.54,0.78,1.91,7.04,253.0,WSW,0.0,0.0,0.0,69.34,5999.99,530.21,5.0
2026-09-19T20:20:00Z,2026-09-19T13:20:00-07:00,Brambley,16.72,16.72,12.67,77.0,1014.12,1021.64,3.48,5.04,7.04,247.0,WSW,0.0,0.0,0.0,69.34,5999.99,528.51,5.0
2026-09-19T20:25:00Z,2026-09-19T13:25:00-07:00,Brambley,16.72,16.72,12.67,77.0,1014.12,1021.64,5.21,6.0,7.04,243.0,WSW,0.0,0.0,0.0,69.34,5999.99,528.07,5.0
2026-09-19T20:30:00Z,2026-09-19T13:30:00-07:00,Brambley,16.78,16.78,12.72,77.0,1014.02,1021.54,3.48,5.04,7.04,253.0,WSW,0.0,0.0,0.0,69.34,5999.99,524.51,5.0
2026-09-19T20:35:00Z,2026-09-19T13:35:00-07:00,Brambley,16.89,16.89,12.83,77.0,1014.12,1021.64,1.13,2.95,7.04,238.0,WSW,0.0,0.0,0.0,69.34,5999.99,522.94,5.0
2026-09-19T20:40:00Z,2026-09-19T13:40:00-07:00,Brambley,16.78,16.78,12.72,77.0,1014.12,1021.64,1.56,1.91,7.04,236.0,SW,0.0,0.0,0.0,69.34,5999.99,520.28,5.0
2026-09-19T20:45:00Z,2026-09-19T13:45:00-07:00,Brambley,16.78,16.78,12.92,78.0,1014.02,1021.54,3.13,3.91,7.04,229.0,SW,0.0,0.0,0.0,69.34,5999.99,516.94,5.0
2026-09-19T20:50:00Z,2026-09-19T13:50:00-07:00,Brambley,16.89,16.89,12.83,77.0,1013.92,1021.44,2.69,2.95,7.04,220.0,SW,0.0,0.0,0.0,69.34,5999.99,513.13,5.0
2026-09-19T20:55:00Z,2026-09-19T13:55:00-07:00,Brambley,16.72,16.72,12.86,78.0,1013.92,1021.44,3.91,3.91,7.04,246.0,WSW,0.0,0.0,0.0,69.34,5999.99,509.65,4.0
2026-09-19T21:00:00Z,2026-09-19T14:00:00-07:00,Brambley,16.61,16.61,12.56,77.0,1013.82,1021.33,3.13,3.91,7.04,254.0,WSW,0.0,0.0,0.0,69.34,5999.99,504.44,4.0
2026-09-19T21:05:00Z,2026-09-19T14:05:00-07:00,Brambley,16.89,16.89,12.83,77.0,1013.72,1021.23,5.65,6.0,7.04,246.0,WSW,0.0,0.0,0.0,69.34,5999.99,500.21,4.0
2026-09-19T21:10:00Z,2026-09-19T14:10:00-07:00,Brambley,16.78,16.78,12.92,78.0,1013.72,1021.23,2.69,2.95,7.04,249.0,WSW,0.0,0.0,0.0,69.34,5999.99,496.19,4.0
2026-09-19T21:15:00Z,2026-09-19T14:15:00-07:00,Brambley,16.78,16.78,12.72,77.0,1013.82,1021.33,2.35,2.95,7.04,258.0,WSW,0.0,0.0,0.0,69.34,5999.99,490.08,4.0
2026-09-19T21:20:00Z,2026-09-19T14:20:00-07:00,Brambley,17.0,17.0,12.73,76.0,1013.72,1021.23,3.3,3.91,7.04,253.0,WSW,0.0,0.0,0.0,69.34,5999.99,484.51,4.0
2026-09-19T21:25:00Z,2026-09-19T14:25:00-07:00,Brambley,17.0,17.0,12.73,76.0,1013.61,1021.13,2.52,2.95,7.04,211.0,SSW,0.0,0.0,0.0,69.34,5999.99,478.07,4.0
2026-09-19T21:30:00Z,2026-09-19T14:30:00-07:00,Brambley,17.11,17.11,12.84,76.0,1013.72,1021.23,2.52,2.95,7.04,239.0,WSW,0.0,0.0,0.0,69.34,5999.99,470.79,4.0
2026-09-19T21:35:00Z,2026-09-19T14:35:00-07:00,Brambley,17.28,17.28,13.01,76.0,1013.51,1021.03,4.26,5.04,7.04,239.0,WSW,0.0,0.0,0.0,69.34,5999.99,465.0,4.0
2026-09-19T21:40:00Z,2026-09-19T14:40:00-07:00,Brambley,17.28,17.28,13.21,77.0,1013.61,1021.13,3.13,3.91,7.04,226.0,SW,0.0,0.0,0.0,69.34,5999.99,458.16,4.0
2026-09-19T21:45:00Z,2026-09-19T14:45:00-07:00,Brambley,17.11,17.11,12.84,76.0,1013.61,1021.13,4.08,5.04,7.04,212.0,SSW,0.0,0.0,0.0,69.34,5999.99,450.09,4.0
2026-09-19T21:50:00Z,2026-09-19T14:50:00-07:00,Brambley,17.39,17.39,13.31,77.0,1013.51,1021.03,3.74,3.91,7.04,217.0,SW,0.0,0.0,0.0,69.34,5999.99,442.53,4.0
2026-09-19T21:55:00Z,2026-09-19T14:55:00-07:00,Brambley,17.22,17.22,13.15,77.0,1013.34,1020.83,5.65,6.0,7.04,241.0,WSW,0.0,0.0,0.0,69.34,5999.99,435.21,4.0
2026-09-19T22:00:00Z,2026-09-19T15:00:00-07:00,Brambley,17.11,17.11,12.84,76.0,1013.41,1020.93,4.87,5.04,7.99,255.0,WSW,0.0,0.0,0.0,69.34,5999.99,427.08,4.0
2026-09-19T22:05:00Z,2026-09-19T15:05:00-07:00,Brambley,17.22,17.22,12.95,76.0,1013.34,1020.83,4.26,6.0,7.99,242.0,WSW,0.0,0.0,0.0,69.34,5999.99,417.72,4.0
2026-09-19T22:10:00Z,2026-09-19T15:10:00-07:00,Brambley,17.5,17.5,13.22,76.0,1013.34,1020.83,2.95,3.91,7.99,210.0,SSW,0.0,0.0,0.0,69.34,5999.99,408.75,3.0
2026-09-19T22:15:00Z,2026-09-19T15:15:00-07:00,Brambley,17.61,17.61,13.12,75.0,1013.34,1020.83,5.04,6.0,7.99,222.0,SW,0.0,0.0,0.0,69.34,5999.99,403.31,3.0
2026-09-19T22:20:00Z,2026-09-19T15:20:00-07:00,Brambley,17.39,17.39,12.91,75.0,1013.14,1020.62,5.65,7.04,7.99,247.0,WSW,0.0,0.0,0.0,69.34,5999.99,394.1,3.0
2026-09-19T22:25:00Z,2026-09-19T15:25:00-07:00,Brambley,17.5,17.5,13.22,76.0,1013.34,1020.83,4.43,5.04,7.99,231.0,SW,0.0,0.0,0.0,69.34,5999.99,385.39,3.0
2026-09-19T22:30:00Z,2026-09-19T15:30:00-07:00,Brambley,17.61,17.61,13.33,76.0,1013.24,1020.73,3.91,5.04,7.99,218.0,SW,0.0,0.0,0.0,69.34,5999.99,375.34,3.0
2026-09-19T22:35:00Z,2026-09-19T15:35:00-07:00,Brambley,17.78,17.78,13.49,76.0,1013.24,1020.73,1.91,1.91,7.99,244.0,WSW,0.0,0.0,0.0,69.34,5999.99,355.26,3.0
2026-09-19T22:40:00Z,2026-09-19T15:40:00-07:00,Brambley,17.72,17.72,13.63,77.0,1013.14,1020.62,2.95,2.95,7.99,242.0,WSW,0.0,0.0,0.0,69.34,5999.99,343.79,3.0
2026-09-19T22:45:00Z,2026-09-19T15:45:00-07:00,Brambley,17.78,17.78,13.69,77.0,1012.94,1020.42,4.43,7.99,7.99,235.0,SW,0.0,0.0,0.0,69.34,5999.99,344.44,3.0
2026-09-19T22:50:00Z,2026-09-19T15:50:00-07:00,Brambley,17.5,17.5,13.62,78.0,1012.83,1020.32,4.26,5.04,7.99,240.0,WSW,0.0,0.0,0.0,69.34,5999.99,333.16,3.0
2026-09-19T22:55:00Z,2026-09-19T15:55:00-07:00,Brambley,17.89,17.89,13.99,78.0,1013.04,1020.52,4.43,5.04,7.99,230.0,SW,0.0,0.0,0.0,69.34,5999.99,315.21,3.0
2026-09-19T23:00:00Z,2026-09-19T16:00:00-07:00,Brambley,17.78,17.78,13.89,78.0,1013.04,1020.52,6.43,7.04,7.99,238.0,WSW,0.0,0.0,0.0,69.34,5999.99,307.86,3.0
2026-09-19T23:05:00Z,2026-09-19T16:05:00-07:00,Brambley,17.72,17.72,13.83,78.0,1012.83,1020.32,6.43,8.95,8.95,267.0,W,0.0,0.0,0.0,69.34,5999.99,295.26,2.0
2026-09-19T23:10:00Z,2026-09-19T16:10:00-07:00,Brambley,17.89,17.89,14.19,79.0,1012.73,1020.22,4.69,6.0,8.95,247.0,WSW,0.0,0.0,0.0,69.34,5999.99,281.82,2.0
2026-09-19T23:15:00Z,2026-09-19T16:15:00-07:00,Brambley,17.72,17.72,14.03,79.0,1012.94,1020.42,7.39,9.91,9.91,229.0,SW,0.0,0.0,0.0,69.34,5999.99,272.0,2.0
2026-09-19T23:20:00Z,2026-09-19T16:20:00-07:00,Brambley,17.89,17.89,14.19,79.0,1012.83,1020.32,5.04,7.04,9.91,232.0,SW,0.0,0.0,0.0,69.34,5999.99,258.23,2.0
2026-09-19T23:25:00Z,2026-09-19T16:25:00-07:00,Brambley,17.72,17.72,13.83,78.0,1012.83,1020.32,5.04,7.04,9.91,227.0,SW,0.0,0.0,0.0,69.34,5999.99,245.24,2.0
2026-09-19T23:30:00Z,2026-09-19T16:30:00-07:00,Brambley,18.0,18.0,14.3,79.0,1012.63,1020.12,3.48,5.04,9.91,243.0,WSW,0.0,0.0,0.0,69.34,5999.99,233.12,2.0
2026-09-19T23:35:00Z,2026-09-19T16:35:00-07:00,Brambley,18.11,18.11,14.01,77.0,1012.73,1020.22,7.39,7.99,9.91,230.0,SW,0.0,0.0,0.0,69.34,5999.99,220.17,2.0
2026-09-19T23:40:00Z,2026-09-19T16:40:00-07:00,Brambley,17.78,17.78,14.08,79.0,1012.43,1019.91,3.48,6.0,9.91,236.0,SW,0.0,0.0,0.0,69.34,5999.99,207.13,2.0
2026-09-19T23:45:00Z,2026-09-19T16:45:00-07:00,Brambley,18.11,18.11,14.21,78.0,1012.63,1020.12,5.47,7.04,9.91,238.0,WSW,0.0,0.0,0.0,69.34,5999.99,194.29,1.0
2026-09-19T23:50:00Z,2026-09-19T16:50:00-07:00,Brambley,18.22,18.22,14.32,78.0,1012.33,1019.81,4.69,6.0,9.91,240.0,WSW,0.0,0.0,0.0,69.34,5999.99,170.02,1.0
2026-09-19T23:55:00Z,2026-09-19T16:55:00-07:00,Brambley,18.11,18.11,14.41,79.0,1012.43,1019.91,6.0,7.04,9.91,244.0,WSW,0.0,0.0,0.0,69.34,5999.99,145.37,1.0
2026-09-20T00:00:00Z,2026-09-19T17:00:00-07:00,Brambley,17.89,17.89,14.19,79.0,1012.63,1020.12,6.0,7.04,9.91,227.0,SW,0.0,0.0,0.0,69.34,5999.99,129.6,1.0
2026-09-20T00:05:00Z,2026-09-19T17:05:00-07:00,Brambley,18.22,18.22,14.32,78.0,1012.43,1019.91,6.43,7.99,9.91,239.0,WSW,0.0,0.0,0.0,69.34,5999.99,110.5,1.0
2026-09-20T00:10:00Z,2026-09-19T17:10:00-07:00,Brambley,17.89,17.89,13.99,78.0,1012.12,1019.64,5.82,7.04,9.91,211.0,SSW,0.0,0.0,0.0,69.34,5999.99,103.2,1.0
2026-09-20T00:15:00Z,2026-09-19T17:15:00-07:00,Brambley,17.89,17.89,14.19,79.0,1012.23,1019.74,4.43,6.0,9.91,257.0,WSW,0.0,0.0,0.0,69.34,5999.99,95.04,0.0
2026-09-20T00:20:00Z,2026-09-19T17:20:00-07:00,Brambley,18.0,18.0,14.3,79.0,1012.53,1020.01,6.0,7.04,9.91,236.0,SW,0.0,0.0,0.0,69.34,5999.99,83.8,0.0
2026-09-20T00:25:00Z,2026-09-19T17:25:00-07:00,Brambley,18.11,18.11,14.21,78.0,1012.43,1019.91,5.04,6.0,9.91,236.0,SW,0.0,0.0,0.0,69.34,5999.99,75.94,0.0
2026-09-20T00:30:00Z,2026-09-19T17:30:00-07:00,Brambley,18.0,18.0,14.11,78.0,1012.43,1019.91,4.69,6.0,9.91,217.0,SW,0.0,0.0,0.0,69.34,5999.99,71.74,0.0
2026-09-20T00:35:00Z,2026-09-19T17:35:00-07:00,Brambley,18.11,18.11,14.21,78.0,1012.43,1019.91,5.21,6.0,9.91,232.0,SW,0.0,0.0,0.0,69.34,5999.99,61.69,0.0
2026-09-20T00:40:00Z,2026-09-19T17:40:00-07:00,Brambley,17.89,17.89,13.99,78.0,1012.23,1019.74,1.91,3.91,9.91,243.0,WSW,0.0,0.0,0.0,69.34,5999.99,54.78,0.0
2026-09-20T00:45:00Z,2026-09-19T17:45:00-07:00,Brambley,17.89,17.89,13.79,77.0,1012.43,1019.91,4.43,6.0,9.91,223.0,SW,0.0,0.0,0.0,69.34,5999.99,51.89,0.0
2026-09-20T00:50:00Z,2026-09-19T17:50:00-07:00,Brambley,17.89,17.89,13.79,77.0,1012.33,1019.81,1.56,2.95,9.91,242.0,WSW,0.0,0.0,0.0,69.34,5999.99,46.42,0.0
2026-09-20T00:55:00Z,2026-09-19T17:55:00-07:00,Brambley,17.89,17.89,13.99,78.0,1012.12,1019.64,2.52,5.04,9.91,253.0,WSW,0.0,0.0,0.0,69.34,5999.99,33.81,0.0
2026-09-20T01:00:00Z,2026-09-19T18:00:00-07:00,Brambley,17.78,17.78,13.89,78.0,1012.23,1019.74,0.96,1.91,9.91,221.0,SW,0.0,0.0,0.0,69.34,5999.99,28.45,0.0
2026-09-20T01:05:00Z,2026-09-19T18:05:00-07:00,Brambley,17.5,17.5,13.82,79.0,1012.23,1019.74,2.35,2.95,9.91,240.0,WSW,0.0,0.0,0.0,69.34,5999.99,28.75,0.0
2026-09-20T01:10:00Z,2026-09-19T18:10:00-07:00,Brambley,17.22,17.22,13.54,79.0,1012.33,1019.81,6.0,7.99,9.91,244.0,WSW,0.0,0.0,0.0,69.34,5999.99,27.61,0.0
2026-09-20T01:15:00Z,2026-09-19T18:15:00-07:00,Brambley,17.11,17.11,13.63,80.0,1012.12,1019.64,1.56,1.91,9.91,225.0,SW,0.0,0.0,0.0,69.34,5999.99,25.5,0.0
2026-09-20T01:20:00Z,2026-09-19T18:20:00-07:00,Brambley,17.28,17.28,13.79,80.0,1012.33,1019.81,0.0,0.0,9.91,250.0,WSW,0.0,0.0,0.0,69.34,5999.99,22.94,0.0
2026-09-20T01:25:00Z,2026-09-19T18:25:00-07:00,Brambley,17.0,17.0,13.52,80.0,1012.12,1019.64,2.95,3.91,9.91,217.0,SW,0.0,0.0,0.0,69.34,5999.99,21.76,0.0
2026-09-20T01:30:00Z,2026-09-19T18:30:00-07:00,Brambley,17.11,17.11,13.63,80.0,1012.12,1019.64,1.39,1.91,9.91,252.0,WSW,0.0,0.0,0.0,69.34,5999.99,19.91,0.0
2026-09-20T01:35:00Z,2026-09-19T18:35:00-07:00,Brambley,17.22,17.22,13.54,79.0,1012.23,1019.74,0.0,0.0,9.91,251.0,WSW,0.0,0.0,0.0,69.34,5999.99,18.3,0.0
2026-09-20T01:40:00Z,2026-09-19T18:40:00-07:00,Brambley,17.0,17.0,13.33,79.0,1012.33,1019.81,0.35,0.96,9.91,253.0,WSW,0.0,0.0,0.0,69.34,5999.99,16.57,0.0
2026-09-20T01:45:00Z,2026-09-19T18:45:00-07:00,Brambley,16.89,16.89,13.22,79.0,1012.33,1019.81,0.0,0.0,9.91,265.0,W,0.0,0.0,0.0,69.34,5999.99,14.54,0.0
2026-09-20T01:50:00Z,2026-09-19T18:50:00-07:00,Brambley,16.89,16.89,13.22,79.0,1012.02,1019.54,0.35,0.96,9.91,246.0,WSW,0.0,0.0,0.0,69.34,5999.99,12.74,0.0
2026-09-20T01:55:00Z,2026-09-19T18:55:00-07:00,Brambley,16.61,16.61,12.95,79.0,1012.43,1019.91,0.17,0.96,9.91,230.0,SW,0.0,0.0,0.0,69.34,5999.99,10.79,0.0
2026-09-20T02:00:00Z,2026-09-19T19:00:00-07:00,Brambley,16.22,16.22,12.96,81.0,1012.02,1019.54,1.74,1.91,9.91,241.0,WSW,0.0,0.0,0.0,69.34,5999.99,8.74,0.0
2026-09-20T02:05:00Z,2026-09-19T19:05:00-07:00,Brambley,16.11,16.11,12.84,81.0,1012.23,1019.74,0.0,0.0,9.91,256.0,WSW,0.0,0.0,0.0,69.34,5999.99,6.78,0.0
2026-09-20T02:10:00Z,2026-09-19T19:10:00-07:00,Brambley,16.11,16.11,12.84,81.0,1012.12,1019.64,0.0,0.0,9.91,257.0,WSW,0.0,0.0,0.0,69.34,5999.99,5.02,0.0
2026-09-20T02:15:00Z,2026-09-19T19:15:00-07:00,Brambley,15.78,15.78,12.52,81.0,1012.23,1019.74,0.0,0.0,9.91,254.0,WSW,0.0,0.0,0.0,69.34,5999.99,3.42,0.0
2026-09-20T02:20:00Z,2026-09-19T19:20:00-07:00,Brambley,15.5,15.5,12.44,82.0,1012.12,1019.64,0.0,0.0,9.91,257.0,WSW,0.0,0.0,0.0,69.34,5999.99,2.13,0.0
2026-09-20T02:25:00Z,2026-09-19T19:25:00-07:00,Brambley,15.28,15.28,12.22,82.0,1012.12,1019.64,0.0,0.0,9.91,258.0,WSW,0.0,0.0,0.0,69.34,5999.99,1.19,0.0
2026-09-20T02:30:00Z,2026-09-19T19:30:00-07:00,Brambley,15.11,15.11,12.24,83.0,1012.23,1019.74,0.0,0.0,9.91,257.0,WSW,0.0,0.0,0.0,69.34,5999.99,0.59,0.0
2026-09-20T02:35:00Z,2026-09-19T19:35:00-07:00,Brambley,14.78,14.78,11.92,83.0,1011.92,1019.44,0.0,0.0,9.91,257.0,WSW,0.0,0.0,0.0,69.34,5999.99,0.24,0.0
2026-09-20T02:40:00Z,2026-09-19T19:40:00-07:00,Brambley,14.72,14.72,12.04,84.0,1012.12,1019.64,0.0,0.0,9.91,243.0,WSW,0.0,0.0,0.0,69.34,5999.99,0.09,0.0
2026-09-20T02:45:00Z,2026-09-19T19:45:00-07:00,Brambley,14.5,14.5,12.18,86.0,1011.92,1019.44,0.0,0.0,9.91,251.0,WSW,0.0,0.0,0.0,69.34,5999.99,0.03,0.0
2026-09-20T02:50:00Z,2026-09-19T19:50:00-07:00,Brambley,14.28,14.28,11.97,86.0,1012.02,1019.54,0.0,0.0,9.91,251.0,WSW,0.0,0.0,0.0,69.34,5999.99,0.01,0.0
2026-09-20T02:55:00Z,2026-09-19T19:55:00-07:00,Brambley,14.11,14.11,11.98,87.0,1012.23,1019.74,0.0,0.0,9.91,256.0,WSW,0.0,0.0,0.0,69.34,5999.99,0.0,0.0
2026-09-20T03:00:00Z,2026-09-19T20:00:00-07:00,Brambley,14.0,14.0,11.87,87.0,1012.23,1019.74,0.0,0.0,9.91,256.0,WSW,0.0,0.0,0.0,69.34,5999.99,0.0,0.0
2026-09-20T03:05:00Z,2026-09-19T20:05:00-07:00,Brambley,13.89,13.89,11.93,88.0,1012.23,1019.74,0.0,0.0,9.91,252.0,WSW,0.0,0.0,0.0,69.34,5999.99,0.0,0.0
2026-09-20T03:10:00Z,2026-09-19T20:10:00-07:00,Brambley,13.78,13.78,11.82,88.0,1012.12,1019.64,0.0,0.0,9.91,252.0,WSW,0.0,0.0,0.0,69.34,5999.99,0.0,0.0
2026-09-20T03:15:00Z,2026-09-19T20:15:00-07:00,Brambley,13.61,13.61,11.83,89.0,1012.02,1019.54,0.0,0.0,9.91,252.0,WSW,0.0,0.0,0.0,69.34,5999.99,0.0,0.0
2026-09-20T03:20:00Z,2026-09-19T20:20:00-07:00,Brambley,13.5,13.5,11.72,89.0,1012.23,1019.74,0.0,0.0,9.91,252.0,WSW,0.0,0.0,0.0,69.34,5999.99,0.0,0.0
2026-09-20T03:25:00Z,2026-09-19T20:25:00-07:00,Brambley,13.39,13.39,11.61,89.0,1012.33,1019.81,0.0,0.0,9.91,252.0,WSW,0.0,0.0,0.0,69.34,5999.99,0.0,0.0
2026-09-20T03:30:00Z,2026-09-19T20:30:00-07:00,Brambley,13.28,13.28,11.67,90.0,1012.33,1019.81,0.0,0.0,9.91,251.0,WSW,0.0,0.0,0.0,69.34,5999.99,0.0,0.0
2026-09-20T03:35:00Z,2026-09-19T20:35:00-07:00,Brambley,13.22,13.22,11.62,90.0,1012.33,1019.81,0.0,0.0,9.91,251.0,WSW,0.0,0.0,0.0,69.34,5999.99,0.0,0.0
2026-09-20T03:40:00Z,2026-09-19T20:40:00-07:00,Brambley,13.11,13.11,11.67,91.0,1012.23,1019.74,0.0,0.0,9.91,251.0,WSW,0.0,0.0,0.0,69.34,5999.99,0.0,0.0
2026-09-20T03:45:00Z,2026-09-19T20:45:00-07:00,Brambley,13.0,13.0,11.57,91.0,1012.23,1019.74,0.0,0.0,9.91,252.0,WSW,0.0,0.0,0.0,69.34,5999.99,0.0,0.0
2026-09-20T03:50:00Z,2026-09-19T20:50:00-07:00,Brambley,12.89,12.89,11.46,91.0,1012.23,1019.74,0.0,0.0,9.91,252.0,WSW,0.0,0.0,0.0,69.34,5999.99,0.0,0.0
2026-09-20T03:55:00Z,2026-09-19T20:55:00-07:00,Brambley,12.78,12.78,11.34,91.0,1012.43,1019.91,0.0,0.0,9.91,252.0,WSW,0.0,0.0,0.0,69.34,5999.99,0.0,0.0
2026-09-20T04:00:00Z,2026-09-19T21:00:00-07:00,Brambley,12.72,12.72,11.46,92.0,1012.53,1020.01,0.0,0.0,9.91,252.0,WSW,0.0,0.0,0.0,69.34,5999.99,0.0,0.0
2026-09-20T04:05:00Z,2026-09-19T21:05:00-07:00,Brambley,12.61,12.61,11.34,92.0,1012.53,1020.01,0.0,0.0,9.91,252.0,WSW,0.0,0.0,0.0,69.34,5999.99,0.0,0.0
2026-09-20T04:10:00Z,2026-09-19T21:10:00-07:00,Brambley,12.61,12.61,11.34,92.0,1012.23,1019.74,0.0,0.0,9.91,252.0,WSW,0.0,0.0,0.0,69.34,5999.99,0.0,0.0
2026-09-20T04:15:00Z,2026-09-19T21:15:00-07:00,Brambley,12.5,12.5,11.4,93.0,1012.23,1019.74,0.0,0.0,9.91,252.0,WSW,0.0,0.0,0.0,69.34,5999.99,0.0,0.0
2026-09-20T04:20:00Z,2026-09-19T21:20:00-07:00,Brambley,12.28,12.28,11.18,93.0,1012.33,1019.81,0.0,0.0,9.91,252.0,WSW,0.0,0.0,0.0,69.34,5999.99,0.0,0.0
2026-09-20T04:25:00Z,2026-09-19T21:25:00-07:00,Brambley,12.22,12.22,11.12,93.0,1012.53,1020.01,0.0,0.0,9.91,252.0,WSW,0.0,0.0,0.0,69.34,5999.99,0.0,0.0
2026-09-20T04:30:00Z,2026-09-19T21:30:00-07:00,Brambley,12.22,12.22,11.12,93.0,1012.43,1019.91,0.0,0.0,9.91,252.0,WSW,0.0,0.0,0.0,69.34,5999.99,0.0,0.0
2026-09-20T04:35:00Z,2026-09-19T21:35:00-07:00,Brambley,12.0,12.0,10.9,93.0,1012.43,1019.91,0.0,0.0,9.91,252.0,WSW,0.0,0.0,0.0,69.34,5999.99,0.0,0.0
2026-09-20T04:40:00Z,2026-09-19T21:40:00-07:00,Brambley,11.89,11.89,10.96,94.0,1012.53,1020.01,0.0,0.0,9.91,252.0,WSW,0.0,0.0,0.0,69.34,5999.99,0.0,0.0
2026-09-20T04:45:00Z,2026-09-19T21:45:00-07:00,Brambley,11.89,11.89,10.96,94.0,1012.63,1020.12,0.0,0.0,9.91,252.0,WSW,0.0,0.0,0.0,69.34,5999.99,0.0,0.0
2026-09-20T04:50:00Z,2026-09-19T21:50:00-07:00,Brambley,11.78,11.78,10.84,94.0,1012.53,1020.01,0.0,0.0,9.91,252.0,WSW,0.0,0.0,0.0,69.34,5999.99,0.0,0.0
2026-09-20T04:55:00Z,2026-09-19T21:55:00-07:00,Brambley,11.72,11.72,10.79,94.0,1012.63,1020.12,0.0,0.0,9.91,252.0,WSW,0.0,0.0,0.0,69.34,5999.99,0.0,0.0
2026-09-20T05:00:00Z,2026-09-19T22:00:00-07:00,Brambley,11.72,11.72,10.79,94.0,1012.53,1020.01,0.0,0.0,9.91,252.0,WSW,0.0,0.0,0.0,69.34,5999.99,0.0,0.0
2026-09-20T05:05:00Z,2026-09-19T22:05:00-07:00,Brambley,11.61,11.61,10.68,94.0,1012.33,1019.81,0.0,0.0,9.91,252.0,WSW,0.0,0.0,0.0,69.34,5999.99,0.0,0.0
2026-09-20T05:10:00Z,2026-09-19T22:10:00-07:00,Brambley,11.39,11.39,10.46,94.0,1012.33,1019.81,0.0,0.0,9.91,252.0,WSW,0.0,0.0,0.0,69.34,5999.99,0.0,0.0
2026-09-20T05:15:00Z,2026-09-19T22:15:00-07:00,Brambley,11.28,11.28,10.51,95.0,1012.43,1019.91,0.0,0.0,9.91,252.0,WSW,0.0,0.0,0.0,69.34,5999.99,0.0,0.0
2026-09-20T05:20:00Z,2026-09-19T22:20:00-07:00,Brambley,11.11,11.11,10.34,95.0,1012.43,1019.91,0.0,0.0,9.91,252.0,WSW,0.0,0.0,0.0,69.34,5999.99,0.0,0.0
2026-09-20T05:25:00Z,2026-09-19T22:25:00-07:00,Brambley,10.89,10.89,10.12,95.0,1012.43,1019.91,0.0,0.0,9.91,252.0,WSW,0.0,0.0,0.0,69.34,5999.99,0.0,0.0
2026-09-20T05:30:00Z,2026-09-19T22:30:00-07:00,Brambley,10.78,10.78,10.01,95.0,1012.23,1019.74,0.0,0.0,9.91,252.0,WSW,0.0,0.0,0.0,69.34,5999.99,0.0,0.0
2026-09-20T05:35:00Z,2026-09-19T22:35:00-07:00,Brambley,10.78,10.78,10.01,95.0,1012.53,1020.01,0.0,0.0,9.91,252.0,WSW,0.0,0.0,0.0,69.34,5999.99,0.0,0.0
2026-09-20T05:40:00Z,2026-09-19T22:40:00-07:00,Brambley,10.72,10.72,9.96,95.0,1012.33,1019.81,0.0,0.0,9.91,252.0,WSW,0.0,0.0,0.0,69.34,5999.99,0.0,0.0
2026-09-20T05:45:00Z,2026-09-19T22:45:00-07:00,Brambley,10.72,10.72,9.96,95.0,1012.33,1019.81,0.0,0.0,9.91,253.0,WSW,0.0,0.0,0.0,69.34,5999.99,0.0,0.0
2026-09-20T05:50:00Z,2026-09-19T22:50:00-07:00,Brambley,10.61,10.61,9.84,95.0,1012.43,1019.91,0.0,0.0,9.91,253.0,WSW,0.0,0.0,0.0,69.34,5999.99,0.0,0.0
2026-09-20T05:55:00Z,2026-09-19T22:55:00-07:00,Brambley,10.39,10.39,9.62,95.0,1012.53,1020.01,0.0,0.0,9.91,253.0,WSW,0.0,0.0,0.0,69.34,5999.99,0.0,0.0
2026-09-20T06:00:00Z,2026-09-19T23:00:00-07:00,Brambley,10.39,10.39,9.78,96.0,1012.23,1019.74,0.0,0.0,9.91,253.0,WSW,0.0,0.0,0.0,69.34,5999.99,0.0,0.0
2026-09-20T06:05:00Z,2026-09-19T23:05:00-07:00,Brambley,10.39,10.39,9.78,96.0,1012.12,1019.64,0.0,0.0,9.91,253.0,WSW,0.0,0.0,0.0,69.34,5999.99,0.0,0.0
2026-09-20T06:10:00Z,2026-09-19T23:10:00-07:00,Brambley,10.39,10.39,9.78,96.0,1012.12,1019.64,0.0,0.0,9.91,253.0,WSW,0.0,0.0,0.0,69.34,5999.99,0.0,0.0
2026-09-20T06:15:00Z,2026-09-19T23:15:00-07:00,Brambley,10.28,10.28,9.67,96.0,1012.12,1019.64,0.0,0.0,9.91,259.0,W,0.0,0.0,0.0,69.34,5999.99,0.0,0.0
2026-09-20T06:20:00Z,2026-09-19T23:20:00-07:00,Brambley,10.28,10.28,9.67,96.0,1012.33,1019.81,0.0,0.0,9.91,259.0,W,0.0,0.0,0.0,69.34,5999.99,0.0,0.0
2026-09-20T06:25:00Z,2026-09-19T23:25:00-07:00,Brambley,10.22,10.22,9.61,96.0,1012.33,1019.81,0.0,0.0,9.91,259.0,W,0.0,0.0,0.0,69.34,5999.99,0.0,0.0
2026-09-20T06:30:00Z,2026-09-19T23:30:00-07:00,Brambley,10.28,10.28,9.67,96.0,1012.12,1019.64,0.0,0.0,9.91,259.0,W,0.0,0.0,0.0,69.34,5999.99,0.0,0.0
2026-09-20T06:35:00Z,2026-09-19T23:35:00-07:00,Brambley,10.11,10.11,9.5,96.0,1012.02,1019.54,0.0,0.0,9.91,259.0,W,0.0,0.0,0.0,69.34,5999.99,0.0,0.0
2026-09-20T06:40:00Z,2026-09-19T23:40:00-07:00,Brambley,9.89,9.89,9.28,96.0,1012.12,1019.64,0.0,0.0,9.91,259.0,W,0.0,0.0,0.0,69.34,5999.99,0.0,0.0
2026-09-20T06:45:00Z,2026-09-19T23:45:00-07:00,Brambley,9.89,9.89,9.28,96.0,1012.02,1019.54,0.0,0.0,9.91,259.0,W,0.0,0.0,0.0,69.34,5999.99,0.0,0.0
2026-09-20T06:50:00Z,2026-09-19T23:50:00-07:00,Brambley,9.72,9.72,9.12,96.0,1012.02,1019.54,0.0,0.0,9.91,259.0,W,0.0,0.0,0.0,69.34,5999.99,0.0,0.0
2026-09-20T06:55:00Z,2026-09-19T23:55:00-07:00,Brambley,9.72,9.72,9.12,96.0,1011.92,1019.44,0.0,0.0,9.91,259.0,W,0.0,0.0,0.0,69.34,5999.99,0.0,0.0
2026-09-20T07:00:00Z,2026-09-20T00:00:00-07:00,Brambley,9.72,9.72,9.12,96.0,1012.12,1019.64,0.0,0.0,0.0,259.0,W,0.0,0.0,0.0,69.34,5999.99,0.0,0.0
2026-09-20T07:05:00Z,2026-09-20T00:05:00-07:00,Brambley,9.72,9.72,9.12,96.0,1012.33,1019.81,0.0,0.0,0.0,259.0,W,0.0,0.0,0.0,69.34,5999.99,0.0,0.0
2026-09-20T07:10:00Z,2026-09-20T00:10:00-07:00,Brambley,9.72,9.72,9.12,96.0,1012.12,1019.64,0.0,0.0,0.0,259.0,W,0.0,0.0,0.0,69.34,5999.99,0.0,0.0
2026-09-20T07:15:00Z,2026-09-20T00:15:00-07:00,Brambley,9.61,9.61,9.01,96.0,1012.12,1019.64,0.0,0.0,0.0,259.0,W,0.0,0.0,0.0,69.34,5999.99,0.0,0.0
2026-09-20T07:20:00Z,2026-09-20T00:20:00-07:00,Brambley,9.61,9.61,9.01,96.0,1012.12,1019.64,0.0,0.0,0.0,259.0,W,0.0,0.0,0.0,69.34,5999.99,0.0,0.0
2026-09-20T07:25:00Z,2026-09-20T00:25:00-07:00,Brambley,9.61,9.61,9.16,97.0,1012.23,1019.74,0.0,0.0,0.0,259.0,W,0.0,0.0,0.0,69.34,5999.99,0.0,0.0
2026-09-20T07:30:00Z,2026-09-20T00:30:00-07:00,Brambley,9.5,9.5,9.05,97.0,1012.12,1019.64,0.0,0.0,0.0,259.0,W,0.0,0.0,0.0,69.34,5999.99,0.0,0.0
2026-09-20T07:35:00Z,2026-09-20T00:35:00-07:00,Brambley,9.39,9.39,8.94,97.0,1012.23,1019.74,0.0,0.0,0.0,259.0,W,0.0,0.0,0.0,69.34,5999.99,0.0,0.0
2026-09-20T07:40:00Z,2026-09-20T00:40:00-07:00,Brambley,9.5,9.5,9.05,97.0,1012.12,1019.64,0.0,0.0,0.0,259.0,W,0.0,0.0,0.0,69.34,5999.99,0.0,0.0
2026-09-20T07:45:00Z,2026-09-20T00:45:00-07:00,Brambley,9.28,9.28,8.83,97.0,1012.12,1019.64,0.0,0.0,0.0,259.0,W,0.0,0.0,0.0,69.34,5999.99,0.0,0.0
2026-09-20T07:50:00Z,2026-09-20T00:50:00-07:00,Brambley,9.28,9.28,8.83,97.0,1012.23,1019.74,0.0,0.0,0.0,259.0,W,0.0,0.0,0.0,69.34,5999.99,0.0,0.0
2026-09-20T07:55:00Z,2026-09-20T00:55:00-07:00,Brambley,9.39,9.39,8.94,97.0,1012.23,1019.74,0.0,0.0,0.0,259.0,W,0.0,0.0,0.0,69.34,5999.99,0.0,0.0
2026-09-20T08:00:00Z,2026-09-20T01:00:00-07:00,Brambley,9.22,9.22,8.77,97.0,1012.33,1019.81,0.0,0.0,0.0,259.0,W,0.0,0.0,0.0,69.34,5999.99,0.0,0.0
2026-09-20T08:05:00Z,2026-09-20T01:05:00-07:00,Brambley,9.28,9.28,8.83,97.0,1012.12,1019.64,0.0,0.0,0.0,259.0,W,0.0,0.0,0.0,69.34,5999.99,0.0,0.0
2026-09-20T08:10:00Z,2026-09-20T01:10:00-07:00,Brambley,9.22,9.22,8.77,97.0,1012.43,1019.91,0.0,0.0,0.0,259.0,W,0.0,0.0,0.0,69.34,5999.99,0.0,0.0
2026-09-20T08:15:00Z,2026-09-20T01:15:00-07:00,Brambley,9.0,9.0,8.55,97.0,1012.33,1019.81,0.0,0.0,0.0,259.0,W,0.0,0.0,0.0,69.34,5999.99,0.0,0.0
2026-09-20T08:20:00Z,2026-09-20T01:20:00-07:00,Brambley,9.11,9.11,8.66,97.0,1012.33,1019.81,0.0,0.0,0.0,259.0,W,0.0,0.0,0.0,69.34,5999.99,0.0,0.0
2026-09-20T08:25:00Z,2026-09-20T01:25:00-07:00,Brambley,9.0,9.0,8.55,97.0,1012.23,1019.74,0.0,0.0,0.0,259.0,W,0.0,0.0,0.0,69.34,5999.99,0.0,0.0
2026-09-20T08:30:00Z,2026-09-20T01:30:00-07:00,Brambley,9.0,9.0,8.55,97.0,1012.33,1019.81,0.0,0.0,0.0,259.0,W,0.0,0.0,0.0,69.34,5999.99,0.0,0.0
2026-09-20T08:35:00Z,2026-09-20T01:35:00-07:00,Brambley,9.0,9.0,8.55,97.0,1012.43,1019.91,0.0,0.0,0.0,259.0,W,0.0,0.0,0.0,69.34,5999.99,0.0,0.0
2026-09-20T08:40:00Z,2026-09-20T01:40:00-07:00,Brambley,9.11,9.11,8.66,97.0,1012.23,1019.74,0.0,0.0,0.0,259.0,W,0.0,0.0,0.0,69.34,5999.99,0.0,0.0
2026-09-20T08:45:00Z,2026-09-20T01:45:00-07:00,Brambley,9.11,9.11,8.66,97.0,1012.33,1019.81,0.0,0.0,0.0,259.0,W,0.0,0.0,0.0,69.34,5999.99,0.0,0.0
2026-09-20T08:50:00Z,2026-09-20T01:50:00-07:00,Brambley,9.11,9.11,8.66,97.0,1012.43,1019.91,0.0,0.0,0.0,259.0,W,0.0,0.0,0.0,69.34,5999.99,0.0,0.0
2026-09-20T08:55:00Z,2026-09-20T01:55:00-07:00,Brambley,8.89,8.89,8.44,97.0,1012.23,1019.74,0.0,0.0,0.0,259.0,W,0.0,0.0,0.0,69.34,5999.99,0.0,0.0
2026-09-20T09:00:00Z,2026-09-20T02:00:00-07:00,Brambley,8.89,8.89,8.44,97.0,1012.43,1019.91,0.0,0.0,0.0,260.0,W,0.0,0.0,0.0,69.34,5999.99,0.0,0.0
2026-09-20T09:05:00Z,2026-09-20T02:05:00-07:00,Brambley,8.78,8.78,8.48,98.0,1012.53,1020.01,0.0,0.0,0.0,261.0,W,0.0,0.0,0.0,69.34,5999.99,0.0,0.0
2026-09-20T09:10:00Z,2026-09-20T02:10:00-07:00,Brambley,8.72,8.72,8.42,98.0,1012.63,1020.12,0.0,0.0,0.0,260.0,W,0.0,0.0,0.0,69.34,5999.99,0.0,0.0
2026-09-20T09:15:00Z,2026-09-20T02:15:00-07:00,Brambley,8.78,8.78,8.48,98.0,1012.63,1020.12,0.0,0.0,0.0,260.0,W,0.0,0.0,0.0,69.34,5999.99,0.0,0.0
2026-09-20T09:20:00Z,2026-09-20T02:20:00-07:00,Brambley,8.61,8.61,8.31,98.0,1012.43,1019.91,0.0,0.0,0.0,260.0,W,0.0,0.0,0.0,69.34,5999.99,0.0,0.0
2026-09-20T09:25:00Z,2026-09-20T02:25:00-07:00,Brambley,8.39,8.39,8.09,98.0,1012.53,1020.01,0.0,0.0,0.0,260.0,W,0.0,0.0,0.0,69.34,5999.99,0.0,0.0
2026-09-20T09:30:00Z,2026-09-20T02:30:00-07:00,Brambley,8.28,8.28,7.98,98.0,1012.63,1020.12,0.0,0.0,0.0,260.0,W,0.0,0.0,0.0,69.34,5999.99,0.0,0.0
2026-09-20T09:35:00Z,2026-09-20T02:35:00-07:00,Brambley,8.39,8.39,8.09,98.0,1012.63,1020.12,0.0,0.0,0.0,260.0,W,0.0,0.0,0.0,69.34,5999.99,0.0,0.0
2026-09-20T09:40:00Z,2026-09-20T02:40:00-07:00,Brambley,8.28,8.28,7.98,98.0,1012.53,1020.01,0.0,0.0,0.0,260.0,W,0.0,0.0,0.0,69.34,5999.99,0.0,0.0
2026-09-20T09:45:00Z,2026-09-20T02:45:00-07:00,Brambley,8.39,8.39,8.09,98.0,1012.63,1020.12,0.0,0.0,0.0,260.0,W,0.0,0.0,0.0,69.34,5999.99,0.0,0.0
2026-09-20T09:50:00Z,2026-09-20T02:50:00-07:00,Brambley,8.39,8.39,8.09,98.0,1012.73,1020.22,0.0,0.0,0.0,260.0,W,0.0,0.0,0.0,69.34,5999.99,0.0,0.0
2026-09-20T09:55:00Z,2026-09-20T02:55:00-07:00,Brambley,8.39,8.39,8.09,98.0,1012.83,1020.32,0.0,0.0,0.0,260.0,W,0.0,0.0,0.0,69.34,5999.99,0.0,0.0
2026-09-20T10:00:00Z,2026-09-20T03:00:00-07:00,Brambley,8.28,8.28,7.98,98.0,1012.63,1020.12,0.0,0.0,0.0,260.0,W,0.0,0.0,0.0,69.34,5999.99,0.0,0.0
2026-09-20T10:05:00Z,2026-09-20T03:05:00-07:00,Brambley,8.22,8.22,7.92,98.0,1012.63,1020.12,0.0,0.0,0.0,260.0,W,0.0,0.0,0.0,69.34,5999.99,0.0,0.0
2026-09-20T10:10:00Z,2026-09-20T03:10:00-07:00,Brambley,8.28,8.28,7.98,98.0,1012.63,1020.12,0.0,0.0,0.0,260.0,W,0.0,0.0,0.0,69.34,5999.99,0.0,0.0
2026-09-20T10:15:00Z,2026-09-20T03:15:00-07:00,Brambley,8.39,8.39,8.09,98.0,1012.53,1020.01,0.0,0.0,0.0,260.0,W,0.0,0.0,0.0,69.34,5999.99,0.0,0.0
2026-09-20T10:20:00Z,2026-09-20T03:20:00-07:00,Brambley,8.5,8.5,8.2,98.0,1012.73,1020.22,0.0,0.0,0.0,260.0,W,0.0,0.0,0.0,69.34,5999.99,0.0,0.0
2026-09-20T10:25:00Z,2026-09-20T03:25:00-07:00,Brambley,8.28,8.28,7.98,98.0,1012.63,1020.12,0.0,0.0,0.0,260.0,W,0.0,0.0,0.0,69.34,5999.99,0.0,0.0
2026-09-20T10:30:00Z,2026-09-20T03:30:00-07:00,Brambley,8.28,8.28,7.98,98.0,1012.53,1020.01,0.0,0.0,0.0,260.0,W,0.0,0.0,0.0,69.34,5999.99,0.0,0.0
2026-09-20T10:35:00Z,2026-09-20T03:35:00-07:00,Brambley,8.22,8.22,7.92,98.0,1012.43,1019.91,0.0,0.0,0.0,263.0,W,0.0,0.0,0.0,69.34,5999.99,0.0,0.0
2026-09-20T10:40:00Z,2026-09-20T03:40:00-07:00,Brambley,8.0,8.0,7.71,98.0,1012.33,1019.81,0.0,0.0,0.0,263.0,W,0.0,0.0,0.0,69.34,5999.99,0.0,0.0
2026-09-20T10:45:00Z,2026-09-20T03:45:00-07:00,Brambley,7.89,7.89,7.59,98.0,1012.43,1019.91,0.0,0.0,0.0,263.0,W,0.0,0.0,0.0,69.34,5999.99,0.0,0.0
2026-09-20T10:50:00Z,2026-09-20T03:50:00-07:00,Brambley,7.89,7.89,7.59,98.0,1012.43,1019.91,0.0,0.0,0.0,263.0,W,0.0,0.0,0.0,69.34,5999.99,0.0,0.0
2026-09-20T10:55:00Z,2026-09-20T03:55:00-07:00,Brambley,7.89,7.89,7.59,98.0,1012.33,1019.81,0.0,0.0,0.0,263.0,W,0.0,0.0,0.0,69.34,5999.99,0.0,0.0
2026-09-20T11:00:00Z,2026-09-20T04:00:00-07:00,Brambley,8.0,8.0,7.71,98.0,1012.23,1019.74,0.0,0.0,0.0,263.0,W,0.0,0.0,0.0,69.34,5999.99,0.0,0.0
2026-09-20T11:05:00Z,2026-09-20T04:05:00-07:00,Brambley,7.78,7.78,7.48,98.0,1012.33,1019.81,0.0,0.0,0.0,263.0,W,0.0,0.0,0.0,69.34,5999.99,0.0,0.0
2026-09-20T11:10:00Z,2026-09-20T04:10:00-07:00,Brambley,7.72,7.72,7.43,98.0,1012.43,1019.91,0.0,0.0,0.0,263.0,W,0.0,0.0,0.0,69.34,5999.99,0.0,0.0
2026-09-20T11:15:00Z,2026-09-20T04:15:00-07:00,Brambley,8.0,8.0,7.71,98.0,1012.43,1019.91,0.0,0.0,0.0,263.0,W,0.0,0.0,0.0,69.34,5999.99,0.0,0.0
2026-09-20T11:20:00Z,2026-09-20T04:20:00-07:00,Brambley,8.0,8.0,7.71,98.0,1012.53,1020.01,0.0,0.0,0.0,263.0,W,0.0,0.0,0.0,69.34,5999.99,0.0,0.0
2026-09-20T11:25:00Z,2026-09-20T04:25:00-07:00,Brambley,7.89,7.89,7.59,98.0,1012.53,1020.01,0.0,0.0,0.0,263.0,W,0.0,0.0,0.0,69.34,5999.99,0.0,0.0
2026-09-20T11:30:00Z,2026-09-20T04:30:00-07:00,Brambley,7.61,7.61,7.32,98.0,1012.63,1020.12,0.0,0.0,0.0,263.0,W,0.0,0.0,0.0,69.34,5999.99,0.0,0.0
2026-09-20T11:35:00Z,2026-09-20T04:35:00-07:00,Brambley,7.5,7.5,7.21,98.0,1012.43,1019.91,0.0,0.0,0.0,263.0,W,0.0,0.0,0.0,69.34,5999.99,0.0,0.0
2026-09-20T11:40:00Z,2026-09-20T04:40:00-07:00,Brambley,7.61,7.61,7.46,99.0,1012.53,1020.01,0.0,0.0,0.0,263.0,W,0.0,0.0,0.0,69.34,5999.99,0.0,0.0
2026-09-20T11:45:00Z,2026-09-20T04:45:00-07:00,Brambley,7.72,7.72,7.57,99.0,1012.43,1019.91,0.0,0.0,0.0,263.0,W,0.0,0.0,0.0,69.34,5999.99,0.0,0.0
2026-09-20T11:50:00Z,2026-09-20T04:50:00-07:00,Brambley,7.72,7.72,7.57,99.0,1012.43,1019.91,0.0,0.0,0.0,263.0,W,0.0,0.0,0.0,69.34,5999.99,0.0,0.0
2026-09-20T11:55:00Z,2026-09-20T04:55:00-07:00,Brambley,7.61,7.61,7.46,99.0,1012.63,1020.12,0.0,0.0,0.0,263.0,W,0.0,0.0,0.0,69.34,5999.99,0.0,0.0
2026-09-20T12:00:00Z,2026-09-20T05:00:00-07:00,Brambley,7.78,7.78,7.63,99.0,1012.63,1020.12,0.0,0.0,0.0,263.0,W,0.0,0.0,0.0,69.34,5999.99,0.0,0.0
2026-09-20T12:05:00Z,2026-09-20T05:05:00-07:00,Brambley,7.78,7.78,7.63,99.0,1012.73,1020.22,0.0,0.0,0.0,263.0,W,0.0,0.0,0.0,69.34,5999.99,0.0,0.0
2026-09-20T12:10:00Z,2026-09-20T05:10:00-07:00,Brambley,7.89,7.89,7.74,99.0,1012.83,1020.32,0.0,0.0,0.0,263.0,W,0.0,0.0,0.0,69.34,5999.99,0.0,0.0
2026-09-20T12:15:00Z,2026-09-20T05:15:00-07:00,Brambley,7.89,7.89,7.74,99.0,1012.73,1020.22,0.0,0.0,0.0,263.0,W,0.0,0.0,0.0,69.34,5999.99,0.0,0.0
2026-09-20T12:20:00Z,2026-09-20T05:20:00-07:00,Brambley,8.0,8.0,7.85,99.0,1012.94,1020.42,0.0,0.0,0.0,263.0,W,0.0,0.0,0.0,69.34,5999.99,0.0,0.0
2026-09-20T12:25:00Z,2026-09-20T05:25:00-07:00,Brambley,7.89,7.89,7.74,99.0,1012.73,1020.22,0.0,0.0,0.0,263.0,W,0.0,0.0,0.0,69.34,5999.99,0.0,0.0
2026-09-20T12:30:00Z,2026-09-20T05:30:00-07:00,Brambley,7.89,7.89,7.74,99.0,1012.63,1020.12,0.0,0.0,0.0,263.0,W,0.0,0.0,0.0,69.34,5999.99,0.0,0.0
2026-09-20T12:35:00Z,2026-09-20T05:35:00-07:00,Brambley,7.72,7.72,7.57,99.0,1012.73,1020.22,0.0,0.0,0.0,263.0,W,0.0,0.0,0.0,69.34,5999.99,0.0,0.0
2026-09-20T12:40:00Z,2026-09-20T05:40:00-07:00,Brambley,7.5,7.5,7.36,99.0,1012.73,1020.22,0.0,0.0,0.0,263.0,W,0.0,0.0,0.0,69.34,5999.99,0.0,0.0
2026-09-20T12:45:00Z,2026-09-20T05:45:00-07:00,Brambley,7.5,7.5,7.36,99.0,1012.53,1020.01,0.0,0.0,0.0,263.0,W,0.0,0.0,0.0,69.34,5999.99,0.0,0.0
2026-09-20T12:50:00Z,2026-09-20T05:50:00-07:00,Brambley,7.5,7.5,7.36,99.0,1012.53,1020.01,0.0,0.0,0.0,263.0,W,0.0,0.0,0.0,69.34,5999.99,0.0,0.0
2026-09-20T12:55:00Z,2026-09-20T05:55:00-07:00,Brambley,7.39,7.39,7.24,99.0,1012.63,1020.12,0.0,0.0,0.0,263.0,W,0.0,0.0,0.0,69.34,5999.99,0.0,0.0
2026-09-20T13:00:00Z,2026-09-20T06:00:00-07:00,Brambley,7.5,7.5,7.36,99.0,1012.53,1020.01,0.0,0.0,0.0,263.0,W,0.0,0.0,0.0,69.34,5999.99,0.0,0.0
2026-09-20T13:05:00Z,2026-09-20T06:05:00-07:00,Brambley,7.39,7.39,7.24,99.0,1012.43,1019.91,0.0,0.0,0.0,263.0,W,0.0,0.0,0.0,69.34,5999.99,0.0,0.0
2026-09-20T13:10:00Z,2026-09-20T06:10:00-07:00,Brambley,7.39,7.39,7.24,99.0,1012.63,1020.12,0.0,0.0,0.0,263.0,W,0.0,0.0,0.0,69.34,5999.99,0.0,0.0
2026-09-20T13:15:00Z,2026-09-20T06:15:00-07:00,Brambley,7.39,7.39,7.24,99.0,1012.53,1020.01,0.0,0.0,0.0,263.0,W,0.0,0.0,0.0,69.34,5999.99,0.0,0.0
2026-09-20T13:20:00Z,2026-09-20T06:20:00-07:00,Brambley,7.39,7.39,7.24,99.0,1012.63,1020.12,0.0,0.0,0.0,263.0,W,0.0,0.0,0.0,69.34,5999.99,0.0,0.0
2026-09-20T13:25:00Z,2026-09-20T06:25:00-07:00,Brambley,7.39,7.39,7.24,99.0,1012.53,1020.01,0.0,0.0,0.0,263.0,W,0.0,0.0,0.0,69.34,5999.99,0.0,0.0
2026-09-20T13:30:00Z,2026-09-20T06:30:00-07:00,Brambley,7.39,7.39,7.24,99.0,1012.63,1020.12,0.0,0.0,0.0,263.0,W,0.0,0.0,0.0,69.34,5999.99,0.01,0.0
2026-09-20T13:35:00Z,2026-09-20T06:35:00-07:00,Brambley,7.28,7.28,7.13,99.0,1012.83,1020.32,0.0,0.0,0.0,263.0,W,0.0,0.0,0.0,69.34,5999.99,0.03,0.0
2026-09-20T13:40:00Z,2026-09-20T06:40:00-07:00,Brambley,7.22,7.22,7.08,99.0,1012.73,1020.22,0.0,0.0,0.0,263.0,W,0.0,0.0,0.0,69.34,5999.99,0.09,0.0
2026-09-20T13:45:00Z,2026-09-20T06:45:00-07:00,Brambley,7.28,7.28,7.13,99.0,1012.63,1020.12,0.0,0.0,0.0,263.0,W,0.0,0.0,0.0,69.34,5999.99,0.25,0.0
2026-09-20T13:50:00Z,2026-09-20T06:50:00-07:00,Brambley,7.39,7.39,7.24,99.0,1012.83,1020.32,0.0,0.0,0.0,263.0,W,0.0,0.0,0.0,69.34,5999.99,0.58,0.0
2026-09-20T13:55:00Z,2026-09-20T06:55:00-07:00,Brambley,7.61,7.61,7.46,99.0,1012.63,1020.12,0.0,0.0,0.0,263.0,W,0.0,0.0,0.0,69.34,5999.99,1.19,0.0
2026-09-20T14:00:00Z,2026-09-20T07:00:00-07:00,Brambley,7.61,7.61,7.46,99.0,1012.73,1020.22,0.0,0.0,0.0,263.0,W,0.0,0.0,0.0,69.34,5999.99,2.11,0.0
2026-09-20T14:05:00Z,2026-09-20T07:05:00-07:00,Brambley,7.39,7.39,7.24,99.0,1012.53,1020.01,0.0,0.0,0.0,263.0,W,0.0,0.0,0.0,69.34,5999.99,3.32,0.0
2026-09-20T14:10:00Z,2026-09-20T07:10:00-07:00,Brambley,7.39,7.39,7.24,99.0,1012.73,1020.22,0.0,0.0,0.0,263.0,W,0.0,0.0,0.0,69.34,5999.99,4.71,0.0
2026-09-20T14:15:00Z,2026-09-20T07:15:00-07:00,Brambley,7.28,7.28,7.13,99.0,1013.04,1020.52,0.0,0.0,0.0,263.0,W,0.0,0.0,0.0,69.34,5999.99,6.46,0.0
2026-09-20T14:20:00Z,2026-09-20T07:20:00-07:00,Brambley,7.28,7.28,7.13,99.0,1012.83,1020.32,0.0,0.0,0.0,263.0,W,0.0,0.0,0.0,69.34,5999.99,8.46,0.0
2026-09-20T14:25:00Z,2026-09-20T07:25:00-07:00,Brambley,7.39,7.39,7.24,99.0,1012.94,1020.42,0.0,0.0,0.0,263.0,W,0.0,0.0,0.0,69.34,5999.99,10.68,0.0
2026-09-20T14:30:00Z,2026-09-20T07:30:00-07:00,Brambley,7.5,7.5,7.36,99.0,1012.94,1020.42,0.0,0.0,0.0,263.0,W,0.0,0.0,0.0,69.34,5999.99,13.1,0.0
2026-09-20T14:35:00Z,2026-09-20T07:35:00-07:00,Brambley,7.72,7.72,7.57,99.0,1012.83,1020.32,0.0,0.0,0.0,263.0,W,0.0,0.0,0.0,69.34,5999.99,16.56,0.0
2026-09-20T14:40:00Z,2026-09-20T07:40:00-07:00,Brambley,8.0,8.0,7.85,99.0,1013.04,1020.52,0.0,0.0,0.0,263.0,W,0.0,0.0,0.0,69.34,5999.99,18.7,0.0
2026-09-20T14:45:00Z,2026-09-20T07:45:00-07:00,Brambley,8.39,8.39,8.24,99.0,1013.14,1020.62,0.0,0.0,0.0,265.0,W,0.0,0.0,0.0,69.34,5999.99,21.89,0.0
2026-09-20T14:50:00Z,2026-09-20T07:50:00-07:00,Brambley,8.5,8.5,8.35,99.0,1013.04,1020.52,0.0,0.0,0.0,265.0,W,0.0,0.0,0.0,69.34,5999.99,25.25,0.0
2026-09-20T14:55:00Z,2026-09-20T07:55:00-07:00,Brambley,8.72,8.72,8.57,99.0,1012.94,1020.42,0.0,0.0,0.0,265.0,W,0.0,0.0,0.0,69.34,5999.99,27.46,0.0
2026-09-20T15:00:00Z,2026-09-20T08:00:00-07:00,Brambley,8.78,8.78,8.63,99.0,1013.14,1020.62,0.0,0.0,0.0,265.0,W,0.0,0.0,0.0,69.34,5999.99,30.25,0.0
2026-09-20T15:05:00Z,2026-09-20T08:05:00-07:00,Brambley,8.89,8.89,8.74,99.0,1013.34,1020.83,0.0,0.0,0.0,265.0,W,0.0,0.0,0.0,69.34,5999.99,30.24,0.0
2026-09-20T15:10:00Z,2026-09-20T08:10:00-07:00,Brambley,9.11,9.11,8.96,99.0,1013.24,1020.73,0.0,0.0,0.0,265.0,W,0.0,0.0,0.0,69.34,5999.99,31.84,0.0
2026-09-20T15:15:00Z,2026-09-20T08:15:00-07:00,Brambley,8.89,8.89,8.74,99.0,1013.34,1020.83,0.0,0.0,0.0,265.0,W,0.0,0.0,0.0,69.34,5999.99,33.54,0.0
2026-09-20T15:20:00Z,2026-09-20T08:20:00-07:00,Brambley,8.89,8.89,8.74,99.0,1013.34,1020.83,0.0,0.0,0.0,265.0,W,0.0,0.0,0.0,69.34,5999.99,37.97,0.0
2026-09-20T15:25:00Z,2026-09-20T08:25:00-07:00,Brambley,9.22,9.22,9.07,99.0,1013.04,1020.52,0.0,0.0,0.0,265.0,W,0.0,0.0,0.0,69.34,5999.99,41.79,0.0
2026-09-20T15:30:00Z,2026-09-20T08:30:00-07:00,Brambley,9.39,9.39,9.24,99.0,1013.24,1020.73,0.0,0.0,0.0,265.0,W,0.0,0.0,0.0,69.34,5999.99,42.96,0.0
2026-09-20T15:35:00Z,2026-09-20T08:35:00-07:00,Brambley,9.5,9.5,9.35,99.0,1013.14,1020.62,0.0,0.0,0.0,265.0,W,0.0,0.0,0.0,69.34,5999.99,44.48,0.0
2026-09-20T15:40:00Z,2026-09-20T08:40:00-07:00,Brambley,9.61,9.61,9.46,99.0,1013.24,1020.73,0.0,0.0,0.0,265.0,W,0.0,0.0,0.0,69.34,5999.99,42.59,0.0
2026-09-20T15:45:00Z,2026-09-20T08:45:00-07:00,Brambley,9.89,9.89,9.74,99.0,1013.14,1020.62,0.0,0.0,0.0,265.0,W,0.0,0.0,0.0,69.34,5999.99,39.4,0.0
2026-09-20T15:50:00Z,2026-09-20T08:50:00-07:00,Brambley,9.78,9.78,9.63,99.0,1013.24,1020.73,0.0,0.0,0.0,265.0,W,0.0,0.0,0.0,69.34,5999.99,40.75,0.0
2026-09-20T15:55:00Z,2026-09-20T08:55:00-07:00,Brambley,10.11,10.11,9.96,99.0,1013.04,1020.52,0.0,0.0,0.0,265.0,W,0.0,0.0,0.0,69.34,5999.99,45.82,0.0
2026-09-20T16:00:00Z,2026-09-20T09:00:00-07:00,Brambley,10.28,10.28,10.13,99.0,1013.24,1020.73,0.0,0.0,0.0,265.0,W,0.0,0.0,0.0,69.34,5999.99,50.11,0.0
2026-09-20T16:05:00Z,2026-09-20T09:05:00-07:00,Brambley,10.5,10.5,10.35,99.0,1013.14,1020.62,0.0,0.0,0.0,265.0,W,0.0,0.0,0.0,69.34,5999.99,53.02,0.0
2026-09-20T16:10:00Z,2026-09-20T09:10:00-07:00,Brambley,10.72,10.72,10.57,99.0,1013.24,1020.73,0.0,0.0,0.0,265.0,W,0.0,0.0,0.0,69.34,5999.99,55.0,0.0
2026-09-20T16:15:00Z,2026-09-20T09:15:00-07:00,Brambley,10.89,10.89,10.74,99.0,1013.24,1020.73,0.0,0.0,0.0,265.0,W,0.0,0.0,0.0,69.34,5999.99,56.17,0.0
2026-09-20T16:20:00Z,2026-09-20T09:20:00-07:00,Brambley,11.11,11.11,10.96,99.0,1013.24,1020.73,0.0,0.0,0.0,266.0,W,0.0,0.0,0.0,69.34,5999.99,54.75,0.0
2026-09-20T16:25:00Z,2026-09-20T09:25:00-07:00,Brambley,11.11,11.11,10.96,99.0,1013.14,1020.62,0.0,0.0,0.0,266.0,W,0.0,0.0,0.0,69.34,5999.99,55.72,0.0
2026-09-20T16:30:00Z,2026-09-20T09:30:00-07:00,Brambley,11.22,11.22,11.07,99.0,1013.14,1020.62,0.0,0.0,0.0,266.0,W,0.0,0.0,0.0,69.34,5999.99,56.58,0.0
2026-09-20T16:35:00Z,2026-09-20T09:35:00-07:00,Brambley,11.28,11.28,11.13,99.0,1013.14,1020.62,0.0,0.0,0.0,267.0,W,0.0,0.0,0.0,69.34,5999.99,61.2,0.0
2026-09-20T16:40:00Z,2026-09-20T09:40:00-07:00,Brambley,11.28,11.28,11.13,99.0,1013.24,1020.73,0.0,0.0,0.0,267.0,W,0.0,0.0,0.0,69.34,5999.99,59.49,0.0
2026-09-20T16:45:00Z,2026-09-20T09:45:00-07:00,Brambley,11.39,11.39,11.24,99.0,1013.24,1020.73,0.0,0.0,0.0,266.0,W,0.0,0.0,0.0,69.34,5999.99,61.74,0.0
2026-09-20T16:50:00Z,2026-09-20T09:50:00-07:00,Brambley,11.5,11.5,11.35,99.0,1013.24,1020.73,0.0,0.0,0.0,266.0,W,0.0,0.0,0.0,69.34,5999.99,62.61,0.0
2026-09-20T16:55:00Z,2026-09-20T09:55:00-07:00,Brambley,11.72,11.72,11.57,99.0,1013.24,1020.73,0.0,0.0,0.0,266.0,W,0.0,0.0,0.0,69.34,5999.99,64.59,0.0
2026-09-20T17:00:00Z,2026-09-20T10:00:00-07:00,Brambley,11.72,11.72,11.57,99.0,1013.34,1020.83,0.0,0.0,0.0,266.0,W,0.0,0.0,0.0,69.34,5999.99,66.74,0.0
2026-09-20T17:05:00Z,2026-09-20T10:05:00-07:00,Brambley,11.72,11.72,11.57,99.0,1013.34,1020.83,0.0,0.0,0.0,267.0,W,0.0,0.0,0.0,69.34,5999.99,73.2,0.0
2026-09-20T17:10:00Z,2026-09-20T10:10:00-07:00,Brambley,11.78,11.78,11.63,99.0,1013.24,1020.73,0.0,0.0,0.0,267.0,W,0.0,0.0,0.0,69.34,5999.99,73.52,0.0
2026-09-20T17:15:00Z,2026-09-20T10:15:00-07:00,Brambley,12.11,12.11,11.96,99.0,1013.14,1020.62,0.0,0.0,0.0,267.0,W,0.0,0.0,0.0,69.34,5999.99,76.35,0.0
2026-09-20T17:20:00Z,2026-09-20T10:20:00-07:00,Brambley,12.28,12.28,12.12,99.0,1013.14,1020.62,0.0,0.0,0.0,267.0,W,0.0,0.0,0.0,69.34,5999.99,80.62,0.0
2026-09-20T17:25:00Z,2026-09-20T10:25:00-07:00,Brambley,12.61,12.61,12.46,99.0,1013.41,1020.93,0.0,0.0,0.0,267.0,W,0.0,0.0,0.0,69.34,5999.99,79.89,0.0
2026-09-20T17:30:00Z,2026-09-20T10:30:00-07:00,Brambley,12.39,12.39,12.23,99.0,1013.24,1020.73,0.0,0.0,0.0,267.0,W,0.0,0.0,0.0,69.34,5999.99,78.71,0.0
2026-09-20T17:35:00Z,2026-09-20T10:35:00-07:00,Brambley,12.61,12.61,12.46,99.0,1013.14,1020.62,0.0,0.0,0.0,267.0,W,0.0,0.0,0.0,69.34,5999.99,77.28,0.0
2026-09-20T17:40:00Z,2026-09-20T10:40:00-07:00,Brambley,12.61,12.61,12.46,99.0,1013.34,1020.83,0.0,0.0,0.0,267.0,W,0.0,0.0,0.0,69.34,5999.99,77.98,0.0
2026-09-20T17:45:00Z,2026-09-20T10:45:00-07:00,Brambley,12.61,12.61,12.46,99.0,1013.24,1020.73,0.0,0.0,0.0,267.0,W,0.0,0.0,0.0,69.34,5999.99,87.63,0.0
2026-09-20T17:50:00Z,2026-09-20T10:50:00-07:00,Brambley,12.72,12.72,12.57,99.0,1013.14,1020.62,0.0,0.0,0.0,267.0,W,0.0,0.0,0.0,69.34,5999.99,90.49,0.0
2026-09-20T17:55:00Z,2026-09-20T10:55:00-07:00,Brambley,12.89,12.89,12.73,99.0,1013.34,1020.83,0.0,0.0,0.0,259.0,W,0.0,0.0,0.0,69.34,5999.99,81.94,0.0
2026-09-20T18:00:00Z,2026-09-20T11:00:00-07:00,Brambley,12.89,12.89,12.73,99.0,1013.24,1020.73,0.0,0.0,0.0,259.0,W,0.0,0.0,0.0,69.34,5999.99,84.89,0.0
2026-09-20T18:05:00Z,2026-09-20T11:05:00-07:00,Brambley,12.89,12.89,12.73,99.0,1013.14,1020.62,0.0,0.0,0.0,262.0,W,0.0,0.0,0.0,69.34,5999.99,89.49,0.0
2026-09-20T18:10:00Z,2026-09-20T11:10:00-07:00,Brambley,13.0,13.0,12.84,99.0,1013.14,1020.62,0.0,0.0,0.0,265.0,W,0.0,0.0,0.0,69.34,5999.99,109.23,1.0
2026-09-20T18:15:00Z,2026-09-20T11:15:00-07:00,Brambley,13.0,13.0,12.84,99.0,1013.24,1020.73,0.0,0.0,0.0,266.0,W,0.0,0.0,0.0,69.34,5999.99,126.06,1.0
2026-09-20T18:20:00Z,2026-09-20T11:20:00-07:00,Brambley,13.11,13.11,12.96,99.0,1013.04,1020.52,0.0,0.0,0.0,265.0,W,0.0,0.0,0.0,69.34,5999.99,134.76,1.0
2026-09-20T18:25:00Z,2026-09-20T11:25:00-07:00,Brambley,13.22,13.22,13.07,99.0,1013.14,1020.62,0.0,0.0,0.0,265.0,W,0.0,0.0,0.0,69.34,5999.99,144.85,1.0
2026-09-20T18:30:00Z,2026-09-20T11:30:00-07:00,Brambley,13.28,13.28,13.12,99.0,1013.04,1020.52,0.0,0.0,0.0,265.0,W,0.0,0.0,0.0,69.34,5999.99,148.22,1.0
2026-09-20T18:35:00Z,2026-09-20T11:35:00-07:00,Brambley,13.5,13.5,13.34,99.0,1013.14,1020.62,0.0,0.0,0.0,265.0,W,0.0,0.0,0.0,69.34,5999.99,161.78,1.0
2026-09-20T18:40:00Z,2026-09-20T11:40:00-07:00,Brambley,13.78,13.78,13.62,99.0,1012.94,1020.42,0.0,0.0,0.0,265.0,W,0.0,0.0,0.0,69.34,5999.99,165.08,1.0
2026-09-20T18:45:00Z,2026-09-20T11:45:00-07:00,Brambley,13.78,13.78,13.62,99.0,1013.04,1020.52,0.0,0.0,0.0,266.0,W,0.0,0.0,0.0,69.34,5999.99,179.94,1.0
2026-09-20T18:50:00Z,2026-09-20T11:50:00-07:00,Brambley,14.11,14.11,13.96,99.0,1013.04,1020.52,0.0,0.0,0.0,265.0,W,0.0,0.0,0.0,69.34,5999.99,192.96,1.0
2026-09-20T18:55:00Z,2026-09-20T11:55:00-07:00,Brambley,14.22,14.22,14.07,99.0,1012.94,1020.42,0.0,0.0,0.0,265.0,W,0.0,0.0,0.0,69.34,5999.99,204.95,1.0
2026-09-20T19:00:00Z,2026-09-20T12:00:00-07:00,Brambley,14.61,14.61,14.46,99.0,1012.94,1020.42,0.0,0.0,0.0,266.0,W,0.0,0.0,0.0,69.34,5999.99,201.38,1.0
2026-09-20T19:05:00Z,2026-09-20T12:05:00-07:00,Brambley,14.61,14.61,14.46,99.0,1012.83,1020.32,0.0,0.0,0.0,266.0,W,0.0,0.0,0.0,69.34,5999.99,260.18,2.0
2026-09-20T19:10:00Z,2026-09-20T12:10:00-07:00,Brambley,15.0,15.0,14.84,99.0,1012.73,1020.22,0.0,0.0,0.0,266.0,W,0.0,0.0,0.0,69.34,5999.99,208.69,2.0
2026-09-20T19:15:00Z,2026-09-20T12:15:00-07:00,Brambley,15.22,15.22,15.07,99.0,1012.73,1020.22,0.0,0.0,0.0,263.0,W,0.0,0.0,0.0,69.34,5999.99,163.54,1.0
2026-09-20T19:20:00Z,2026-09-20T12:20:00-07:00,Brambley,15.11,15.11,14.96,99.0,1012.73,1020.22,0.0,0.0,0.0,270.0,W,0.0,0.0,0.0,69.34,5999.99,163.94,1.0
2026-09-20T19:25:00Z,2026-09-20T12:25:00-07:00,Brambley,14.61,14.61,14.3,98.0,1012.83,1020.32,0.0,0.0,0.0,265.0,W,0.0,0.0,0.0,69.34,5999.99,183.13,1.0
2026-09-20T19:30:00Z,2026-09-20T12:30:00-07:00,Brambley,14.39,14.39,14.08,98.0,1012.63,1020.12,0.0,0.0,0.0,252.0,WSW,0.0,0.0,0.0,69.34,5999.99,154.14,1.0
2026-09-20T19:35:00Z,2026-09-20T12:35:00-07:00,Brambley,14.78,14.78,14.47,98.0,1012.53,1020.01,0.0,0.0,0.96,250.0,WSW,0.0,0.0,0.0,69.34,5999.99,272.98,2.0
2026-09-20T19:40:00Z,2026-09-20T12:40:00-07:00,Brambley,15.0,15.0,14.53,97.0,1012.73,1020.22,0.0,0.0,0.96,259.0,W,0.0,0.0,0.0,69.34,5999.99,190.23,1.0
2026-09-20T19:45:00Z,2026-09-20T12:45:00-07:00,Brambley,15.22,15.22,14.75,97.0,1012.43,1019.91,0.0,0.0,0.96,263.0,W,0.0,0.0,0.0,69.34,5999.99,163.01,1.0
2026-09-20T19:50:00Z,2026-09-20T12:50:00-07:00,Brambley,15.61,15.61,14.97,96.0,1012.53,1020.01,0.0,0.0,0.96,257.0,WSW,0.0,0.0,0.0,69.34,5999.99,447.41,4.0
2026-09-20T19:55:00Z,2026-09-20T12:55:00-07:00,Brambley,16.11,16.11,15.47,96.0,1012.63,1020.12,0.0,0.0,0.96,263.0,W,0.0,0.0,0.0,69.34,5999.99,239.17,2.0
2026-09-20T20:00:00Z,2026-09-20T13:00:00-07:00,Brambley,16.72,16.72,15.75,94.0,1012.53,1020.01,0.96,0.96,0.96,302.0,WNW,0.0,0.0,0.0,69.34,5999.99,553.11,5.0
2026-09-20T20:05:00Z,2026-09-20T13:05:00-07:00,Brambley,16.72,16.72,15.58,93.0,1012.23,1019.74,0.0,0.0,0.96,261.0,W,0.0,0.0,0.0,69.34,5999.99,289.84,2.0
2026-09-20T20:10:00Z,2026-09-20T13:10:00-07:00,Brambley,16.89,16.89,15.41,91.0,1012.23,1019.74,0.0,0.0,0.96,262.0,W,0.0,0.0,0.0,69.34,5999.99,228.57,2.0
2026-09-20T20:15:00Z,2026-09-20T13:15:00-07:00,Brambley,17.11,17.11,15.28,89.0,1012.33,1019.81,0.0,0.0,0.96,260.0,W,0.0,0.0,0.0,69.34,5999.99,248.64,2.0
2026-09-20T20:20:00Z,2026-09-20T13:20:00-07:00,Brambley,17.5,17.5,15.31,87.0,1012.23,1019.74,0.0,0.0,0.96,258.0,WSW,0.0,0.0,0.0,69.34,5999.99,197.24,1.0
2026-09-20T20:25:00Z,2026-09-20T13:25:00-07:00,Brambley,17.61,17.61,14.87,84.0,1012.23,1019.74,0.0,0.0,0.96,267.0,W,0.0,0.0,0.0,69.34,5999.99,553.16,5.0
2026-09-20T20:30:00Z,2026-09-20T13:30:00-07:00,Brambley,18.11,18.11,14.79,81.0,1011.82,1019.34,0.17,0.96,0.96,253.0,WSW,0.0,0.0,0.0,69.34,5999.99,529.64,5.0
2026-09-20T20:35:00Z,2026-09-20T13:35:00-07:00,Brambley,18.61,18.61,14.89,79.0,1012.12,1019.64,0.0,0.0,0.96,252.0,WSW,0.0,0.0,0.0,69.34,5999.99,219.98,2.0
2026-09-20T20:40:00Z,2026-09-20T13:40:00-07:00,Brambley,17.61,17.61,14.12,80.0,1012.12,1019.64,1.56,1.91,3.91,244.0,WSW,0.0,0.0,0.0,69.34,5999.99,369.56,3.0
2026-09-20T20:45:00Z,2026-09-20T13:45:00-07:00,Brambley,17.22,17.22,14.12,82.0,1012.23,1019.74,0.61,1.91,5.04,258.0,WSW,0.0,0.0,0.0,69.34,5999.99,328.16,3.0
2026-09-20T20:50:00Z,2026-09-20T13:50:00-07:00,Brambley,16.89,16.89,14.17,84.0,1011.92,1019.44,0.78,2.95,6.0,250.0,WSW,0.0,0.0,0.0,69.34,5999.99,544.74,5.0
2026-09-20T20:55:00Z,2026-09-20T13:55:00-07:00,Brambley,16.89,16.89,13.98,83.0,1011.92,1019.44,4.43,5.04,6.0,234.0,SW,0.0,0.0,0.0,69.34,5999.99,509.91,4.0
2026-09-20T21:00:00Z,2026-09-20T14:00:00-07:00,Brambley,17.22,17.22,14.31,83.0,1011.92,1019.44,1.56,1.91,6.0,244.0,WSW,0.0,0.0,0.0,69.34,5999.99,503.46,4.0
2026-09-20T21:05:00Z,2026-09-20T14:05:00-07:00,Brambley,16.72,16.72,14.0,84.0,1011.72,1019.24,1.74,2.95,6.0,256.0,WSW,0.0,0.0,0.0,69.34,5999.99,498.0,4.0
2026-09-20T21:10:00Z,2026-09-20T14:10:00-07:00,Brambley,17.11,17.11,14.2,83.0,1011.62,1019.13,1.56,1.91,6.0,241.0,WSW,0.0,0.0,0.0,69.34,5999.99,493.42,4.0
2026-09-20T21:15:00Z,2026-09-20T14:15:00-07:00,Brambley,16.78,16.78,13.68,82.0,1011.62,1019.13,1.91,2.95,6.0,225.0,SW,0.0,0.0,0.0,69.34,5999.99,487.13,4.0
2026-09-20T21:20:00Z,2026-09-20T14:20:00-07:00,Brambley,17.39,17.39,14.09,81.0,1011.62,1019.13,3.91,3.91,6.0,240.0,WSW,0.0,0.0,0.0,69.34,5999.99,481.65,4.0
2026-09-20T21:25:00Z,2026-09-20T14:25:00-07:00,Brambley,17.22,17.22,14.12,82.0,1011.51,1019.03,2.95,2.95,6.0,240.0,WSW,0.0,0.0,0.0,69.34,5999.99,475.55,4.0
2026-09-20T21:30:00Z,2026-09-20T14:30:00-07:00,Brambley,17.5,17.5,14.01,80.0,1011.31,1018.83,3.3,3.91,6.0,232.0,SW,0.0,0.0,0.0,69.34,5999.99,468.41,4.0
2026-09-20T21:35:00Z,2026-09-20T14:35:00-07:00,Brambley,17.61,17.61,13.92,79.0,1011.41,1018.93,1.13,1.91,6.0,245.0,WSW,0.0,0.0,0.0,69.34,5999.99,462.74,4.0
2026-09-20T21:40:00Z,2026-09-20T14:40:00-07:00,Brambley,18.11,18.11,14.01,77.0,1011.41,1018.93,2.17,2.95,6.0,255.0,WSW,0.0,0.0,0.0,69.34,5999.99,454.03,4.0
2026-09-20T21:45:00Z,2026-09-20T14:45:00-07:00,Brambley,18.11,18.11,13.81,76.0,1011.24,1018.73,5.65,7.04,7.04,256.0,WSW,0.0,0.0,0.0,69.34,5999.99,447.84,4.0
2026-09-20T21:50:00Z,2026-09-20T14:50:00-07:00,Brambley,18.0,18.0,13.91,77.0,1011.24,1018.73,5.82,7.04,8.95,229.0,SW,0.0,0.0,0.0,69.34,5999.99,441.7,4.0
2026-09-20T21:55:00Z,2026-09-20T14:55:00-07:00,Brambley,18.11,18.11,14.01,77.0,1011.14,1018.63,4.26,5.04,9.91,237.0,WSW,0.0,0.0,0.0,69.34,5999.99,432.64,4.0
2026-09-20T22:00:00Z,2026-09-20T15:00:00-07:00,Brambley,18.11,18.11,13.81,76.0,1011.04,1018.52,1.56,2.95,9.91,239.0,WSW,0.0,0.0,0.0,69.34,5999.99,424.67,4.0
2026-09-20T22:05:00Z,2026-09-20T15:05:00-07:00,Brambley,18.39,18.39,14.08,76.0,1011.04,1018.52,4.26,7.04,9.91,228.0,SW,0.0,0.0,0.0,69.34,5999.99,414.94,4.0
2026-09-20T22:10:00Z,2026-09-20T15:10:00-07:00,Brambley,18.22,18.22,13.92,76.0,1010.94,1018.42,5.82,7.99,9.91,229.0,SW,0.0,0.0,0.0,69.34,5999.99,408.78,3.0
2026-09-20T22:15:00Z,2026-09-20T15:15:00-07:00,Brambley,17.89,17.89,13.79,77.0,1010.94,1018.42,6.6,11.82,11.82,236.0,SW,0.0,0.0,0.0,69.34,5999.99,398.64,3.0
2026-09-20T22:20:00Z,2026-09-20T15:20:00-07:00,Brambley,18.11,18.11,14.01,77.0,1010.84,1018.32,6.26,7.04,11.82,217.0,SW,0.0,0.0,0.0,69.34,5999.99,389.17,3.0
2026-09-20T22:25:00Z,2026-09-20T15:25:00-07:00,Brambley,17.78,17.78,13.69,77.0,1011.04,1018.52,7.04,8.95,11.82,231.0,SW,0.0,0.0,0.0,69.34,5999.99,379.39,3.0
2026-09-20T22:30:00Z,2026-09-20T15:30:00-07:00,Brambley,18.0,18.0,13.91,77.0,1010.94,1018.42,3.74,5.04,11.82,248.0,WSW,0.0,0.0,0.0,69.34,5999.99,368.92,3.0
2026-09-20T22:35:00Z,2026-09-20T15:35:00-07:00,Brambley,18.0,18.0,13.91,77.0,1010.53,1018.02,6.0,7.99,11.82,246.0,WSW,0.0,0.0,0.0,69.34,5999.99,359.07,3.0
2026-09-20T22:40:00Z,2026-09-20T15:40:00-07:00,Brambley,18.11,18.11,13.81,76.0,1010.74,1018.22,6.0,7.04,11.82,221.0,SW,0.0,0.0,0.0,69.34,5999.99,347.92,3.0
2026-09-20T22:45:00Z,2026-09-20T15:45:00-07:00,Brambley,17.78,17.78,13.89,78.0,1010.63,1018.12,4.43,6.0,11.82,196.0,SSW,0.0,0.0,0.0,69.34,5999.99,336.99,3.0
2026-09-20T22:50:00Z,2026-09-20T15:50:00-07:00,Brambley,17.89,17.89,13.59,76.0,1010.53,1018.02,8.17,10.86,11.82,186.0,S,0.0,0.0,0.0,69.34,5999.99,326.77,3.0
2026-09-20T22:55:00Z,2026-09-20T15:55:00-07:00,Brambley,17.89,17.89,13.59,76.0,1010.53,1018.02,5.65,7.04,11.82,253.0,WSW,0.0,0.0,0.0,69.34,5999.99,315.38,3.0
2026-09-20T23:00:00Z,2026-09-20T16:00:00-07:00,Brambley,17.72,17.72,13.43,76.0,1010.23,1017.71,6.0,7.04,11.82,259.0,W,0.0,0.0,0.0,69.34,5999.99,303.8,2.0
2026-09-20T23:05:00Z,2026-09-20T16:05:00-07:00,Brambley,18.22,18.22,13.92,76.0,1010.43,1017.91,6.26,7.04,11.82,244.0,WSW,0.0,0.0,0.0,69.34,5999.99,292.14,2.0
2026-09-20T23:10:00Z,2026-09-20T16:10:00-07:00,Brambley,17.78,17.78,13.49,76.0,1010.23,1017.71,7.39,8.95,11.82,228.0,SW,0.0,0.0,0.0,69.34,5999.99,280.51,2.0
2026-09-20T23:15:00Z,2026-09-20T16:15:00-07:00,Brambley,17.72,17.72,13.43,76.0,1010.23,1017.71,3.91,6.0,11.82,238.0,WSW,0.0,0.0,0.0,69.34,5999.99,268.42,2.0
2026-09-20T23:20:00Z,2026-09-20T16:20:00-07:00,Brambley,17.72,17.72,13.63,77.0,1010.13,1017.61,3.3,5.04,11.82,231.0,SW,0.0,0.0,0.0,69.34,5999.99,255.29,2.0
2026-09-20T23:25:00Z,2026-09-20T16:25:00-07:00,Brambley,18.5,18.5,13.77,74.0,1010.23,1017.71,4.43,5.04,11.82,229.0,SW,0.0,0.0,0.0,69.34,5999.99,242.54,2.0
2026-09-20T23:30:00Z,2026-09-20T16:30:00-07:00,Brambley,17.89,17.89,13.59,76.0,1010.02,1017.54,4.26,6.0,11.82,246.0,WSW,0.0,0.0,0.0,69.34,5999.99,231.46,2.0
2026-09-20T23:35:00Z,2026-09-20T16:35:00-07:00,Brambley,17.89,17.89,13.59,76.0,1010.13,1017.61,6.6,7.99,11.82,225.0,SW,0.0,0.0,0.0,69.34,5999.99,218.09,2.0
2026-09-20T23:40:00Z,2026-09-20T16:40:00-07:00,Brambley,18.0,18.0,13.7,76.0,1010.23,1017.71,2.52,5.04,11.82,233.0,SW,0.0,0.0,0.0,69.34,5999.99,204.36,1.0
2026-09-20T23:45:00Z,2026-09-20T16:45:00-07:00,Brambley,18.5,18.5,13.98,75.0,1009.82,1017.34,3.3,3.91,11.82,270.0,W,0.0,0.0,0.0,69.34,5999.99,191.4,1.0
2026-09-20T23:50:00Z,2026-09-20T16:50:00-07:00,Brambley,18.11,18.11,13.61,75.0,1010.13,1017.61,6.6,8.95,11.82,209.0,SSW,0.0,0.0,0.0,69.34,5999.99,162.8,1.0
2026-09-20T23:55:00Z,2026-09-20T16:55:00-07:00,Brambley,18.0,18.0,13.7,76.0,1009.82,1017.34,2.69,3.91,11.82,251.0,WSW,0.0,0.0,0.0,69.34,5999.99,147.33,1.0
2026-09-21T00:00:00Z,2026-09-20T17:00:00-07:00,Brambley,18.0,18.0,13.29,74.0,1010.02,1017.54,4.08,5.04,11.82,235.0,SW,0.0,0.0,0.0,69.34,5999.99,116.72,1.0
2026-09-21T00:05:00Z,2026-09-20T17:05:00-07:00,Brambley,18.11,18.11,13.4,74.0,1009.72,1017.24,3.74,5.04,11.82,231.0,SW,0.0,0.0,0.0,69.34,5999.99,109.9,1.0
2026-09-21T00:10:00Z,2026-09-20T17:10:00-07:00,Brambley,17.78,17.78,13.28,75.0,1009.82,1017.34,2.95,3.91,11.82,240.0,WSW,0.0,0.0,0.0,69.34,5999.99,107.45,1.0
2026-09-21T00:15:00Z,2026-09-20T17:15:00-07:00,Brambley,17.78,17.78,13.49,76.0,1009.72,1017.24,3.3,3.91,11.82,235.0,SW,0.0,0.0,0.0,69.34,5999.99,82.5,0.0
2026-09-21T00:20:00Z,2026-09-20T17:20:00-07:00,Brambley,17.78,17.78,13.28,75.0,1009.62,1017.14,2.17,2.95,11.82,243.0,WSW,0.0,0.0,0.0,69.34,5999.99,88.09,0.0
2026-09-21T00:25:00Z,2026-09-20T17:25:00-07:00,Brambley,18.11,18.11,13.4,74.0,1009.62,1017.14,2.95,3.91,11.82,232.0,SW,0.0,0.0,0.0,69.34,5999.99,70.69,0.0
2026-09-21T00:30:00Z,2026-09-20T17:30:00-07:00,Brambley,17.78,17.78,13.28,75.0,1009.62,1017.14,2.95,3.91,11.82,247.0,WSW,0.0,0.0,0.0,69.34,5999.99,66.99,0.0
2026-09-21T00:35:00Z,2026-09-20T17:35:00-07:00,Brambley,17.61,17.61,13.12,75.0,1009.82,1017.34,1.56,1.91,11.82,245.0,WSW,0.0,0.0,0.0,69.34,5999.99,55.75,0.0
2026-09-21T00:40:00Z,2026-09-20T17:40:00-07:00,Brambley,17.5,17.5,13.02,75.0,1009.72,1017.24,2.17,2.95,11.82,250.0,WSW,0.0,0.0,0.0,69.34,5999.99,53.04,0.0
2026-09-21T00:45:00Z,2026-09-20T17:45:00-07:00,Brambley,17.39,17.39,13.11,76.0,1009.41,1016.93,1.56,1.91,11.82,236.0,SW,0.0,0.0,0.0,69.34,5999.99,41.21,0.0
2026-09-21T00:50:00Z,2026-09-20T17:50:00-07:00,Brambley,17.39,17.39,13.11,76.0,1009.41,1016.93,0.17,0.96,11.82,234.0,SW,0.0,0.0,0.0,69.34,5999.99,27.72,0.0
2026-09-21T00:55:00Z,2026-09-20T17:55:00-07:00,Brambley,17.28,17.28,13.01,76.0,1009.52,1017.03,6.0,7.04,11.82,235.0,SW,0.0,0.0,0.0,69.34,5999.99,29.85,0.0
2026-09-21T01:00:00Z,2026-09-20T18:00:00-07:00,Brambley,17.11,17.11,13.04,77.0,1009.62,1017.14,2.17,2.95,11.82,227.0,SW,0.0,0.0,0.0,69.34,5999.99,26.83,0.0
2026-09-21T01:05:00Z,2026-09-20T18:05:00-07:00,Brambley,17.28,17.28,13.21,77.0,1009.62,1017.14,0.61,0.96,11.82,261.0,W,0.0,0.0,0.0,69.34,5999.99,26.99,0.0
2026-09-21T01:10:00Z,2026-09-20T18:10:00-07:00,Brambley,16.89,16.89,12.83,77.0,1009.52,1017.03,0.96,1.91,11.82,260.0,W,0.0,0.0,0.0,69.34,5999.99,27.06,0.0
2026-09-21T01:15:00Z,2026-09-20T18:15:00-07:00,Brambley,17.0,17.0,12.93,77.0,1009.52,1017.03,3.91,7.04,11.82,231.0,SW,0.0,0.0,0.0,69.34,5999.99,23.81,0.0
2026-09-21T01:20:00Z,2026-09-20T18:20:00-07:00,Brambley,16.78,16.78,12.92,78.0,1009.21,1016.73,0.35,0.96,11.82,258.0,WSW,0.0,0.0,0.0,69.34,5999.99,22.61,0.0
2026-09-21T01:25:00Z,2026-09-20T18:25:00-07:00,Brambley,16.39,16.39,12.54,78.0,1009.72,1017.24,2.17,2.95,11.82,232.0,SW,0.0,0.0,0.0,69.34,5999.99,20.32,0.0
2026-09-21T01:30:00Z,2026-09-20T18:30:00-07:00,Brambley,16.22,16.22,12.57,79.0,1009.62,1017.14,0.78,0.96,11.82,239.0,WSW,0.0,0.0,0.0,69.34,5999.99,18.67,0.0
2026-09-21T01:35:00Z,2026-09-20T18:35:00-07:00,Brambley,16.28,16.28,12.63,79.0,1009.52,1017.03,0.61,0.96,11.82,240.0,WSW,0.0,0.0,0.0,69.34,5999.99,17.13,0.0
2026-09-21T01:40:00Z,2026-09-20T18:40:00-07:00,Brambley,16.11,16.11,12.47,79.0,1009.41,1016.93,0.61,0.96,11.82,240.0,WSW,0.0,0.0,0.0,69.34,5999.99,15.39,0.0
2026-09-21T01:45:00Z,2026-09-20T18:45:00-07:00,Brambley,15.78,15.78,12.33,80.0,1009.41,1016.93,1.56,3.91,11.82,253.0,WSW,0.0,0.0,0.0,69.34,5999.99,13.56,0.0
2026-09-21T01:50:00Z,2026-09-20T18:50:00-07:00,Brambley,15.78,15.78,12.33,80.0,1009.31,1016.83,0.0,0.0,11.82,255.0,WSW,0.0,0.0,0.0,69.34,5999.99,11.81,0.0
2026-09-21T01:55:00Z,2026-09-20T18:55:00-07:00,Brambley,15.39,15.39,11.96,80.0,1009.41,1016.93,2.17,2.95,11.82,250.0,WSW,0.0,0.0,0.0,69.34,5999.99,9.84,0.0
2026-09-21T02:00:00Z,2026-09-20T19:00:00-07:00,Brambley,15.5,15.5,12.06,80.0,1009.72,1017.24,1.13,1.91,11.82,217.0,SW,0.0,0.0,0.0,69.34,5999.99,7.88,0.0
2026-09-21T02:05:00Z,2026-09-20T19:05:00-07:00,Brambley,15.22,15.22,11.98,81.0,1009.72,1017.24,0.0,0.0,11.82,254.0,WSW,0.0,0.0,0.0,69.34,5999.99,5.92,0.0
2026-09-21T02:10:00Z,2026-09-20T19:10:00-07:00,Brambley,15.0,15.0,11.77,81.0,1009.52,1017.03,0.0,0.0,11.82,248.0,WSW,0.0,0.0,0.0,69.34,5999.99,4.25,0.0
2026-09-21T02:15:00Z,2026-09-20T19:15:00-07:00,Brambley,14.78,14.78,11.55,81.0,1009.72,1017.24,0.0,0.0,11.82,242.0,WSW,0.0,0.0,0.0,69.34,5999.99,2.79,0.0
2026-09-21T02:20:00Z,2026-09-20T19:20:00-07:00,Brambley,14.39,14.39,11.36,82.0,1009.62,1017.14,0.0,0.0,11.82,241.0,WSW,0.0,0.0,0.0,69.34,5999.99,1.61,0.0
2026-09-21T02:25:00Z,2026-09-20T19:25:00-07:00,Brambley,14.28,14.28,11.43,83.0,1009.72,1017.24,0.17,0.96,11.82,227.0,SW,0.0,0.0,0.0,69.34,5999.99,0.81,0.0
2026-09-21T02:30:00Z,2026-09-20T19:30:00-07:00,Brambley,14.11,14.11,11.44,84.0,1009.72,1017.24,0.0,0.0,11.82,255.0,WSW,0.0,0.0,0.0,69.34,5999.99,0.37,0.0
2026-09-21T02:35:00Z,2026-09-20T19:35:00-07:00,Brambley,13.89,13.89,11.41,85.0,1010.02,1017.54,0.0,0.0,11.82,254.0,WSW,0.0,0.0,0.0,69.34,5999.99,0.14,0.0
2026-09-21T02:40:00Z,2026-09-20T19:40:00-07:00,Brambley,13.78,13.78,11.48,86.0,1009.62,1017.14,3.3,3.91,11.82,234.0,SW,0.0,0.0,0.0,69.34,5999.99,0.05,0.0
2026-09-21T02:45:00Z,2026-09-20T19:45:00-07:00,Brambley,13.72,13.72,11.59,87.0,1009.62,1017.14,0.78,1.91,11.82,239.0,WSW,0.0,0.0,0.0,69.34,5999.99,0.02,0.0
2026-09-21T02:50:00Z,2026-09-20T19:50:00-07:00,Brambley,13.5,13.5,11.55,88.0,1009.72,1017.24,0.0,0.0,11.82,248.0,WSW,0.0,0.0,0.0,69.34,5999.99,0.0,0.0
2026-09-21T02:55:00Z,2026-09-20T19:55:00-07:00,Brambley,13.39,13.39,11.44,88.0,1009.72,1017.24,0.0,0.0,11.82,246.0,WSW,0.0,0.0,0.0,69.34,5999.99,0.0,0.0
2026-09-21T03:00:00Z,2026-09-20T20:00:00-07:00,Brambley,13.39,13.39,11.61,89.0,1009.72,1017.24,0.0,0.0,11.82,258.0,WSW,0.0,0.0,0.0,69.34,5999.99,0.0,0.0
2026-09-21T03:05:00Z,2026-09-20T20:05:00-07:00,Brambley,13.22,13.22,11.45,89.0,1009.82,1017.34,0.0,0.0,11.82,250.0,WSW,0.0,0.0,0.0,69.34,5999.99,0.0,0.0
2026-09-21T03:10:00Z,2026-09-20T20:10:00-07:00,Brambley,13.22,13.22,11.45,89.0,1009.92,1017.44,0.0,0.0,11.82,253.0,WSW,0.0,0.0,0.0,69.34,5999.99,0.0,0.0
2026-09-21T03:15:00Z,2026-09-20T20:15:00-07:00,Brambley,13.0,13.0,11.39,90.0,1009.72,1017.24,0.0,0.0,11.82,251.0,WSW,0.0,0.0,0.0,69.34,5999.99,0.0,0.0
2026-09-21T03:20:00Z,2026-09-20T20:20:00-07:00,Brambley,12.89,12.89,11.29,90.0,1009.72,1017.24,0.0,0.0,11.82,246.0,WSW,0.0,0.0,0.0,69.34,5999.99,0.0,0.0
2026-09-21T03:25:00Z,2026-09-20T20:25:00-07:00,Brambley,12.89,12.89,11.46,91.0,1009.92,1017.44,0.0,0.0,11.82,244.0,WSW,0.0,0.0,0.0,69.34,5999.99,0.0,0.0
2026-09-21T03:30:00Z,2026-09-20T20:30:00-07:00,Brambley,12.78,12.78,11.34,91.0,1009.82,1017.34,0.0,0.0,11.82,245.0,WSW,0.0,0.0,0.0,69.34,5999.99,0.0,0.0
2026-09-21T03:35:00Z,2026-09-20T20:35:00-07:00,Brambley,12.61,12.61,11.18,91.0,1010.13,1017.61,0.0,0.0,11.82,249.0,WSW,0.0,0.0,0.0,69.34,5999.99,0.0,0.0
2026-09-21T03:40:00Z,2026-09-20T20:40:00-07:00,Brambley,12.61,12.61,11.34,92.0,1009.72,1017.24,0.0,0.0,11.82,249.0,WSW,0.0,0.0,0.0,69.34,5999.99,0.0,0.0
2026-09-21T03:45:00Z,2026-09-20T20:45:00-07:00,Brambley,12.61,12.61,11.34,92.0,1010.02,1017.54,0.0,0.0,11.82,248.0,WSW,0.0,0.0,0.0,69.34,5999.99,0.0,0.0
2026-09-21T03:50:00Z,2026-09-20T20:50:00-07:00,Brambley,12.39,12.39,11.12,92.0,1009.92,1017.44,0.0,0.0,11.82,250.0,WSW,0.0,0.0,0.0,69.34,5999.99,0.0,0.0
2026-09-21T03:55:00Z,2026-09-20T20:55:00-07:00,Brambley,12.28,12.28,11.02,92.0,1009.82,1017.34,0.0,0.0,11.82,250.0,WSW,0.0,0.0,0.0,69.34,5999.99,0.0,0.0
2026-09-21T04:00:00Z,2026-09-20T21:00:00-07:00,Brambley,12.22,12.22,10.96,92.0,1010.02,1017.54,0.0,0.0,11.82,250.0,WSW,0.0,0.0,0.0,69.34,5999.99,0.0,0.0
2026-09-21T04:05:00Z,2026-09-20T21:05:00-07:00,Brambley,12.11,12.11,11.01,93.0,1009.92,1017.44,0.0,0.0,11.82,250.0,WSW,0.0,0.0,0.0,69.34,5999.99,0.0,0.0
2026-09-21T04:10:00Z,2026-09-20T21:10:00-07:00,Brambley,12.11,12.11,11.01,93.0,1009.82,1017.34,0.0,0.0,11.82,250.0,WSW,0.0,0.0,0.0,69.34,5999.99,0.0,0.0
2026-09-21T04:15:00Z,2026-09-20T21:15:00-07:00,Brambley,12.0,12.0,10.9,93.0,1009.82,1017.34,0.0,0.0,11.82,252.0,WSW,0.0,0.0,0.0,69.34,5999.99,0.0,0.0
2026-09-21T04:20:00Z,2026-09-20T21:20:00-07:00,Brambley,11.89,11.89,10.79,93.0,1009.82,1017.34,0.0,0.0,11.82,252.0,WSW,0.0,0.0,0.0,69.34,5999.99,0.0,0.0
2026-09-21T04:25:00Z,2026-09-20T21:25:00-07:00,Brambley,11.78,11.78,10.68,93.0,1009.92,1017.44,0.0,0.0,11.82,252.0,WSW,0.0,0.0,0.0,69.34,5999.99,0.0,0.0
2026-09-21T04:30:00Z,2026-09-20T21:30:00-07:00,Brambley,11.78,11.78,10.84,94.0,1009.72,1017.24,0.0,0.0,11.82,252.0,WSW,0.0,0.0,0.0,69.34,5999.99,0.0,0.0
2026-09-21T04:35:00Z,2026-09-20T21:35:00-07:00,Brambley,11.78,11.78,10.84,94.0,1009.82,1017.34,0.0,0.0,11.82,251.0,WSW,0.0,0.0,0.0,69.34,5999.99,0.0,0.0
2026-09-21T04:40:00Z,2026-09-20T21:40:00-07:00,Brambley,11.72,11.72,10.79,94.0,1009.72,1017.24,0.0,0.0,11.82,251.0,WSW,0.0,0.0,0.0,69.34,5999.99,0.0,0.0
2026-09-21T04:45:00Z,2026-09-20T21:45:00-07:00,Brambley,11.61,11.61,10.68,94.0,1009.82,1017.34,0.0,0.0,11.82,252.0,WSW,0.0,0.0,0.0,69.34,5999.99,0.0,0.0
2026-09-21T04:50:00Z,2026-09-20T21:50:00-07:00,Brambley,11.5,11.5,10.57,94.0,1009.82,1017.34,0.0,0.0,11.82,252.0,WSW,0.0,0.0,0.0,69.34,5999.99,0.0,0.0
2026-09-21T04:55:00Z,2026-09-20T21:55:00-07:00,Brambley,11.28,11.28,10.51,95.0,1009.92,1017.44,0.0,0.0,11.82,252.0,WSW,0.0,0.0,0.0,69.34,5999.99,0.0,0.0
2026-09-21T05:00:00Z,2026-09-20T22:00:00-07:00,Brambley,11.22,11.22,10.45,95.0,1010.02,1017.54,0.0,0.0,11.82,252.0,WSW,0.0,0.0,0.0,69.34,5999.99,0.0,0.0
2026-09-21T05:05:00Z,2026-09-20T22:05:00-07:00,Brambley,11.22,11.22,10.45,95.0,1009.82,1017.34,0.0,0.0,11.82,252.0,WSW,0.0,0.0,0.0,69.34,5999.99,0.0,0.0
2026-09-21T05:10:00Z,2026-09-20T22:10:00-07:00,Brambley,11.0,11.0,10.23,95.0,1009.72,1017.24,0.0,0.0,11.82,252.0,WSW,0.0,0.0,0.0,69.34,5999.99,0.0,0.0
2026-09-21T05:15:00Z,2026-09-20T22:15:00-07:00,Brambley,10.78,10.78,10.01,95.0,1009.82,1017.34,0.0,0.0,11.82,252.0,WSW,0.0,0.0,0.0,69.34,5999.99,0.0,0.0
2026-09-21T05:20:00Z,2026-09-20T22:20:00-07:00,Brambley,10.78,10.78,10.01,95.0,1009.82,1017.34,0.0,0.0,11.82,252.0,WSW,0.0,0.0,0.0,69.34,5999.99,0.0,0.0
2026-09-21T05:25:00Z,2026-09-20T22:25:00-07:00,Brambley,10.72,10.72,9.96,95.0,1009.72,1017.24,0.0,0.0,11.82,251.0,WSW,0.0,0.0,0.0,69.34,5999.99,0.0,0.0
2026-09-21T05:30:00Z,2026-09-20T22:30:00-07:00,Brambley,10.78,10.78,10.01,95.0,1009.92,1017.44,0.0,0.0,11.82,251.0,WSW,0.0,0.0,0.0,69.34,5999.99,0.0,0.0
2026-09-21T05:35:00Z,2026-09-20T22:35:00-07:00,Brambley,10.72,10.72,9.96,95.0,1010.02,1017.54,0.0,0.0,11.82,252.0,WSW,0.0,0.0,0.0,69.34,5999.99,0.0,0.0
2026-09-21T05:40:00Z,2026-09-20T22:40:00-07:00,Brambley,10.61,10.61,9.84,95.0,1009.72,1017.24,0.0,0.0,11.82,252.0,WSW,0.0,0.0,0.0,69.34,5999.99,0.0,0.0
2026-09-21T05:45:00Z,2026-09-20T22:45:00-07:00,Brambley,10.39,10.39,9.78,96.0,1009.72,1017.24,0.0,0.0,11.82,252.0,WSW,0.0,0.0,0.0,69.34,5999.99,0.0,0.0
2026-09-21T05:50:00Z,2026-09-20T22:50:00-07:00,Brambley,10.11,10.11,9.5,96.0,1009.72,1017.24,0.0,0.0,11.82,252.0,WSW,0.0,0.0,0.0,69.34,5999.99,0.0,0.0
2026-09-21T05:55:00Z,2026-09-20T22:55:00-07:00,Brambley,10.11,10.11,9.5,96.0,1009.62,1017.14,0.0,0.0,11.82,252.0,WSW,0.0,0.0,0.0,69.34,5999.99,0.0,0.0
2026-09-21T06:00:00Z,2026-09-20T23:00:00-07:00,Brambley,10.0,10.0,9.39,96.0,1009.52,1017.03,0.0,0.0,11.82,252.0,WSW,0.0,0.0,0.0,69.34,5999.99,0.0,0.0
2026-09-21T06:05:00Z,2026-09-20T23:05:00-07:00,Brambley,10.0,10.0,9.39,96.0,1009.72,1017.24,0.0,0.0,11.82,252.0,WSW,0.0,0.0,0.0,69.34,5999.99,0.0,0.0
2026-09-21T06:10:00Z,2026-09-20T23:10:00-07:00,Brambley,9.89,9.89,9.28,96.0,1009.62,1017.14,0.0,0.0,11.82,252.0,WSW,0.0,0.0,0.0,69.34,5999.99,0.0,0.0
2026-09-21T06:15:00Z,2026-09-20T23:15:00-07:00,Brambley,9.89,9.89,9.28,96.0,1009.62,1017.14,0.0,0.0,11.82,252.0,WSW,0.0,0.0,0.0,69.34,5999.99,0.0,0.0
2026-09-21T06:20:00Z,2026-09-20T23:20:00-07:00,Brambley,10.0,10.0,9.39,96.0,1009.52,1017.03,0.0,0.0,11.82,252.0,WSW,0.0,0.0,0.0,69.34,5999.99,0.0,0.0
2026-09-21T06:25:00Z,2026-09-20T23:25:00-07:00,Brambley,10.0,10.0,9.39,96.0,1009.52,1017.03,0.0,0.0,11.82,252.0,WSW,0.0,0.0,0.0,69.34,5999.99,0.0,0.0
2026-09-21T06:30:00Z,2026-09-20T23:30:00-07:00,Brambley,9.89,9.89,9.28,96.0,1009.41,1016.93,0.0,0.0,11.82,252.0,WSW,0.0,0.0,0.0,69.34,5999.99,0.0,0.0
2026-09-21T06:35:00Z,2026-09-20T23:35:00-07:00,Brambley,9.89,9.89,9.28,96.0,1009.52,1017.03,0.0,0.0,11.82,252.0,WSW,0.0,0.0,0.0,69.34,5999.99,0.0,0.0
2026-09-21T06:40:00Z,2026-09-20T23:40:00-07:00,Brambley,9.61,9.61,9.01,96.0,1009.41,1016.93,0.0,0.0,11.82,252.0,WSW,0.0,0.0,0.0,69.34,5999.99,0.0,0.0
2026-09-21T06:45:00Z,2026-09-20T23:45:00-07:00,Brambley,9.39,9.39,8.78,96.0,1009.52,1017.03,0.0,0.0,11.82,252.0,WSW,0.0,0.0,0.0,69.34,5999.99,0.0,0.0
2026-09-21T06:50:00Z,2026-09-20T23:50:00-07:00,Brambley,9.28,9.28,8.83,97.0,1009.52,1017.03,0.0,0.0,11.82,252.0,WSW,0.0,0.0,0.0,69.34,5999.99,0.0,0.0
2026-09-21T06:55:00Z,2026-09-20T23:55:00-07:00,Brambley,9.28,9.28,8.83,97.0,1009.41,1016.93,0.0,0.0,11.82,255.0,WSW,0.0,0.0,0.0,69.34,5999.99,0.0,0.0
2026-09-21T07:00:00Z,2026-09-21T00:00:00-07:00,Brambley,9.39,9.39,8.94,97.0,1009.41,1016.93,0.0,0.0,0.0,255.0,WSW,0.0,0.0,0.0,69.34,5999.99,0.0,0.0
2026-09-21T07:05:00Z,2026-09-21T00:05:00-07:00,Brambley,9.39,9.39,8.94,97.0,1009.52,1017.03,0.0,0.0,0.0,255.0,WSW,0.0,0.0,0.0,69.34,5999.99,0.0,0.0
2026-09-21T07:10:00Z,2026-09-21T00:10:00-07:00,Brambley,9.5,9.5,9.05,97.0,1009.72,1017.24,0.0,0.0,0.0,255.0,WSW,0.0,0.0,0.0,69.34,5999.99,0.0,0.0
2026-09-21T07:15:00Z,2026-09-21T00:15:00-07:00,Brambley,9.39,9.39,8.94,97.0,1009.72,1017.24,0.0,0.0,0.0,255.0,WSW,0.0,0.0,0.0,69.34,5999.99,0.0,0.0
2026-09-21T07:20:00Z,2026-09-21T00:20:00-07:00,Brambley,9.39,9.39,8.94,97.0,1009.72,1017.24,0.0,0.0,0.0,255.0,WSW,0.0,0.0,0.0,69.34,5999.99,0.0,0.0
2026-09-21T07:25:00Z,2026-09-21T00:25:00-07:00,Brambley,9.39,9.39,8.94,97.0,1009.41,1016.93,0.0,0.0,0.0,255.0,WSW,0.0,0.0,0.0,69.34,5999.99,0.0,0.0
2026-09-21T07:30:00Z,2026-09-21T00:30:00-07:00,Brambley,9.22,9.22,8.77,97.0,1009.82,1017.34,0.0,0.0,0.0,255.0,WSW,0.0,0.0,0.0,69.34,5999.99,0.0,0.0
2026-09-21T07:35:00Z,2026-09-21T00:35:00-07:00,Brambley,8.89,8.89,8.44,97.0,1009.72,1017.24,0.0,0.0,0.0,255.0,WSW,0.0,0.0,0.0,69.34,5999.99,0.0,0.0
2026-09-21T07:40:00Z,2026-09-21T00:40:00-07:00,Brambley,8.72,8.72,8.27,97.0,1009.82,1017.34,0.0,0.0,0.0,255.0,WSW,0.0,0.0,0.0,69.34,5999.99,0.0,0.0
2026-09-21T07:45:00Z,2026-09-21T00:45:00-07:00,Brambley,8.72,8.72,8.27,97.0,1009.72,1017.24,0.0,0.0,0.0,255.0,WSW,0.0,0.0,0.0,69.34,5999.99,0.0,0.0
2026-09-21T07:50:00Z,2026-09-21T00:50:00-07:00,Brambley,8.78,8.78,8.33,97.0,1009.72,1017.24,0.0,0.0,0.0,255.0,WSW,0.0,0.0,0.0,69.34,5999.99,0.0,0.0
2026-09-21T07:55:00Z,2026-09-21T00:55:00-07:00,Brambley,8.72,8.72,8.27,97.0,1009.82,1017.34,0.0,0.0,0.0,255.0,WSW,0.0,0.0,0.0,69.34,5999.99,0.0,0.0
2026-09-21T08:00:00Z,2026-09-21T01:00:00-07:00,Brambley,8.72,8.72,8.27,97.0,1009.62,1017.14,0.0,0.0,0.0,255.0,WSW,0.0,0.0,0.0,69.34,5999.99,0.0,0.0
2026-09-21T08:05:00Z,2026-09-21T01:05:00-07:00,Brambley,8.61,8.61,8.16,97.0,1009.52,1017.03,0.0,0.0,0.0,255.0,WSW,0.0,0.0,0.0,69.34,5999.99,0.0,0.0
2026-09-21T08:10:00Z,2026-09-21T01:10:00-07:00,Brambley,8.39,8.39,7.94,97.0,1009.72,1017.24,0.0,0.0,0.0,255.0,WSW,0.0,0.0,0.0,69.34,5999.99,0.0,0.0
2026-09-21T08:15:00Z,2026-09-21T01:15:00-07:00,Brambley,8.28,8.28,7.83,97.0,1009.72,1017.24,0.0,0.0,0.0,255.0,WSW,0.0,0.0,0.0,69.34,5999.99,0.0,0.0
2026-09-21T08:20:00Z,2026-09-21T01:20:00-07:00,Brambley,8.22,8.22,7.77,97.0,1009.62,1017.14,0.0,0.0,0.0,255.0,WSW,0.0,0.0,0.0,69.34,5999.99,0.0,0.0
2026-09-21T08:25:00Z,2026-09-21T01:25:00-07:00,Brambley,8.0,8.0,7.71,98.0,1009.52,1017.03,0.0,0.0,0.0,255.0,WSW,0.0,0.0,0.0,69.34,5999.99,0.0,0.0
2026-09-21T08:30:00Z,2026-09-21T01:30:00-07:00,Brambley,8.11,8.11,7.82,98.0,1009.92,1017.44,0.0,0.0,0.0,255.0,WSW,0.0,0.0,0.0,69.34,5999.99,0.0,0.0
2026-09-21T08:35:00Z,2026-09-21T01:35:00-07:00,Brambley,8.11,8.11,7.82,98.0,1009.52,1017.03,0.0,0.0,0.0,255.0,WSW,0.0,0.0,0.0,69.34,5999.99,0.0,0.0
2026-09-21T08:40:00Z,2026-09-21T01:40:00-07:00,Brambley,7.89,7.89,7.59,98.0,1009.82,1017.34,0.0,0.0,0.0,257.0,WSW,0.0,0.0,0.0,69.34,5999.99,0.0,0.0
2026-09-21T08:45:00Z,2026-09-21T01:45:00-07:00,Brambley,7.89,7.89,7.59,98.0,1009.92,1017.44,0.0,0.0,0.0,256.0,WSW,0.0,0.0,0.0,69.34,5999.99,0.0,0.0
2026-09-21T08:50:00Z,2026-09-21T01:50:00-07:00,Brambley,8.0,8.0,7.71,98.0,1009.82,1017.34,0.0,0.0,0.0,256.0,WSW,0.0,0.0,0.0,69.34,5999.99,0.0,0.0
2026-09-21T08:55:00Z,2026-09-21T01:55:00-07:00,Brambley,8.28,8.28,7.98,98.0,1009.82,1017.34,0.0,0.0,0.0,256.0,WSW,0.0,0.0,0.0,69.34,5999.99,0.0,0.0
2026-09-21T09:00:00Z,2026-09-21T02:00:00-07:00,Brambley,8.28,8.28,7.98,98.0,1009.82,1017.34,0.0,0.0,0.0,256.0,WSW,0.0,0.0,0.0,69.34,5999.99,0.0,0.0
2026-09-21T09:05:00Z,2026-09-21T02:05:00-07:00,Brambley,8.28,8.28,7.98,98.0,1009.92,1017.44,0.0,0.0,0.0,256.0,WSW,0.0,0.0,0.0,69.34,5999.99,0.0,0.0
2026-09-21T09:10:00Z,2026-09-21T02:10:00-07:00,Brambley,8.28,8.28,7.98,98.0,1009.72,1017.24,0.0,0.0,0.0,256.0,WSW,0.0,0.0,0.0,69.34,5999.99,0.0,0.0
2026-09-21T09:15:00Z,2026-09-21T02:15:00-07:00,Brambley,8.11,8.11,7.82,98.0,1009.82,1017.34,0.0,0.0,0.0,256.0,WSW,0.0,0.0,0.0,69.34,5999.99,0.0,0.0
2026-09-21T09:20:00Z,2026-09-21T02:20:00-07:00,Brambley,8.0,8.0,7.71,98.0,1009.82,1017.34,0.0,0.0,0.0,256.0,WSW,0.0,0.0,0.0,69.34,5999.99,0.0,0.0
2026-09-21T09:25:00Z,2026-09-21T02:25:00-07:00,Brambley,7.78,7.78,7.48,98.0,1009.92,1017.44,0.0,0.0,0.0,256.0,WSW,0.0,0.0,0.0,69.34,5999.99,0.0,0.0
2026-09-21T09:30:00Z,2026-09-21T02:30:00-07:00,Brambley,7.72,7.72,7.43,98.0,1010.02,1017.54,0.0,0.0,0.0,256.0,WSW,0.0,0.0,0.0,69.34,5999.99,0.0,0.0
2026-09-21T09:35:00Z,2026-09-21T02:35:00-07:00,Brambley,7.61,7.61,7.32,98.0,1009.72,1017.24,0.0,0.0,0.0,256.0,WSW,0.0,0.0,0.0,69.34,5999.99,0.0,0.0
2026-09-21T09:40:00Z,2026-09-21T02:40:00-07:00,Brambley,7.39,7.39,7.09,98.0,1009.62,1017.14,0.0,0.0,0.0,256.0,WSW,0.0,0.0,0.0,69.34,5999.99,0.0,0.0
2026-09-21T09:45:00Z,2026-09-21T02:45:00-07:00,Brambley,7.5,7.5,7.21,98.0,1009.82,1017.34,0.0,0.0,0.0,256.0,WSW,0.0,0.0,0.0,69.34,5999.99,0.0,0.0
2026-09-21T09:50:00Z,2026-09-21T02:50:00-07:00,Brambley,7.5,7.5,7.21,98.0,1009.92,1017.44,0.0,0.0,0.0,256.0,WSW,0.0,0.0,0.0,69.34,5999.99,0.0,0.0
2026-09-21T09:55:00Z,2026-09-21T02:55:00-07:00,Brambley,7.5,7.5,7.21,98.0,1009.82,1017.34,0.0,0.0,0.0,256.0,WSW,0.0,0.0,0.0,69.34,5999.99,0.0,0.0
2026-09-21T10:00:00Z,2026-09-21T03:00:00-07:00,Brambley,7.39,7.39,7.09,98.0,1010.02,1017.54,0.0,0.0,0.0,256.0,WSW,0.0,0.0,0.0,69.34,5999.99,0.0,0.0
2026-09-21T10:05:00Z,2026-09-21T03:05:00-07:00,Brambley,7.28,7.28,6.98,98.0,1010.02,1017.54,0.0,0.0,0.0,256.0,WSW,0.0,0.0,0.0,69.34,5999.99,0.0,0.0
2026-09-21T10:10:00Z,2026-09-21T03:10:00-07:00,Brambley,7.28,7.28,6.98,98.0,1010.13,1017.61,0.0,0.0,0.0,256.0,WSW,0.0,0.0,0.0,69.34,5999.99,0.0,0.0
2026-09-21T10:15:00Z,2026-09-21T03:15:00-07:00,Brambley,7.28,7.28,6.98,98.0,1010.02,1017.54,0.0,0.0,0.0,256.0,WSW,0.0,0.0,0.0,69.34,5999.99,0.0,0.0
2026-09-21T10:20:00Z,2026-09-21T03:20:00-07:00,Brambley,7.39,7.39,7.09,98.0,1010.13,1017.61,0.0,0.0,0.0,256.0,WSW,0.0,0.0,0.0,69.34,5999.99,0.0,0.0
2026-09-21T10:25:00Z,2026-09-21T03:25:00-07:00,Brambley,7.72,7.72,7.43,98.0,1010.13,1017.61,0.0,0.0,0.0,256.0,WSW,0.0,0.0,0.0,69.34,5999.99,0.0,0.0
2026-09-21T10:30:00Z,2026-09-21T03:30:00-07:00,Brambley,7.78,7.78,7.48,98.0,1009.52,1017.03,0.0,0.0,0.0,256.0,WSW,0.0,0.0,0.0,69.34,5999.99,0.0,0.0
2026-09-21T10:35:00Z,2026-09-21T03:35:00-07:00,Brambley,7.5,7.5,7.21,98.0,1009.82,1017.34,0.0,0.0,0.0,256.0,WSW,0.0,0.0,0.0,69.34,5999.99,0.0,0.0
2026-09-21T10:40:00Z,2026-09-21T03:40:00-07:00,Brambley,7.72,7.72,7.43,98.0,1009.92,1017.44,0.0,0.0,0.0,256.0,WSW,0.0,0.0,0.0,69.34,5999.99,0.0,0.0
2026-09-21T10:45:00Z,2026-09-21T03:45:00-07:00,Brambley,7.72,7.72,7.57,99.0,1009.92,1017.44,0.0,0.0,0.0,256.0,WSW,0.0,0.0,0.0,69.34,5999.99,0.0,0.0
2026-09-21T10:50:00Z,2026-09-21T03:50:00-07:00,Brambley,7.72,7.72,7.57,99.0,1009.72,1017.24,0.0,0.0,0.0,256.0,WSW,0.0,0.0,0.0,69.34,5999.99,0.0,0.0
2026-09-21T10:55:00Z,2026-09-21T03:55:00-07:00,Brambley,8.0,8.0,7.85,99.0,1009.82,1017.34,0.0,0.0,0.0,256.0,WSW,0.0,0.0,0.0,69.34,5999.99,0.0,0.0
2026-09-21T11:00:00Z,2026-09-21T04:00:00-07:00,Brambley,8.28,8.28,8.13,99.0,1009.62,1017.14,0.0,0.0,0.0,256.0,WSW,0.0,0.0,0.0,69.34,5999.99,0.0,0.0
2026-09-21T11:05:00Z,2026-09-21T04:05:00-07:00,Brambley,8.5,8.5,8.35,99.0,1009.62,1017.14,0.0,0.0,0.0,256.0,WSW,0.0,0.0,0.0,69.34,5999.99,0.0,0.0
2026-09-21T11:10:00Z,2026-09-21T04:10:00-07:00,Brambley,8.28,8.28,8.13,99.0,1009.62,1017.14,0.0,0.0,0.0,256.0,WSW,0.0,0.0,0.0,69.34,5999.99,0.0,0.0
2026-09-21T11:15:00Z,2026-09-21T04:15:00-07:00,Brambley,8.11,8.11,7.96,99.0,1009.62,1017.14,0.0,0.0,0.0,256.0,WSW,0.0,0.0,0.0,69.34,5999.99,0.0,0.0
2026-09-21T11:20:00Z,2026-09-21T04:20:00-07:00,Brambley,7.89,7.89,7.74,99.0,1009.62,1017.14,0.0,0.0,0.0,256.0,WSW,0.0,0.0,0.0,69.34,5999.99,0.0,0.0
2026-09-21T11:25:00Z,2026-09-21T04:25:00-07:00,Brambley,8.11,8.11,7.96,99.0,1009.52,1017.03,0.0,0.0,0.0,256.0,WSW,0.0,0.0,0.0,69.34,5999.99,0.0,0.0
2026-09-21T11:30:00Z,2026-09-21T04:30:00-07:00,Brambley,8.22,8.22,8.07,99.0,1009.52,1017.03,0.0,0.0,0.0,256.0,WSW,0.0,0.0,0.0,69.34,5999.99,0.0,0.0
2026-09-21T11:35:00Z,2026-09-21T04:35:00-07:00,Brambley,8.0,8.0,7.85,99.0,1009.62,1017.14,0.0,0.0,0.0,256.0,WSW,0.0,0.0,0.0,69.34,5999.99,0.0,0.0
2026-09-21T11:40:00Z,2026-09-21T04:40:00-07:00,Brambley,7.61,7.61,7.46,99.0,1009.62,1017.14,0.0,0.0,0.0,256.0,WSW,0.0,0.0,0.0,69.34,5999.99,0.0,0.0
2026-09-21T11:45:00Z,2026-09-21T04:45:00-07:00,Brambley,7.39,7.39,7.24,99.0,1009.31,1016.83,0.0,0.0,0.0,257.0,WSW,0.0,0.0,0.0,69.34,5999.99,0.0,0.0
2026-09-21T11:50:00Z,2026-09-21T04:50:00-07:00,Brambley,7.5,7.5,7.36,99.0,1009.52,1017.03,0.0,0.0,0.0,257.0,WSW,0.0,0.0,0.0,69.34,5999.99,0.0,0.0
2026-09-21T11:55:00Z,2026-09-21T04:55:00-07:00,Brambley,7.72,7.72,7.57,99.0,1009.11,1016.63,0.0,0.0,0.0,257.0,WSW,0.0,0.0,0.0,69.34,5999.99,0.0,0.0
2026-09-21T12:00:00Z,2026-09-21T05:00:00-07:00,Brambley,7.72,7.72,7.57,99.0,1009.21,1016.73,0.0,0.0,0.0,257.0,WSW,0.0,0.0,0.0,69.34,5999.99,0.0,0.0
2026-09-21T12:05:00Z,2026-09-21T05:05:00-07:00,Brambley,7.78,7.78,7.63,99.0,1009.41,1016.93,0.0,0.0,0.0,257.0,WSW,0.0,0.0,0.0,69.34,5999.99,0.0,0.0
2026-09-21T12:10:00Z,2026-09-21T05:10:00-07:00,Brambley,7.61,7.61,7.46,99.0,1009.11,1016.63,0.0,0.0,0.0,257.0,WSW,0.0,0.0,0.0,69.34,5999.99,0.0,0.0
2026-09-21T12:15:00Z,2026-09-21T05:15:00-07:00,Brambley,7.39,7.39,7.24,99.0,1009.31,1016.83,0.0,0.0,0.0,257.0,WSW,0.0,0.0,0.0,69.34,5999.99,0.0,0.0
2026-09-21T12:20:00Z,2026-09-21T05:20:00-07:00,Brambley,7.39,7.39,7.24,99.0,1009.41,1016.93,0.0,0.0,0.0,256.0,WSW,0.0,0.0,0.0,69.34,5999.99,0.0,0.0
2026-09-21T12:25:00Z,2026-09-21T05:25:00-07:00,Brambley,7.28,7.28,7.13,99.0,1009.62,1017.14,0.0,0.0,0.0,241.0,WSW,0.0,0.0,0.0,69.34,5999.99,0.0,0.0
2026-09-21T12:30:00Z,2026-09-21T05:30:00-07:00,Brambley,7.22,7.22,7.08,99.0,1009.62,1017.14,0.0,0.0,0.0,207.0,SSW,0.0,0.0,0.0,69.34,5999.99,0.0,0.0
2026-09-21T12:35:00Z,2026-09-21T05:35:00-07:00,Brambley,6.89,6.89,6.74,99.0,1009.52,1017.03,0.0,0.0,0.0,259.0,W,0.0,0.0,0.0,69.34,5999.99,0.0,0.0
2026-09-21T12:40:00Z,2026-09-21T05:40:00-07:00,Brambley,6.72,6.72,6.58,99.0,1009.52,1017.03,0.0,0.0,0.0,258.0,WSW,0.0,0.0,0.0,69.34,5999.99,0.0,0.0
2026-09-21T12:45:00Z,2026-09-21T05:45:00-07:00,Brambley,6.5,6.5,6.36,99.0,1009.72,1017.24,0.0,0.0,0.0,245.0,WSW,0.0,0.0,0.0,69.34,5999.99,0.0,0.0
2026-09-21T12:50:00Z,2026-09-21T05:50:00-07:00,Brambley,6.72,6.72,6.58,99.0,1009.72,1017.24,0.0,0.0,0.0,246.0,WSW,0.0,0.0,0.0,69.34,5999.99,0.0,0.0
2026-09-21T12:55:00Z,2026-09-21T05:55:00-07:00,Brambley,6.5,6.5,6.36,99.0,1009.62,1017.14,0.0,0.0,0.0,247.0,WSW,0.0,0.0,0.0,69.34,5999.99,0.0,0.0
2026-09-21T13:00:00Z,2026-09-21T06:00:00-07:00,Brambley,6.39,6.39,6.24,99.0,1009.72,1017.24,0.0,0.0,0.0,247.0,WSW,0.0,0.0,0.0,69.34,5999.99,0.0,0.0
2026-09-21T13:05:00Z,2026-09-21T06:05:00-07:00,Brambley,6.61,6.61,6.47,99.0,1009.52,1017.03,0.0,0.0,0.0,246.0,WSW,0.0,0.0,0.0,69.34,5999.99,0.0,0.0
2026-09-21T13:10:00Z,2026-09-21T06:10:00-07:00,Brambley,7.28,7.28,7.13,99.0,1009.62,1017.14,0.0,0.0,0.0,246.0,WSW,0.0,0.0,0.0,69.34,5999.99,0.0,0.0
2026-09-21T13:15:00Z,2026-09-21T06:15:00-07:00,Brambley,7.22,7.22,7.08,99.0,1009.72,1017.24,0.0,0.0,0.0,246.0,WSW,0.0,0.0,0.0,69.34,5999.99,0.0,0.0
2026-09-21T13:20:00Z,2026-09-21T06:20:00-07:00,Brambley,7.11,7.11,6.97,99.0,1009.72,1017.24,0.0,0.0,0.0,246.0,WSW,0.0,0.0,0.0,69.34,5999.99,0.0,0.0
2026-09-21T13:25:00Z,2026-09-21T06:25:00-07:00,Brambley,7.0,7.0,6.86,99.0,1009.72,1017.24,0.0,0.0,0.0,246.0,WSW,0.0,0.0,0.0,69.34,5999.99,0.0,0.0
2026-09-21T13:30:00Z,2026-09-21T06:30:00-07:00,Brambley,7.22,7.22,7.08,99.0,1009.62,1017.14,0.0,0.0,0.0,246.0,WSW,0.0,0.0,0.0,69.34,5999.99,0.01,0.0
2026-09-21T13:35:00Z,2026-09-21T06:35:00-07:00,Brambley,8.0,8.0,7.85,99.0,1009.72,1017.24,0.0,0.0,0.0,246.0,WSW,0.0,0.0,0.0,69.34,5999.99,0.03,0.0
2026-09-21T13:40:00Z,2026-09-21T06:40:00-07:00,Brambley,8.0,8.0,7.85,99.0,1009.41,1016.93,0.0,0.0,0.0,246.0,WSW,0.0,0.0,0.0,69.34,5999.99,0.09,0.0
2026-09-21T13:45:00Z,2026-09-21T06:45:00-07:00,Brambley,7.78,7.78,7.63,99.0,1009.41,1016.93,0.0,0.0,0.0,246.0,WSW,0.0,0.0,0.0,69.34,5999.99,0.21,0.0
2026-09-21T13:50:00Z,2026-09-21T06:50:00-07:00,Brambley,7.72,7.72,7.57,99.0,1009.52,1017.03,0.0,0.0,0.0,246.0,WSW,0.0,0.0,0.0,69.34,5999.99,0.54,0.0
2026-09-21T13:55:00Z,2026-09-21T06:55:00-07:00,Brambley,8.0,8.0,7.85,99.0,1009.52,1017.03,0.0,0.0,0.0,246.0,WSW,0.0,0.0,0.0,69.34,5999.99,1.57,0.0
2026-09-21T14:00:00Z,2026-09-21T07:00:00-07:00,Brambley,7.39,7.39,7.24,99.0,1009.62,1017.14,0.0,0.0,0.0,246.0,WSW,0.0,0.0,0.0,69.34,5999.99,3.1,0.0
2026-09-21T14:05:00Z,2026-09-21T07:05:00-07:00,Brambley,7.39,7.39,7.24,99.0,1009.52,1017.03,0.0,0.0,0.0,246.0,WSW,0.0,0.0,0.0,69.34,5999.99,4.86,0.0
2026-09-21T14:10:00Z,2026-09-21T07:10:00-07:00,Brambley,7.39,7.39,7.24,99.0,1009.72,1017.24,0.0,0.0,0.0,246.0,WSW,0.0,0.0,0.0,69.34,5999.99,6.42,0.0
2026-09-21T14:15:00Z,2026-09-21T07:15:00-07:00,Brambley,7.28,7.28,7.13,99.0,1009.72,1017.24,0.0,0.0,0.0,247.0,WSW,0.0,0.0,0.0,69.34,5999.99,8.33,0.0
2026-09-21T14:20:00Z,2026-09-21T07:20:00-07:00,Brambley,7.11,7.11,6.97,99.0,1009.92,1017.44,0.0,0.0,0.0,247.0,WSW,0.0,0.0,0.0,69.34,5999.99,10.46,0.0
2026-09-21T14:25:00Z,2026-09-21T07:25:00-07:00,Brambley,7.11,7.11,6.97,99.0,1010.02,1017.54,0.0,0.0,0.0,247.0,WSW,0.0,0.0,0.0,69.34,5999.99,13.26,0.0
2026-09-21T14:30:00Z,2026-09-21T07:30:00-07:00,Brambley,7.11,7.11,6.97,99.0,1009.72,1017.24,0.0,0.0,0.0,247.0,WSW,0.0,0.0,0.0,69.34,5999.99,16.61,0.0
2026-09-21T14:35:00Z,2026-09-21T07:35:00-07:00,Brambley,7.28,7.28,7.13,99.0,1009.92,1017.44,0.0,0.0,0.0,247.0,WSW,0.0,0.0,0.0,69.34,5999.99,20.37,0.0
2026-09-21T14:40:00Z,2026-09-21T07:40:00-07:00,Brambley,7.61,7.61,7.46,99.0,1009.92,1017.44,0.0,0.0,0.0,247.0,WSW,0.0,0.0,0.0,69.34,5999.99,22.84,0.0
2026-09-21T14:45:00Z,2026-09-21T07:45:00-07:00,Brambley,7.78,7.78,7.63,99.0,1010.02,1017.54,0.0,0.0,0.0,247.0,WSW,0.0,0.0,0.0,69.34,5999.99,25.46,0.0
2026-09-21T14:50:00Z,2026-09-21T07:50:00-07:00,Brambley,7.89,7.89,7.74,99.0,1010.02,1017.54,0.0,0.0,0.0,247.0,WSW,0.0,0.0,0.0,69.34,5999.99,27.53,0.0
2026-09-21T14:55:00Z,2026-09-21T07:55:00-07:00,Brambley,7.89,7.89,7.74,99.0,1010.02,1017.54,0.0,0.0,0.0,247.0,WSW,0.0,0.0,0.0,69.34,5999.99,28.4,0.0
2026-09-21T15:00:00Z,2026-09-21T08:00:00-07:00,Brambley,7.78,7.78,7.63,99.0,1010.13,1017.61,0.0,0.0,0.0,247.0,WSW,0.0,0.0,0.0,69.34,5999.99,30.65,0.0
2026-09-21T15:05:00Z,2026-09-21T08:05:00-07:00,Brambley,8.0,8.0,7.85,99.0,1010.02,1017.54,0.0,0.0,0.0,247.0,WSW,0.0,0.0,0.0,69.34,5999.99,34.69,0.0
2026-09-21T15:10:00Z,2026-09-21T08:10:00-07:00,Brambley,8.22,8.22,8.07,99.0,1010.13,1017.61,0.0,0.0,0.0,247.0,WSW,0.0,0.0,0.0,69.34,5999.99,38.86,0.0
2026-09-21T15:15:00Z,2026-09-21T08:15:00-07:00,Brambley,8.39,8.39,8.24,99.0,1009.82,1017.34,0.0,0.0,0.0,246.0,WSW,0.0,0.0,0.0,69.34,5999.99,42.64,0.0
2026-09-21T15:20:00Z,2026-09-21T08:20:00-07:00,Brambley,8.61,8.61,8.46,99.0,1010.13,1017.61,0.0,0.0,0.0,247.0,WSW,0.0,0.0,0.0,69.34,5999.99,44.7,0.0
2026-09-21T15:25:00Z,2026-09-21T08:25:00-07:00,Brambley,8.78,8.78,8.63,99.0,1010.13,1017.61,0.0,0.0,0.0,247.0,WSW,0.0,0.0,0.0,69.34,5999.99,44.45,0.0
2026-09-21T15:30:00Z,2026-09-21T08:30:00-07:00,Brambley,9.0,9.0,8.85,99.0,1010.53,1018.02,0.0,0.0,0.0,246.0,WSW,0.0,0.0,0.0,69.34,5999.99,45.95,0.0
2026-09-21T15:35:00Z,2026-09-21T08:35:00-07:00,Brambley,9.11,9.11,8.96,99.0,1010.43,1017.91,0.0,0.0,0.0,246.0,WSW,0.0,0.0,0.0,69.34,5999.99,53.05,0.0
2026-09-21T15:40:00Z,2026-09-21T08:40:00-07:00,Brambley,9.28,9.28,9.13,99.0,1010.43,1017.91,0.0,0.0,0.0,246.0,WSW,0.0,0.0,0.0,69.34,5999.99,57.06,0.0
2026-09-21T15:45:00Z,2026-09-21T08:45:00-07:00,Brambley,9.39,9.39,9.24,99.0,1010.23,1017.71,0.0,0.0,0.0,246.0,WSW,0.0,0.0,0.0,69.34,5999.99,55.72,0.0
2026-09-21T15:50:00Z,2026-09-21T08:50:00-07:00,Brambley,9.61,9.61,9.46,99.0,1010.33,1017.81,0.0,0.0,0.0,247.0,WSW,0.0,0.0,0.0,69.34,5999.99,53.43,0.0
2026-09-21T15:55:00Z,2026-09-21T08:55:00-07:00,Brambley,9.72,9.72,9.57,99.0,1010.63,1018.12,0.0,0.0,0.0,247.0,WSW,0.0,0.0,0.0,69.34,5999.99,57.58,0.0
2026-09-21T16:00:00Z,2026-09-21T09:00:00-07:00,Brambley,10.0,10.0,9.85,99.0,1010.53,1018.02,0.0,0.0,0.0,246.0,WSW,0.0,0.0,0.0,69.34,5999.99,61.25,0.0
2026-09-21T16:05:00Z,2026-09-21T09:05:00-07:00,Brambley,10.28,10.28,10.13,99.0,1010.53,1018.02,0.0,0.0,0.0,247.0,WSW,0.0,0.0,0.0,69.34,5999.99,59.78,0.0
2026-09-21T16:10:00Z,2026-09-21T09:10:00-07:00,Brambley,10.61,10.61,10.46,99.0,1010.63,1018.12,0.0,0.0,0.0,247.0,WSW,0.0,0.0,0.0,69.34,5999.99,61.55,0.0
2026-09-21T16:15:00Z,2026-09-21T09:15:00-07:00,Brambley,10.78,10.78,10.63,99.0,1010.63,1018.12,0.0,0.0,0.0,246.0,WSW,0.0,0.0,0.0,69.34,5999.99,65.05,0.0
2026-09-21T16:20:00Z,2026-09-21T09:20:00-07:00,Brambley,11.0,11.0,10.85,99.0,1010.63,1018.12,0.0,0.0,0.0,246.0,WSW,0.0,0.0,0.0,69.34,5999.99,68.03,0.0
2026-09-21T16:25:00Z,2026-09-21T09:25:00-07:00,Brambley,11.11,11.11,10.96,99.0,1010.53,1018.02,0.0,0.0,0.0,246.0,WSW,0.0,0.0,0.0,69.34,5999.99,65.04,0.0
2026-09-21T16:30:00Z,2026-09-21T09:30:00-07:00,Brambley,11.39,11.39,11.24,99.0,1010.43,1017.91,0.0,0.0,0.0,246.0,WSW,0.0,0.0,0.0,69.34,5999.99,68.66,0.0
2026-09-21T16:35:00Z,2026-09-21T09:35:00-07:00,Brambley,11.72,11.72,11.57,99.0,1010.53,1018.02,0.0,0.0,0.0,246.0,WSW,0.0,0.0,0.0,69.34,5999.99,67.07,0.0
2026-09-21T16:40:00Z,2026-09-21T09:40:00-07:00,Brambley,11.78,11.78,11.63,99.0,1010.53,1018.02,0.0,0.0,0.0,246.0,WSW,0.0,0.0,0.0,69.34,5999.99,88.36,0.0
2026-09-21T16:45:00Z,2026-09-21T09:45:00-07:00,Brambley,12.0,12.0,11.85,99.0,1010.63,1018.12,0.0,0.0,0.0,246.0,WSW,0.0,0.0,0.0,69.34,5999.99,78.17,0.0
2026-09-21T16:50:00Z,2026-09-21T09:50:00-07:00,Brambley,12.28,12.28,12.12,99.0,1010.63,1018.12,0.0,0.0,0.0,246.0,WSW,0.0,0.0,0.0,69.34,5999.99,82.77,0.0
2026-09-21T16:55:00Z,2026-09-21T09:55:00-07:00,Brambley,12.5,12.5,12.34,99.0,1010.53,1018.02,0.0,0.0,0.0,246.0,WSW,0.0,0.0,0.0,69.34,5999.99,92.27,0.0
2026-09-21T17:00:00Z,2026-09-21T10:00:00-07:00,Brambley,12.28,12.28,12.12,99.0,1010.63,1018.12,0.0,0.0,0.0,240.0,WSW,0.0,0.0,0.0,69.34,5999.99,73.46,0.0
2026-09-21T17:05:00Z,2026-09-21T10:05:00-07:00,Brambley,12.28,12.28,12.12,99.0,1010.74,1018.22,0.0,0.0,0.0,240.0,WSW,0.0,0.0,0.0,69.34,5999.99,64.54,0.0
2026-09-21T17:10:00Z,2026-09-21T10:10:00-07:00,Brambley,12.61,12.61,12.46,99.0,1010.84,1018.32,0.0,0.0,0.0,239.0,WSW,0.0,0.0,0.0,69.34,5999.99,238.48,2.0
2026-09-21T17:15:00Z,2026-09-21T10:15:00-07:00,Brambley,12.61,12.61,12.46,99.0,1010.74,1018.22,0.96,0.96,2.95,237.0,WSW,0.0,0.0,0.0,69.34,5999.99,249.87,2.0
2026-09-21T17:20:00Z,2026-09-21T10:20:00-07:00,Brambley,12.72,12.72,12.57,99.0,1010.84,1018.32,3.13,3.91,3.91,237.0,WSW,0.0,0.0,0.0,69.34,5999.99,244.78,2.0
2026-09-21T17:25:00Z,2026-09-21T10:25:00-07:00,Brambley,12.72,12.72,12.57,99.0,1010.33,1017.81,1.56,1.91,3.91,243.0,WSW,0.0,0.0,0.0,69.34,5999.99,239.38,2.0
2026-09-21T17:30:00Z,2026-09-21T10:30:00-07:00,Brambley,12.72,12.72,12.57,99.0,1010.53,1018.02,3.3,3.91,3.91,227.0,SW,0.0,0.0,0.0,69.34,5999.99,353.62,3.0
2026-09-21T17:35:00Z,2026-09-21T10:35:00-07:00,Brambley,12.72,12.72,12.57,99.0,1010.63,1018.12,1.13,1.91,3.91,235.0,SW,0.0,0.0,0.0,69.34,5999.99,262.31,2.0
2026-09-21T17:40:00Z,2026-09-21T10:40:00-07:00,Brambley,13.0,13.0,12.69,98.0,1010.63,1018.12,2.95,3.91,5.04,246.0,WSW,0.0,0.0,0.0,69.34,5999.99,188.82,1.0
2026-09-21T17:45:00Z,2026-09-21T10:45:00-07:00,Brambley,13.0,13.0,12.69,98.0,1010.43,1017.91,2.17,2.95,5.04,234.0,SW,0.0,0.0,0.0,69.34,5999.99,193.8,1.0
2026-09-21T17:50:00Z,2026-09-21T10:50:00-07:00,Brambley,13.22,13.22,12.76,97.0,1010.63,1018.12,2.35,2.95,5.04,234.0,SW,0.0,0.0,0.0,69.34,5999.99,170.11,1.0
2026-09-21T17:55:00Z,2026-09-21T10:55:00-07:00,Brambley,13.28,13.28,12.81,97.0,1010.63,1018.12,1.13,1.91,5.04,235.0,SW,0.0,0.0,0.0,69.34,5999.99,126.8,1.0
2026-09-21T18:00:00Z,2026-09-21T11:00:00-07:00,Brambley,13.5,13.5,12.87,96.0,1010.43,1017.91,2.69,2.95,5.04,251.0,WSW,0.0,0.0,0.0,69.34,5999.99,180.89,1.0
2026-09-21T18:05:00Z,2026-09-21T11:05:00-07:00,Brambley,13.72,13.72,13.09,96.0,1010.33,1017.81,0.17,0.96,5.04,243.0,WSW,0.0,0.0,0.0,69.34,5999.99,192.34,1.0
2026-09-21T18:10:00Z,2026-09-21T11:10:00-07:00,Brambley,13.78,13.78,12.99,95.0,1010.43,1017.91,1.91,1.91,5.04,248.0,WSW,0.0,0.0,0.0,69.34,5999.99,313.88,3.0
2026-09-21T18:15:00Z,2026-09-21T11:15:00-07:00,Brambley,14.11,14.11,13.16,94.0,1010.43,1017.91,0.0,0.0,5.04,240.0,WSW,0.0,0.0,0.0,69.34,5999.99,197.7,1.0
2026-09-21T18:20:00Z,2026-09-21T11:20:00-07:00,Brambley,14.28,14.28,13.16,93.0,1010.23,1017.71,3.3,3.91,5.04,239.0,WSW,0.0,0.0,0.0,69.34,5999.99,173.99,1.0
2026-09-21T18:25:00Z,2026-09-21T11:25:00-07:00,Brambley,14.11,14.11,12.99,93.0,1010.53,1018.02,1.91,3.91,5.04,225.0,SW,0.0,0.0,0.0,69.34,5999.99,81.03,0.0
2026-09-21T18:30:00Z,2026-09-21T11:30:00-07:00,Brambley,14.28,14.28,12.99,92.0,1010.63,1018.12,2.17,2.95,5.04,247.0,WSW,0.0,0.0,0.0,69.34,5999.99,274.09,2.0
2026-09-21T18:35:00Z,2026-09-21T11:35:00-07:00,Brambley,14.5,14.5,13.04,91.0,1010.23,1017.71,3.91,5.04,5.04,232.0,SW,0.0,0.0,0.0,69.34,5999.99,146.05,1.0
2026-09-21T18:40:00Z,2026-09-21T11:40:00-07:00,Brambley,14.5,14.5,13.04,91.0,1010.53,1018.02,3.48,3.91,5.04,230.0,SW,0.0,0.0,0.0,69.34,5999.99,93.77,0.0
2026-09-21T18:45:00Z,2026-09-21T11:45:00-07:00,Brambley,14.72,14.72,13.27,91.0,1010.63,1018.12,1.56,2.95,5.04,239.0,WSW,0.0,0.0,0.0,69.34,5999.99,96.33,0.0
2026-09-21T18:50:00Z,2026-09-21T11:50:00-07:00,Brambley,14.78,14.78,13.15,90.0,1010.84,1018.32,3.48,5.04,5.04,225.0,SW,0.0,0.0,0.0,69.34,5999.99,98.11,0.0
2026-09-21T18:55:00Z,2026-09-21T11:55:00-07:00,Brambley,15.39,15.39,13.76,90.0,1010.53,1018.02,2.35,3.91,5.04,244.0,WSW,0.0,0.0,0.0,69.34,5999.99,115.45,1.0
2026-09-21T19:00:00Z,2026-09-21T12:00:00-07:00,Brambley,15.5,15.5,13.87,90.0,1010.43,1017.91,3.3,3.91,7.04,244.0,WSW,0.0,0.0,0.0,69.34,5999.99,125.83,1.0
2026-09-21T19:05:00Z,2026-09-21T12:05:00-07:00,Brambley,15.61,15.61,13.8,89.0,1010.53,1018.02,0.61,0.96,7.04,230.0,SW,0.0,0.0,0.0,69.34,5999.99,129.71,1.0
2026-09-21T19:10:00Z,2026-09-21T12:10:00-07:00,Brambley,15.39,15.39,13.58,89.0,1010.63,1018.12,2.35,3.91,7.04,252.0,WSW,0.0,0.0,0.0,69.34,5999.99,122.56,1.0
2026-09-21T19:15:00Z,2026-09-21T12:15:00-07:00,Brambley,15.61,15.61,13.97,90.0,1010.53,1018.02,3.74,5.04,7.04,227.0,SW,0.0,0.0,0.0,69.34,5999.99,117.36,1.0
2026-09-21T19:20:00Z,2026-09-21T12:20:00-07:00,Brambley,15.61,15.61,13.97,90.0,1010.33,1017.81,1.91,2.95,7.04,222.0,SW,0.0,0.0,0.0,69.34,5999.99,222.26,2.0
2026-09-21T19:25:00Z,2026-09-21T12:25:00-07:00,Brambley,15.89,15.89,14.25,90.0,1010.43,1017.91,2.95,3.91,7.04,247.0,WSW,0.0,0.0,0.0,69.34,5999.99,288.9,2.0
2026-09-21T19:30:00Z,2026-09-21T12:30:00-07:00,Brambley,16.22,16.22,14.41,89.0,1010.53,1018.02,0.35,0.96,7.04,218.0,SW,0.0,0.0,0.0,69.34,5999.99,273.39,2.0
2026-09-21T19:35:00Z,2026-09-21T12:35:00-07:00,Brambley,16.11,16.11,14.29,89.0,1010.63,1018.12,5.47,7.04,7.04,241.0,WSW,0.0,0.0,0.0,69.34,5999.99,238.51,2.0
2026-09-21T19:40:00Z,2026-09-21T12:40:00-07:00,Brambley,16.11,16.11,14.29,89.0,1010.33,1017.81,2.35,2.95,7.04,228.0,SW,0.0,0.0,0.0,69.34,5999.99,279.75,2.0
2026-09-21T19:45:00Z,2026-09-21T12:45:00-07:00,Brambley,16.22,16.22,14.41,89.0,1010.43,1017.91,3.13,3.91,7.04,261.0,W,0.0,0.0,0.0,69.34,5999.99,509.88,4.0
2026-09-21T19:50:00Z,2026-09-21T12:50:00-07:00,Brambley,16.61,16.61,14.61,88.0,1010.63,1018.12,4.69,5.04,7.99,262.0,W,0.0,0.0,0.0,69.34,5999.99,398.23,3.0
2026-09-21T19:55:00Z,2026-09-21T12:55:00-07:00,Brambley,16.5,16.5,14.68,89.0,1010.63,1018.12,7.21,9.91,9.91,226.0,SW,0.0,0.0,0.0,69.34,5999.99,416.23,4.0
2026-09-21T20:00:00Z,2026-09-21T13:00:00-07:00,Brambley,16.61,16.61,14.79,89.0,1010.53,1018.02,7.39,9.91,11.82,227.0,SW,0.0,0.0,0.0,69.34,5999.99,482.98,4.0
2026-09-21T20:05:00Z,2026-09-21T13:05:00-07:00,Brambley,16.22,16.22,14.41,89.0,1010.63,1018.12,5.82,7.99,11.82,234.0,SW,0.0,0.0,0.0,69.34,5999.99,458.41,4.0
2026-09-21T20:10:00Z,2026-09-21T13:10:00-07:00,Brambley,16.22,16.22,14.58,90.0,1010.63,1018.12,7.56,8.95,11.82,241.0,WSW,0.0,0.0,0.0,69.34,5999.99,483.13,4.0
2026-09-21T20:15:00Z,2026-09-21T13:15:00-07:00,Brambley,16.11,16.11,14.47,90.0,1010.23,1017.71,6.78,7.99,11.82,232.0,SW,0.0,0.0,0.0,69.34,5999.99,520.81,5.0
2026-09-21T20:20:00Z,2026-09-21T13:20:00-07:00,Brambley,16.39,16.39,14.92,91.0,1010.74,1018.22,7.39,9.91,11.82,247.0,WSW,0.0,0.0,0.0,69.34,5999.99,539.05,5.0
2026-09-21T20:25:00Z,2026-09-21T13:25:00-07:00,Brambley,16.22,16.22,14.75,91.0,1010.63,1018.12,8.17,9.91,11.82,235.0,SW,0.0,0.0,0.0,69.34,5999.99,532.0,5.0
2026-09-21T20:30:00Z,2026-09-21T13:30:00-07:00,Brambley,16.28,16.28,14.63,90.0,1010.74,1018.22,8.95,10.86,11.82,239.0,WSW,0.0,0.0,0.0,69.34,5999.99,529.24,5.0
2026-09-21T20:35:00Z,2026-09-21T13:35:00-07:00,Brambley,16.22,16.22,14.58,90.0,1010.63,1018.12,8.34,9.91,11.82,238.0,WSW,0.0,0.0,0.0,69.34,5999.99,481.78,4.0
2026-09-21T20:40:00Z,2026-09-21T13:40:00-07:00,Brambley,16.5,16.5,14.85,90.0,1010.74,1018.22,6.43,8.95,11.82,225.0,SW,0.0,0.0,0.0,69.34,5999.99,522.45,5.0
2026-09-21T20:45:00Z,2026-09-21T13:45:00-07:00,Brambley,16.28,16.28,14.81,91.0,1010.74,1018.22,4.08,5.04,11.82,237.0,WSW,0.0,0.0,0.0,69.34,5999.99,532.09,5.0
2026-09-21T20:50:00Z,2026-09-21T13:50:00-07:00,Brambley,16.5,16.5,14.85,90.0,1010.43,1017.91,4.43,5.04,11.82,244.0,WSW,0.0,0.0,0.0,69.34,5999.99,352.55,3.0
2026-09-21T20:55:00Z,2026-09-21T13:55:00-07:00,Brambley,16.72,16.72,15.07,90.0,1010.53,1018.02,3.74,6.0,11.82,244.0,WSW,0.0,0.0,0.0,69.34,5999.99,596.39,5.0
2026-09-21T21:00:00Z,2026-09-21T14:00:00-07:00,Brambley,16.78,16.78,15.13,90.0,1010.74,1018.22,3.91,6.0,11.82,229.0,SW,0.0,0.0,0.0,69.34,5999.99,412.05,4.0
2026-09-21T21:05:00Z,2026-09-21T14:05:00-07:00,Brambley,17.0,17.0,15.17,89.0,1010.74,1018.22,5.21,7.99,11.82,246.0,WSW,0.0,0.0,0.0,69.34,5999.99,255.2,2.0
2026-09-21T21:10:00Z,2026-09-21T14:10:00-07:00,Brambley,17.0,17.0,15.17,89.0,1010.63,1018.12,7.73,9.91,11.82,226.0,SW,0.0,0.0,0.0,69.34,5999.99,331.9,3.0
2026-09-21T21:15:00Z,2026-09-21T14:15:00-07:00,Brambley,17.11,17.11,15.28,89.0,1010.63,1018.12,5.82,7.04,11.82,238.0,WSW,0.0,0.0,0.0,69.34,5999.99,221.7,2.0
2026-09-21T21:20:00Z,2026-09-21T14:20:00-07:00,Brambley,17.0,17.0,15.17,89.0,1010.74,1018.22,6.6,10.86,11.82,240.0,WSW,0.0,0.0,0.0,69.34,5999.99,241.35,2.0
2026-09-21T21:25:00Z,2026-09-21T14:25:00-07:00,Brambley,17.0,17.0,15.17,89.0,1010.63,1018.12,5.47,7.04,11.82,244.0,WSW,0.0,0.0,0.0,69.34,5999.99,216.6,2.0
2026-09-21T21:30:00Z,2026-09-21T14:30:00-07:00,Brambley,16.89,16.89,15.06,89.0,1010.63,1018.12,7.73,9.91,11.82,247.0,WSW,0.0,0.0,0.0,69.34,5999.99,176.61,1.0
2026-09-21T21:35:00Z,2026-09-21T14:35:00-07:00,Brambley,17.11,17.11,15.28,89.0,1010.63,1018.12,5.65,7.99,11.82,221.0,SW,0.0,0.0,0.0,69.34,5999.99,471.32,4.0
2026-09-21T21:40:00Z,2026-09-21T14:40:00-07:00,Brambley,17.11,17.11,15.28,89.0,1010.63,1018.12,4.69,6.0,11.82,235.0,SW,0.0,0.0,0.0,69.34,5999.99,294.22,2.0
2026-09-21T21:45:00Z,2026-09-21T14:45:00-07:00,Brambley,17.11,17.11,15.28,89.0,1010.53,1018.02,5.47,7.04,11.82,243.0,WSW,0.0,0.0,0.0,69.34,5999.99,176.16,1.0
2026-09-21T21:50:00Z,2026-09-21T14:50:00-07:00,Brambley,17.11,17.11,15.28,89.0,1010.63,1018.12,6.0,7.99,11.82,231.0,SW,0.0,0.0,0.0,69.34,5999.99,215.73,2.0
2026-09-21T21:55:00Z,2026-09-21T14:55:00-07:00,Brambley,17.0,17.0,15.34,90.0,1010.53,1018.02,4.43,6.0,11.82,234.0,SW,0.0,0.0,0.0,69.34,5999.99,137.02,1.0
2026-09-21T22:00:00Z,2026-09-21T15:00:00-07:00,Brambley,16.89,16.89,15.24,90.0,1010.43,1017.91,4.87,6.0,11.82,229.0,SW,0.0,0.0,0.0,69.34,5999.99,163.95,1.0
2026-09-21T22:05:00Z,2026-09-21T15:05:00-07:00,Brambley,16.89,16.89,15.24,90.0,1010.43,1017.91,5.82,7.99,11.82,248.0,WSW,0.0,0.0,0.0,69.34,5999.99,151.14,1.0
2026-09-21T22:10:00Z,2026-09-21T15:10:00-07:00,Brambley,17.0,17.0,15.34,90.0,1010.33,1017.81,7.21,8.95,11.82,236.0,SW,0.0,0.0,0.0,69.34,5999.99,209.54,2.0
2026-09-21T22:15:00Z,2026-09-21T15:15:00-07:00,Brambley,17.0,17.0,15.34,90.0,1010.33,1017.81,7.04,7.99,11.82,234.0,SW,0.0,0.0,0.0,69.34,5999.99,155.16,1.0
2026-09-21T22:20:00Z,2026-09-21T15:20:00-07:00,Brambley,16.89,16.89,15.24,90.0,1010.23,1017.71,8.34,9.91,11.82,215.0,SW,0.0,0.0,0.0,69.34,5999.99,163.48,1.0
2026-09-21T22:25:00Z,2026-09-21T15:25:00-07:00,Brambley,16.89,16.89,15.24,90.0,1010.33,1017.81,3.3,3.91,11.82,245.0,WSW,0.0,0.0,0.0,69.34,5999.99,126.12,1.0
2026-09-21T22:30:00Z,2026-09-21T15:30:00-07:00,Brambley,16.78,16.78,15.13,90.0,1010.23,1017.71,6.78,9.91,11.82,238.0,WSW,0.0,0.0,0.0,69.34,5999.99,115.6,1.0
2026-09-21T22:35:00Z,2026-09-21T15:35:00-07:00,Brambley,16.78,16.78,15.3,91.0,1010.13,1017.61,7.04,7.99,11.82,236.0,SW,0.0,0.0,0.0,69.34,5999.99,158.6,1.0
2026-09-21T22:40:00Z,2026-09-21T15:40:00-07:00,Brambley,16.78,16.78,15.3,91.0,1010.13,1017.61,3.48,5.04,11.82,248.0,WSW,0.0,0.0,0.0,69.34,5999.99,112.35,1.0
2026-09-21T22:45:00Z,2026-09-21T15:45:00-07:00,Brambley,16.78,16.78,15.3,91.0,1010.02,1017.54,5.04,7.04,11.82,222.0,SW,0.0,0.0,0.0,69.34,5999.99,100.96,0.0
2026-09-21T22:50:00Z,2026-09-21T15:50:00-07:00,Brambley,16.89,16.89,15.24,90.0,1010.23,1017.71,5.65,7.04,11.82,242.0,WSW,0.0,0.0,0.0,69.34,5999.99,92.68,0.0
2026-09-21T22:55:00Z,2026-09-21T15:55:00-07:00,Brambley,16.78,16.78,15.13,90.0,1010.13,1017.61,4.08,5.04,11.82,219.0,SW,0.0,0.0,0.0,69.34,5999.99,87.64,0.0
2026-09-21T23:00:00Z,2026-09-21T16:00:00-07:00,Brambley,16.89,16.89,15.24,90.0,1010.13,1017.61,4.43,7.04,11.82,229.0,SW,0.0,0.0,0.0,69.34,5999.99,79.03,0.0
2026-09-21T23:05:00Z,2026-09-21T16:05:00-07:00,Brambley,16.78,16.78,15.13,90.0,1010.33,1017.81,2.95,3.91,11.82,249.0,WSW,0.0,0.0,0.0,69.34,5999.99,78.51,0.0
2026-09-21T23:10:00Z,2026-09-21T16:10:00-07:00,Brambley,16.72,16.72,15.07,90.0,1010.02,1017.54,4.26,7.04,11.82,248.0,WSW,0.0,0.0,0.0,69.34,5999.99,78.67,0.0
2026-09-21T23:15:00Z,2026-09-21T16:15:00-07:00,Brambley,16.78,16.78,15.13,90.0,1010.02,1017.54,3.74,6.0,11.82,241.0,WSW,0.0,0.0,0.0,69.34,5999.99,105.25,1.0
2026-09-21T23:20:00Z,2026-09-21T16:20:00-07:00,Brambley,16.89,16.89,15.41,91.0,1010.02,1017.54,2.95,3.91,11.82,238.0,WSW,0.0,0.0,0.0,69.34,5999.99,88.74,0.0
2026-09-21T23:25:00Z,2026-09-21T16:25:00-07:00,Brambley,16.78,16.78,15.3,91.0,1010.02,1017.54,3.48,6.0,11.82,246.0,WSW,0.0,0.0,0.0,69.34,5999.99,119.23,1.0
2026-09-21T23:30:00Z,2026-09-21T16:30:00-07:00,Brambley,16.89,16.89,15.24,90.0,1009.82,1017.34,3.13,5.04,11.82,212.0,SSW,0.0,0.0,0.0,69.34,5999.99,118.0,1.0
2026-09-21T23:35:00Z,2026-09-21T16:35:00-07:00,Brambley,17.0,17.0,15.34,90.0,1010.02,1017.54,0.78,0.96,11.82,246.0,WSW,0.0,0.0,0.0,69.34,5999.99,94.34,0.0
2026-09-21T23:40:00Z,2026-09-21T16:40:00-07:00,Brambley,17.11,17.11,15.46,90.0,1009.92,1017.44,1.56,1.91,11.82,238.0,WSW,0.0,0.0,0.0,69.34,5999.99,114.75,1.0
2026-09-21T23:45:00Z,2026-09-21T16:45:00-07:00,Brambley,17.11,17.11,15.28,89.0,1009.92,1017.44,2.17,2.95,11.82,258.0,WSW,0.0,0.0,0.0,69.34,5999.99,87.58,0.0
2026-09-21T23:50:00Z,2026-09-21T16:50:00-07:00,Brambley,17.28,17.28,15.44,89.0,1009.82,1017.34,3.13,3.91,11.82,244.0,WSW,0.0,0.0,0.0,69.34,5999.99,91.9,0.0
2026-09-21T23:55:00Z,2026-09-21T16:55:00-07:00,Brambley,17.22,17.22,15.39,89.0,1010.02,1017.54,1.91,2.95,11.82,226.0,SW,0.0,0.0,0.0,69.34,5999.99,69.26,0.0
2026-09-22T00:00:00Z,2026-09-21T17:00:00-07:00,Brambley,17.28,17.28,15.44,89.0,1009.92,1017.44,0.0,0.0,11.82,255.0,WSW,0.0,0.0,0.0,69.34,5999.99,71.79,0.0
2026-09-22T00:05:00Z,2026-09-21T17:05:00-07:00,Brambley,17.39,17.39,15.56,89.0,1009.92,1017.44,4.08,5.04,11.82,230.0,SW,0.0,0.0,0.0,69.34,5999.99,80.29,0.0
2026-09-22T00:10:00Z,2026-09-21T17:10:00-07:00,Brambley,17.22,17.22,15.39,89.0,1009.92,1017.44,5.21,7.04,11.82,237.0,WSW,0.0,0.0,0.0,69.34,5999.99,90.76,0.0
2026-09-22T00:15:00Z,2026-09-21T17:15:00-07:00,Brambley,17.0,17.0,15.17,89.0,1009.82,1017.34,2.17,2.95,11.82,264.0,W,0.0,0.0,0.0,69.34,5999.99,86.19,0.0
2026-09-22T00:20:00Z,2026-09-21T17:20:00-07:00,Brambley,17.0,17.0,15.17,89.0,1009.82,1017.34,6.0,7.99,11.82,215.0,SW,0.0,0.0,0.0,69.34,5999.99,83.53,0.0
2026-09-22T00:25:00Z,2026-09-21T17:25:00-07:00,Brambley,17.11,17.11,15.28,89.0,1009.62,1017.14,5.04,6.0,11.82,230.0,SW,0.0,0.0,0.0,69.34,5999.99,56.4,0.0
2026-09-22T00:30:00Z,2026-09-21T17:30:00-07:00,Brambley,17.0,17.0,15.17,89.0,1009.82,1017.34,2.95,2.95,11.82,225.0,SW,0.0,0.0,0.0,69.34,5999.99,39.6,0.0
2026-09-22T00:35:00Z,2026-09-21T17:35:00-07:00,Brambley,16.89,16.89,15.06,89.0,1009.82,1017.34,7.56,9.91,11.82,239.0,WSW,0.0,0.0,0.0,69.34,5999.99,44.36,0.0
2026-09-22T00:40:00Z,2026-09-21T17:40:00-07:00,Brambley,16.78,16.78,15.13,90.0,1009.72,1017.24,4.43,6.0,11.82,219.0,SW,0.0,0.0,0.0,69.34,5999.99,37.47,0.0
2026-09-22T00:45:00Z,2026-09-21T17:45:00-07:00,Brambley,16.72,16.72,15.07,90.0,1009.92,1017.44,2.52,3.91,11.82,255.0,WSW,0.0,0.0,0.0,69.34,5999.99,27.44,0.0
2026-09-22T00:50:00Z,2026-09-21T17:50:00-07:00,Brambley,16.72,16.72,15.24,91.0,1010.02,1017.54,2.69,2.95,11.82,243.0,WSW,0.0,0.0,0.0,69.34,5999.99,22.44,0.0
2026-09-22T00:55:00Z,2026-09-21T17:55:00-07:00,Brambley,16.61,16.61,15.13,91.0,1009.62,1017.14,3.74,3.91,11.82,233.0,SW,0.0,0.0,0.0,69.34,5999.99,29.58,0.0
2026-09-22T01:00:00Z,2026-09-21T18:00:00-07:00,Brambley,16.5,16.5,15.02,91.0,1009.92,1017.44,2.95,3.91,11.82,238.0,WSW,0.0,0.0,0.0,69.34,5999.99,29.39,0.0
2026-09-22T01:05:00Z,2026-09-21T18:05:00-07:00,Brambley,16.5,16.5,15.02,91.0,1009.82,1017.34,6.43,8.95,11.82,227.0,SW,0.0,0.0,0.0,69.34,5999.99,15.97,0.0
2026-09-22T01:10:00Z,2026-09-21T18:10:00-07:00,Brambley,16.5,16.5,15.02,91.0,1009.82,1017.34,5.04,6.0,11.82,237.0,WSW,0.0,0.0,0.0,69.34,5999.99,12.42,0.0
2026-09-22T01:15:00Z,2026-09-21T18:15:00-07:00,Brambley,16.5,16.5,15.02,91.0,1009.82,1017.34,3.3,3.91,11.82,243.0,WSW,0.0,0.0,0.0,69.34,5999.99,16.87,0.0
2026-09-22T01:20:00Z,2026-09-21T18:20:00-07:00,Brambley,16.61,16.61,15.13,91.0,1009.82,1017.34,0.17,0.96,11.82,260.0,W,0.0,0.0,0.0,69.34,5999.99,23.79,0.0
2026-09-22T01:25:00Z,2026-09-21T18:25:00-07:00,Brambley,16.5,16.5,15.02,91.0,1009.92,1017.44,2.69,3.91,11.82,226.0,SW,0.0,0.0,0.0,69.34,5999.99,16.07,0.0
2026-09-22T01:30:00Z,2026-09-21T18:30:00-07:00,Brambley,16.5,16.5,15.19,92.0,1009.62,1017.14,3.48,5.04,11.82,240.0,WSW,0.0,0.0,0.0,69.34,5999.99,12.61,0.0
2026-09-22T01:35:00Z,2026-09-21T18:35:00-07:00,Brambley,16.5,16.5,15.19,92.0,1009.72,1017.24,2.69,2.95,11.82,248.0,WSW,0.0,0.0,0.0,69.34,5999.99,10.89,0.0
2026-09-22T01:40:00Z,2026-09-21T18:40:00-07:00,Brambley,16.5,16.5,15.19,92.0,1009.72,1017.24,1.13,2.95,11.82,242.0,WSW,0.0,0.0,0.0,69.34,5999.99,7.37,0.0
2026-09-22T01:45:00Z,2026-09-21T18:45:00-07:00,Brambley,16.5,16.5,15.19,92.0,1009.41,1016.93,0.0,0.0,11.82,244.0,WSW,0.0,0.0,0.0,69.34,5999.99,7.14,0.0
2026-09-22T01:50:00Z,2026-09-21T18:50:00-07:00,Brambley,16.5,16.5,15.19,92.0,1009.82,1017.34,0.0,0.0,11.82,249.0,WSW,0.0,0.0,0.0,69.34,5999.99,5.15,0.0
2026-09-22T01:55:00Z,2026-09-21T18:55:00-07:00,Brambley,16.5,16.5,15.36,93.0,1009.52,1017.03,0.17,0.96,11.82,243.0,WSW,0.0,0.0,0.0,69.34,5999.99,3.17,0.0
2026-09-22T02:00:00Z,2026-09-21T19:00:00-07:00,Brambley,16.5,16.5,15.36,93.0,1009.52,1017.03,4.43,5.04,11.82,229.0,SW,0.0,0.0,0.0,69.34,5999.99,3.28,0.0
2026-09-22T02:05:00Z,2026-09-21T19:05:00-07:00,Brambley,16.5,16.5,15.36,93.0,1009.62,1017.14,1.13,1.91,11.82,245.0,WSW,0.0,0.0,0.0,69.34,5999.99,2.45,0.0
2026-09-22T02:10:00Z,2026-09-21T19:10:00-07:00,Brambley,16.5,16.5,15.53,94.0,1009.52,1017.03,0.35,0.96,11.82,249.0,WSW,0.0,0.0,0.0,69.34,5999.99,1.68,0.0
2026-09-22T02:15:00Z,2026-09-21T19:15:00-07:00,Brambley,16.39,16.39,15.42,94.0,1009.72,1017.24,5.21,6.0,11.82,224.0,SW,0.0,0.0,0.0,69.34,5999.99,1.34,0.0
2026-09-22T02:20:00Z,2026-09-21T19:20:00-07:00,Brambley,16.39,16.39,15.42,94.0,1009.92,1017.44,2.69,3.91,11.82,253.0,WSW,0.0,0.0,0.0,69.34,5999.99,0.9,0.0
2026-09-22T02:25:00Z,2026-09-21T19:25:00-07:00,Brambley,16.39,16.39,15.42,94.0,1009.62,1017.14,0.0,0.0,11.82,235.0,SW,0.0,0.0,0.0,69.34,5999.99,0.54,0.0
2026-09-22T02:30:00Z,2026-09-21T19:30:00-07:00,Brambley,16.22,16.22,15.26,94.0,1009.72,1017.24,0.78,1.91,11.82,227.0,SW,0.0,0.0,0.0,69.34,5999.99,0.17,0.0
2026-09-22T02:35:00Z,2026-09-21T19:35:00-07:00,Brambley,16.22,16.22,15.42,95.0,1009.92,1017.44,0.0,0.0,11.82,251.0,WSW,0.0,0.0,0.0,69.34,5999.99,0.05,0.0
2026-09-22T02:40:00Z,2026-09-21T19:40:00-07:00,Brambley,16.11,16.11,15.31,95.0,1010.02,1017.54,0.17,0.96,11.82,255.0,WSW,0.0,0.0,0.0,69.34,5999.99,0.01,0.0
2026-09-22T02:45:00Z,2026-09-21T19:45:00-07:00,Brambley,16.11,16.11,15.31,95.0,1009.92,1017.44,0.96,1.91,11.82,242.0,WSW,0.0,0.0,0.0,69.34,5999.99,0.0,0.0
2026-09-22T02:50:00Z,2026-09-21T19:50:00-07:00,Brambley,16.0,16.0,15.2,95.0,1009.72,1017.24,1.39,1.91,11.82,229.0,SW,0.0,0.0,0.0,69.34,5999.99,0.0,0.0
2026-09-22T02:55:00Z,2026-09-21T19:55:00-07:00,Brambley,15.89,15.89,15.09,95.0,1009.92,1017.44,0.0,0.0,11.82,269.0,W,0.0,0.0,0.0,69.34,5999.99,0.0,0.0
2026-09-22T03:00:00Z,2026-09-21T20:00:00-07:00,Brambley,15.78,15.78,14.98,95.0,1010.02,1017.54,0.0,0.0,11.82,244.0,WSW,0.0,0.0,0.0,69.34,5999.99,0.0,0.0
2026-09-22T03:05:00Z,2026-09-21T20:05:00-07:00,Brambley,15.72,15.72,14.92,95.0,1009.92,1017.44,2.17,2.95,11.82,234.0,SW,0.0,0.0,0.0,69.34,5999.99,0.0,0.0
2026-09-22T03:10:00Z,2026-09-21T20:10:00-07:00,Brambley,15.72,15.72,14.92,95.0,1009.92,1017.44,2.95,3.91,11.82,231.0,SW,0.0,0.0,0.0,69.34,5999.99,0.0,0.0
2026-09-22T03:15:00Z,2026-09-21T20:15:00-07:00,Brambley,15.61,15.61,14.81,95.0,1010.02,1017.54,0.35,0.96,11.82,244.0,WSW,0.0,0.0,0.0,69.34,5999.99,0.0,0.0
2026-09-22T03:20:00Z,2026-09-21T20:20:00-07:00,Brambley,15.5,15.5,14.7,95.0,1010.13,1017.61,0.0,0.0,11.82,243.0,WSW,0.0,0.0,0.0,69.34,5999.99,0.0,0.0
2026-09-22T03:25:00Z,2026-09-21T20:25:00-07:00,Brambley,15.5,15.5,14.7,95.0,1010.13,1017.61,0.0,0.0,11.82,247.0,WSW,0.0,0.0,0.0,69.34,5999.99,0.0,0.0
2026-09-22T03:30:00Z,2026-09-21T20:30:00-07:00,Brambley,15.5,15.5,14.87,96.0,1010.02,1017.54,0.0,0.0,11.82,250.0,WSW,0.0,0.0,0.0,69.34,5999.99,0.0,0.0
2026-09-22T03:35:00Z,2026-09-21T20:35:00-07:00,Brambley,15.5,15.5,14.87,96.0,1010.13,1017.61,0.17,0.96,11.82,243.0,WSW,0.0,0.0,0.0,69.34,5999.99,0.0,0.0
2026-09-22T03:40:00Z,2026-09-21T20:40:00-07:00,Brambley,15.39,15.39,14.76,96.0,1010.33,1017.81,0.0,0.0,11.82,249.0,WSW,0.0,0.0,0.0,69.34,5999.99,0.0,0.0
2026-09-22T03:45:00Z,2026-09-21T20:45:00-07:00,Brambley,15.39,15.39,14.76,96.0,1010.33,1017.81,0.0,0.0,11.82,264.0,W,0.0,0.0,0.0,69.34,5999.99,0.0,0.0
2026-09-22T03:50:00Z,2026-09-21T20:50:00-07:00,Brambley,15.39,15.39,14.76,96.0,1010.33,1017.81,0.0,0.0,11.82,256.0,WSW,0.0,0.0,0.0,69.34,5999.99,0.0,0.0
2026-09-22T03:55:00Z,2026-09-21T20:55:00-07:00,Brambley,15.28,15.28,14.64,96.0,1010.33,1017.81,0.0,0.0,11.82,230.0,SW,0.0,0.0,0.0,69.34,5999.99,0.0,0.0
2026-09-22T04:00:00Z,2026-09-21T21:00:00-07:00,Brambley,15.28,15.28,14.64,96.0,1010.33,1017.81,0.0,0.0,11.82,247.0,WSW,0.0,0.0,0.0,69.34,5999.99,0.0,0.0
2026-09-22T04:05:00Z,2026-09-21T21:05:00-07:00,Brambley,15.28,15.28,14.81,97.0,1010.33,1017.81,0.0,0.0,11.82,254.0,WSW,0.0,0.0,0.0,69.34,5999.99,0.0,0.0
2026-09-22T04:10:00Z,2026-09-21T21:10:00-07:00,Brambley,15.22,15.22,14.75,97.0,1010.43,1017.91,0.0,0.0,11.82,248.0,WSW,0.0,0.0,0.0,69.34,5999.99,0.0,0.0
2026-09-22T04:15:00Z,2026-09-21T21:15:00-07:00,Brambley,15.28,15.28,14.81,97.0,1010.23,1017.71,0.0,0.0,11.82,247.0,WSW,0.0,0.0,0.0,69.34,5999.99,0.0,0.0
2026-09-22T04:20:00Z,2026-09-21T21:20:00-07:00,Brambley,15.28,15.28,14.81,97.0,1010.23,1017.71,0.61,1.91,11.82,235.0,SW,0.0,0.0,0.0,69.34,5999.99,0.0,0.0
2026-09-22T04:25:00Z,2026-09-21T21:25:00-07:00,Brambley,15.39,15.39,14.92,97.0,1010.53,1018.02,0.78,1.91,11.82,244.0,WSW,0.0,0.0,0.0,69.34,5999.99,0.0,0.0
2026-09-22T04:30:00Z,2026-09-21T21:30:00-07:00,Brambley,15.28,15.28,14.81,97.0,1010.43,1017.91,0.96,0.96,11.82,240.0,WSW,0.0,0.0,0.0,69.34,5999.99,0.0,0.0
2026-09-22T04:35:00Z,2026-09-21T21:35:00-07:00,Brambley,15.22,15.22,14.75,97.0,1010.53,1018.02,0.0,0.0,11.82,244.0,WSW,0.0,0.0,0.0,69.34,5999.99,0.0,0.0
2026-09-22T04:40:00Z,2026-09-21T21:40:00-07:00,Brambley,15.11,15.11,14.64,97.0,1010.53,1018.02,0.78,0.96,11.82,248.0,WSW,0.0,0.0,0.0,69.34,5999.99,0.0,0.0
2026-09-22T04:45:00Z,2026-09-21T21:45:00-07:00,Brambley,15.0,15.0,14.53,97.0,1010.53,1018.02,1.74,2.95,11.82,253.0,WSW,0.0,0.0,0.0,69.34,5999.99,0.0,0.0
2026-09-22T04:51:00Z,2026-09-21T21:51:00-07:00,Brambley,14.78,14.78,14.31,97.0,1010.33,1017.81,0.0,0.0,11.82,239.0,WSW,0.0,0.0,0.0,69.34,5999.99,0.0,0.0
2026-09-22T04:55:00Z,2026-09-21T21:55:00-07:00,Brambley,14.72,14.72,14.25,97.0,1010.53,1018.02,0.0,0.0,11.82,252.0,WSW,0.0,0.0,0.0,69.34,5999.99,0.0,0.0
2026-09-22T05:00:00Z,2026-09-21T22:00:00-07:00,Brambley,14.61,14.61,14.14,97.0,1010.63,1018.12,0.0,0.0,11.82,245.0,WSW,0.0,0.0,0.0,69.34,5999.99,0.0,0.0
2026-09-22T05:05:00Z,2026-09-21T22:05:00-07:00,Brambley,14.39,14.39,13.92,97.0,1010.43,1017.91,0.0,0.0,11.82,245.0,WSW,0.0,0.0,0.0,69.34,5999.99,0.0,0.0
2026-09-22T05:11:00Z,2026-09-21T22:11:00-07:00,Brambley,14.28,14.28,13.81,97.0,1010.43,1017.91,0.0,0.0,11.82,261.0,W,0.0,0.0,0.0,69.34,5999.99,0.0,0.0
2026-09-22T05:15:00Z,2026-09-21T22:15:00-07:00,Brambley,14.22,14.22,13.75,97.0,1010.63,1018.12,0.0,0.0,11.82,254.0,WSW,0.0,0.0,0.0,69.34,5999.99,0.0,0.0
2026-09-22T05:20:00Z,2026-09-21T22:20:00-07:00,Brambley,14.11,14.11,13.64,97.0,1010.74,1018.22,0.0,0.0,11.82,258.0,WSW,0.0,0.0,0.0,69.34,5999.99,0.0,0.0
2026-09-22T05:25:00Z,2026-09-21T22:25:00-07:00,Brambley,13.89,13.89,13.42,97.0,1010.63,1018.12,0.0,0.0,11.82,258.0,WSW,0.0,0.0,0.0,69.34,5999.99,0.0,0.0
2026-09-22T05:31:00Z,2026-09-21T22:31:00-07:00,Brambley,13.72,13.72,13.26,97.0,1010.63,1018.12,0.0,0.0,11.82,257.0,WSW,0.0,0.0,0.0,69.34,5999.99,0.0,0.0
2026-09-22T05:35:00Z,2026-09-21T22:35:00-07:00,Brambley,13.78,13.78,13.31,97.0,1010.63,1018.12,0.0,0.0,11.82,252.0,WSW,0.0,0.0,0.0,69.34,5999.99,0.0,0.0
2026-09-22T05:40:00Z,2026-09-21T22:40:00-07:00,Brambley,13.78,13.78,13.31,97.0,1010.53,1018.02,0.0,0.0,11.82,250.0,WSW,0.0,0.0,0.0,69.34,5999.99,0.0,0.0
2026-09-22T05:45:00Z,2026-09-21T22:45:00-07:00,Brambley,13.78,13.78,13.31,97.0,1010.53,1018.02,0.0,0.0,11.82,247.0,WSW,0.0,0.0,0.0,69.34,5999.99,0.0,0.0
2026-09-22T05:51:00Z,2026-09-21T22:51:00-07:00,Brambley,13.78,13.78,13.31,97.0,1010.53,1018.02,0.0,0.0,11.82,252.0,WSW,0.0,0.0,0.0,69.34,5999.99,0.0,0.0
2026-09-22T05:55:00Z,2026-09-21T22:55:00-07:00,Brambley,13.78,13.78,13.31,97.0,1010.43,1017.91,0.0,0.0,11.82,255.0,WSW,0.0,0.0,0.0,69.34,5999.99,0.0,0.0
2026-09-22T06:00:00Z,2026-09-21T23:00:00-07:00,Brambley,13.78,13.78,13.31,97.0,1010.74,1018.22,0.0,0.0,11.82,242.0,WSW,0.0,0.0,0.0,69.34,5999.99,0.0,0.0
2026-09-22T06:05:00Z,2026-09-21T23:05:00-07:00,Brambley,13.89,13.89,13.42,97.0,1010.53,1018.02,0.0,0.0,11.82,247.0,WSW,0.0,0.0,0.0,69.34,5999.99,0.0,0.0
2026-09-22T06:11:00Z,2026-09-21T23:11:00-07:00,Brambley,13.89,13.89,13.42,97.0,1010.53,1018.02,0.96,0.96,11.82,239.0,WSW,0.0,0.0,0.0,69.34,5999.99,0.0,0.0
2026-09-22T06:15:00Z,2026-09-21T23:15:00-07:00,Brambley,14.0,14.0,13.53,97.0,1010.63,1018.12,0.0,0.0,11.82,247.0,WSW,0.0,0.0,0.0,69.34,5999.99,0.0,0.0
2026-09-22T06:20:00Z,2026-09-21T23:20:00-07:00,Brambley,14.0,14.0,13.53,97.0,1010.53,1018.02,0.0,0.0,11.82,254.0,WSW,0.0,0.0,0.0,69.34,5999.99,0.0,0.0
2026-09-22T06:25:00Z,2026-09-21T23:25:00-07:00,Brambley,14.0,14.0,13.53,97.0,1010.33,1017.81,0.0,0.0,11.82,248.0,WSW,0.0,0.0,0.0,69.34,5999.99,0.0,0.0
2026-09-22T06:31:00Z,2026-09-21T23:31:00-07:00,Brambley,14.0,14.0,13.53,97.0,1010.53,1018.02,0.0,0.0,11.82,264.0,W,0.0,0.0,0.0,69.34,5999.99,0.0,0.0
2026-09-22T06:35:00Z,2026-09-21T23:35:00-07:00,Brambley,14.0,14.0,13.53,97.0,1010.53,1018.02,0.0,0.0,11.82,256.0,WSW,0.0,0.0,0.0,69.34,5999.99,0.0,0.0
2026-09-22T06:40:00Z,2026-09-21T23:40:00-07:00,Brambley,14.0,14.0,13.53,97.0,1010.63,1018.12,0.0,0.0,11.82,246.0,WSW,0.0,0.0,0.0,69.34,5999.99,0.0,0.0
2026-09-22T06:45:00Z,2026-09-21T23:45:00-07:00,Brambley,14.0,14.0,13.53,97.0,1010.84,1018.32,0.0,0.0,11.82,244.0,WSW,0.0,0.0,0.0,69.34,5999.99,0.0,0.0
2026-09-22T06:51:00Z,2026-09-21T23:51:00-07:00,Brambley,13.89,13.89,13.42,97.0,1010.53,1018.02,0.0,0.0,11.82,247.0,WSW,0.0,0.0,0.0,69.34,5999.99,0.0,0.0
2026-09-22T06:55:00Z,2026-09-21T23:55:00-07:00,Brambley,13.89,13.89,13.42,97.0,1010.53,1018.02,0.0,0.0,11.82,261.0,W,0.0,0.0,0.0,69.34,5999.99,0.0,0.0
2026-09-22T07:00:00Z,2026-09-22T00:00:00-07:00,Brambley,13.89,13.89,13.42,97.0,1010.23,1017.71,0.0,0.0,0.0,243.0,WSW,0.0,0.0,0.0,69.34,5999.99,0.0,0.0
2026-09-22T07:05:00Z,2026-09-22T00:05:00-07:00,Brambley,13.89,13.89,13.42,97.0,1010.53,1018.02,1.39,1.91,2.95,255.0,WSW,0.0,0.0,0.0,69.34,5999.99,0.0,0.0
2026-09-22T07:11:00Z,2026-09-22T00:11:00-07:00,Brambley,13.89,13.89,13.42,97.0,1010.53,1018.02,0.0,0.0,2.95,236.0,SW,0.0,0.0,0.0,69.34,5999.99,0.0,0.0
2026-09-22T07:15:00Z,2026-09-22T00:15:00-07:00,Brambley,13.89,13.89,13.42,97.0,1010.43,1017.91,0.78,2.95,2.95,193.0,SSW,0.0,0.0,0.0,69.34,5999.99,0.0,0.0
2026-09-22T07:20:00Z,2026-09-22T00:20:00-07:00,Brambley,13.89,13.89,13.42,97.0,1010.63,1018.12,0.0,0.0,2.95,254.0,WSW,0.0,0.0,0.0,69.34,5999.99,0.0,0.0
2026-09-22T07:25:00Z,2026-09-22T00:25:00-07:00,Brambley,14.0,14.0,13.53,97.0,1010.43,1017.91,0.0,0.0,2.95,252.0,WSW,0.0,0.0,0.0,69.34,5999.99,0.0,0.0
2026-09-22T07:31:00Z,2026-09-22T00:31:00-07:00,Brambley,13.89,13.89,13.42,97.0,1010.53,1018.02,0.17,0.96,2.95,237.0,WSW,0.0,0.0,0.0,69.34,5999.99,0.0,0.0
2026-09-22T07:35:00Z,2026-09-22T00:35:00-07:00,Brambley,13.89,13.89,13.26,96.0,1010.43,1017.91,0.0,0.0,2.95,248.0,WSW,0.0,0.0,0.0,69.34,5999.99,0.0,0.0
2026-09-22T07:40:00Z,2026-09-22T00:40:00-07:00,Brambley,13.78,13.78,13.15,96.0,1010.53,1018.02,0.17,0.96,3.91,249.0,WSW,0.0,0.0,0.0,69.34,5999.99,0.0,0.0
2026-09-22T07:45:00Z,2026-09-22T00:45:00-07:00,Brambley,13.78,13.78,13.15,96.0,1010.63,1018.12,0.0,0.0,3.91,251.0,WSW,0.0,0.0,0.0,69.34,5999.99,0.0,0.0
2026-09-22T07:51:00Z,2026-09-22T00:51:00-07:00,Brambley,13.72,13.72,13.09,96.0,1010.53,1018.02,0.0,0.0,3.91,260.0,W,0.0,0.0,0.0,69.34,5999.99,0.0,0.0
2026-09-22T07:55:00Z,2026-09-22T00:55:00-07:00,Brambley,13.61,13.61,12.98,96.0,1010.63,1018.12,0.0,0.0,3.91,246.0,WSW,0.0,0.0,0.0,69.34,5999.99,0.0,0.0
2026-09-22T08:00:00Z,2026-09-22T01:00:00-07:00,Brambley,13.5,13.5,12.87,96.0,1010.53,1018.02,0.0,0.0,3.91,254.0,WSW,0.0,0.0,0.0,69.34,5999.99,0.0,0.0
2026-09-22T08:05:00Z,2026-09-22T01:05:00-07:00,Brambley,13.39,13.39,12.76,96.0,1010.53,1018.02,0.0,0.0,3.91,254.0,WSW,0.0,0.0,0.0,69.34,5999.99,0.0,0.0
2026-09-22T08:10:00Z,2026-09-22T01:10:00-07:00,Brambley,13.28,13.28,12.66,96.0,1010.63,1018.12,0.0,0.0,3.91,254.0,WSW,0.0,0.0,0.0,69.34,5999.99,0.0,0.0
2026-09-22T08:15:00Z,2026-09-22T01:15:00-07:00,Brambley,13.22,13.22,12.6,96.0,1010.53,1018.02,0.0,0.0,3.91,254.0,WSW,0.0,0.0,0.0,69.34,5999.99,0.0,0.0
2026-09-22T08:20:00Z,2026-09-22T01:20:00-07:00,Brambley,13.22,13.22,12.6,96.0,1010.63,1018.12,0.0,0.0,3.91,253.0,WSW,0.0,0.0,0.0,69.34,5999.99,0.0,0.0
2026-09-22T08:25:00Z,2026-09-22T01:25:00-07:00,Brambley,13.11,13.11,12.49,96.0,1010.74,1018.22,0.0,0.0,3.91,253.0,WSW,0.0,0.0,0.0,69.34,5999.99,0.0,0.0
2026-09-22T08:30:00Z,2026-09-22T01:30:00-07:00,Brambley,12.89,12.89,12.27,96.0,1010.63,1018.12,0.0,0.0,3.91,253.0,WSW,0.0,0.0,0.0,69.34,5999.99,0.0,0.0
2026-09-22T08:35:00Z,2026-09-22T01:35:00-07:00,Brambley,13.11,13.11,12.49,96.0,1010.53,1018.02,0.0,0.0,3.91,238.0,WSW,0.0,0.0,0.0,69.34,5999.99,0.0,0.0
2026-09-22T08:40:00Z,2026-09-22T01:40:00-07:00,Brambley,13.0,13.0,12.38,96.0,1010.63,1018.12,0.0,0.0,3.91,245.0,WSW,0.0,0.0,0.0,69.34,5999.99,0.0,0.0
2026-09-22T08:45:00Z,2026-09-22T01:45:00-07:00,Brambley,12.89,12.89,12.27,96.0,1010.43,1017.91,0.0,0.0,3.91,246.0,WSW,0.0,0.0,0.0,69.34,5999.99,0.0,0.0
2026-09-22T08:50:00Z,2026-09-22T01:50:00-07:00,Brambley,12.72,12.72,12.26,97.0,1010.53,1018.02,0.0,0.0,3.91,245.0,WSW,0.0,0.0,0.0,69.34,5999.99,0.0,0.0
2026-09-22T08:55:00Z,2026-09-22T01:55:00-07:00,Brambley,12.72,12.72,12.26,97.0,1010.74,1018.22,0.0,0.0,3.91,246.0,WSW,0.0,0.0,0.0,69.34,5999.99,0.0,0.0
2026-09-22T09:00:00Z,2026-09-22T02:00:00-07:00,Brambley,12.61,12.61,12.14,97.0,1010.74,1018.22,0.0,0.0,3.91,246.0,WSW,0.0,0.0,0.0,69.34,5999.99,0.0,0.0
2026-09-22T09:05:00Z,2026-09-22T02:05:00-07:00,Brambley,12.61,12.61,12.14,97.0,1010.74,1018.22,0.0,0.0,3.91,246.0,WSW,0.0,0.0,0.0,69.34,5999.99,0.0,0.0
2026-09-22T09:10:00Z,2026-09-22T02:10:00-07:00,Brambley,12.61,12.61,12.14,97.0,1010.53,1018.02,0.0,0.0,3.91,246.0,WSW,0.0,0.0,0.0,69.34,5999.99,0.0,0.0
2026-09-22T09:15:00Z,2026-09-22T02:15:00-07:00,Brambley,12.5,12.5,12.04,97.0,1010.63,1018.12,0.0,0.0,3.91,246.0,WSW,0.0,0.0,0.0,69.34,5999.99,0.0,0.0
2026-09-22T09:20:00Z,2026-09-22T02:20:00-07:00,Brambley,12.5,12.5,12.04,97.0,1010.74,1018.22,0.0,0.0,3.91,246.0,WSW,0.0,0.0,0.0,69.34,5999.99,0.0,0.0
2026-09-22T09:25:00Z,2026-09-22T02:25:00-07:00,Brambley,12.5,12.5,12.04,97.0,1010.53,1018.02,0.0,0.0,3.91,246.0,WSW,0.0,0.0,0.0,69.34,5999.99,0.0,0.0
2026-09-22T09:30:00Z,2026-09-22T02:30:00-07:00,Brambley,12.39,12.39,11.93,97.0,1010.43,1017.91,0.0,0.0,3.91,246.0,WSW,0.0,0.0,0.0,69.34,5999.99,0.0,0.0
2026-09-22T09:35:00Z,2026-09-22T02:35:00-07:00,Brambley,12.39,12.39,11.93,97.0,1010.53,1018.02,0.0,0.0,3.91,246.0,WSW,0.0,0.0,0.0,69.34,5999.99,0.0,0.0
2026-09-22T09:40:00Z,2026-09-22T02:40:00-07:00,Brambley,12.39,12.39,11.93,97.0,1010.63,1018.12,0.0,0.0,3.91,246.0,WSW,0.0,0.0,0.0,69.34,5999.99,0.0,0.0
2026-09-22T09:45:00Z,2026-09-22T02:45:00-07:00,Brambley,12.22,12.22,11.76,97.0,1010.53,1018.02,0.0,0.0,3.91,245.0,WSW,0.0,0.0,0.0,69.34,5999.99,0.0,0.0
2026-09-22T09:50:00Z,2026-09-22T02:50:00-07:00,Brambley,12.11,12.11,11.81,98.0,1010.53,1018.02,0.0,0.0,3.91,245.0,WSW,0.0,0.0,0.0,69.34,5999.99,0.0,0.0
2026-09-22T09:55:00Z,2026-09-22T02:55:00-07:00,Brambley,12.11,12.11,11.81,98.0,1010.74,1018.22,0.0,0.0,3.91,245.0,WSW,0.0,0.0,0.0,69.34,5999.99,0.0,0.0
2026-09-22T10:00:00Z,2026-09-22T03:00:00-07:00,Brambley,12.11,12.11,11.81,98.0,1010.63,1018.12,0.0,0.0,3.91,245.0,WSW,0.0,0.0,0.0,69.34,5999.99,0.0,0.0
2026-09-22T10:05:00Z,2026-09-22T03:05:00-07:00,Brambley,12.11,12.11,11.81,98.0,1010.53,1018.02,0.0,0.0,3.91,245.0,WSW,0.0,0.0,0.0,69.34,5999.99,0.0,0.0
2026-09-22T10:10:00Z,2026-09-22T03:10:00-07:00,Brambley,11.89,11.89,11.58,98.0,1010.63,1018.12,0.0,0.0,3.91,245.0,WSW,0.0,0.0,0.0,69.34,5999.99,0.0,0.0
2026-09-22T10:15:00Z,2026-09-22T03:15:00-07:00,Brambley,11.89,11.89,11.58,98.0,1010.53,1018.02,0.0,0.0,3.91,245.0,WSW,0.0,0.0,0.0,69.34,5999.99,0.0,0.0
2026-09-22T10:20:00Z,2026-09-22T03:20:00-07:00,Brambley,11.78,11.78,11.47,98.0,1010.53,1018.02,0.0,0.0,3.91,246.0,WSW,0.0,0.0,0.0,69.34,5999.99,0.0,0.0
2026-09-22T10:25:00Z,2026-09-22T03:25:00-07:00,Brambley,11.72,11.72,11.42,98.0,1010.53,1018.02,0.0,0.0,3.91,246.0,WSW,0.0,0.0,0.0,69.34,5999.99,0.0,0.0
2026-09-22T10:30:00Z,2026-09-22T03:30:00-07:00,Brambley,11.61,11.61,11.31,98.0,1010.53,1018.02,0.0,0.0,3.91,246.0,WSW,0.0,0.0,0.0,69.34,5999.99,0.0,0.0
2026-09-22T10:35:00Z,2026-09-22T03:35:00-07:00,Brambley,11.61,11.61,11.31,98.0,1010.53,1018.02,0.0,0.0,3.91,246.0,WSW,0.0,0.0,0.0,69.34,5999.99,0.0,0.0
2026-09-22T10:40:00Z,2026-09-22T03:40:00-07:00,Brambley,11.5,11.5,11.19,98.0,1010.74,1018.22,0.0,0.0,3.91,246.0,WSW,0.0,0.0,0.0,69.34,5999.99,0.0,0.0
2026-09-22T10:45:00Z,2026-09-22T03:45:00-07:00,Brambley,11.0,11.0,10.69,98.0,1010.53,1018.02,0.0,0.0,3.91,246.0,WSW,0.0,0.0,0.0,69.34,5999.99,0.0,0.0
2026-09-22T10:50:00Z,2026-09-22T03:50:00-07:00,Brambley,10.89,10.89,10.58,98.0,1010.53,1018.02,0.0,0.0,3.91,246.0,WSW,0.0,0.0,0.0,69.34,5999.99,0.0,0.0
2026-09-22T10:55:00Z,2026-09-22T03:55:00-07:00,Brambley,10.78,10.78,10.47,98.0,1010.53,1018.02,0.0,0.0,3.91,246.0,WSW,0.0,0.0,0.0,69.34,5999.99,0.0,0.0
2026-09-22T11:00:00Z,2026-09-22T04:00:00-07:00,Brambley,10.72,10.72,10.42,98.0,1010.63,1018.12,0.0,0.0,3.91,246.0,WSW,0.0,0.0,0.0,69.34,5999.99,0.0,0.0
2026-09-22T11:05:00Z,2026-09-22T04:05:00-07:00,Brambley,10.72,10.72,10.42,98.0,1010.63,1018.12,0.0,0.0,3.91,246.0,WSW,0.0,0.0,0.0,69.34,5999.99,0.0,0.0
2026-09-22T11:10:00Z,2026-09-22T04:10:00-07:00,Brambley,10.5,10.5,10.19,98.0,1010.43,1017.91,0.0,0.0,3.91,246.0,WSW,0.0,0.0,0.0,69.34,5999.99,0.0,0.0
2026-09-22T11:15:00Z,2026-09-22T04:15:00-07:00,Brambley,10.39,10.39,10.09,98.0,1010.53,1018.02,0.0,0.0,3.91,246.0,WSW,0.0,0.0,0.0,69.34,5999.99,0.0,0.0
2026-09-22T11:20:00Z,2026-09-22T04:20:00-07:00,Brambley,10.39,10.39,10.09,98.0,1010.53,1018.02,0.0,0.0,3.91,246.0,WSW,0.0,0.0,0.0,69.34,5999.99,0.0,0.0
2026-09-22T11:25:00Z,2026-09-22T04:25:00-07:00,Brambley,10.5,10.5,10.19,98.0,1010.53,1018.02,0.0,0.0,3.91,246.0,WSW,0.0,0.0,0.0,69.34,5999.99,0.0,0.0
2026-09-22T11:30:00Z,2026-09-22T04:30:00-07:00,Brambley,10.5,10.5,10.19,98.0,1010.43,1017.91,0.0,0.0,3.91,246.0,WSW,0.0,0.0,0.0,69.34,5999.99,0.0,0.0
2026-09-22T11:35:00Z,2026-09-22T04:35:00-07:00,Brambley,10.5,10.5,10.19,98.0,1010.43,1017.91,0.0,0.0,3.91,246.0,WSW,0.0,0.0,0.0,69.34,5999.99,0.0,0.0
2026-09-22T11:40:00Z,2026-09-22T04:40:00-07:00,Brambley,10.5,10.5,10.19,98.0,1010.43,1017.91,0.0,0.0,3.91,246.0,WSW,0.0,0.0,0.0,69.34,5999.99,0.0,0.0
2026-09-22T11:45:00Z,2026-09-22T04:45:00-07:00,Brambley,10.39,10.39,10.09,98.0,1010.63,1018.12,0.0,0.0,3.91,246.0,WSW,0.0,0.0,0.0,69.34,5999.99,0.0,0.0
2026-09-22T11:50:00Z,2026-09-22T04:50:00-07:00,Brambley,10.28,10.28,9.98,98.0,1010.33,1017.81,0.0,0.0,3.91,246.0,WSW,0.0,0.0,0.0,69.34,5999.99,0.0,0.0
2026-09-22T11:55:00Z,2026-09-22T04:55:00-07:00,Brambley,10.22,10.22,10.07,99.0,1010.43,1017.91,0.0,0.0,3.91,246.0,WSW,0.0,0.0,0.0,69.34,5999.99,0.0,0.0
2026-09-22T12:00:00Z,2026-09-22T05:00:00-07:00,Brambley,10.39,10.39,10.24,99.0,1010.23,1017.71,0.0,0.0,3.91,246.0,WSW,0.0,0.0,0.0,69.34,5999.99,0.0,0.0
2026-09-22T12:05:00Z,2026-09-22T05:05:00-07:00,Brambley,10.28,10.28,10.13,99.0,1010.33,1017.81,0.0,0.0,3.91,246.0,WSW,0.0,0.0,0.0,69.34,5999.99,0.0,0.0
2026-09-22T12:10:00Z,2026-09-22T05:10:00-07:00,Brambley,10.0,10.0,9.85,99.0,1010.23,1017.71,0.0,0.0,3.91,246.0,WSW,0.0,0.0,0.0,69.34,5999.99,0.0,0.0
2026-09-22T12:15:00Z,2026-09-22T05:15:00-07:00,Brambley,9.89,9.89,9.74,99.0,1010.53,1018.02,0.0,0.0,3.91,246.0,WSW,0.0,0.0,0.0,69.34,5999.99,0.0,0.0
2026-09-22T12:20:00Z,2026-09-22T05:20:00-07:00,Brambley,9.78,9.78,9.63,99.0,1010.43,1017.91,0.0,0.0,3.91,246.0,WSW,0.0,0.0,0.0,69.34,5999.99,0.0,0.0
2026-09-22T12:25:00Z,2026-09-22T05:25:00-07:00,Brambley,10.0,10.0,9.85,99.0,1010.43,1017.91,0.0,0.0,3.91,246.0,WSW,0.0,0.0,0.0,69.34,5999.99,0.0,0.0
2026-09-22T12:30:00Z,2026-09-22T05:30:00-07:00,Brambley,9.89,9.89,9.74,99.0,1010.63,1018.12,0.0,0.0,3.91,246.0,WSW,0.0,0.0,0.0,69.34,5999.99,0.0,0.0
2026-09-22T12:35:00Z,2026-09-22T05:35:00-07:00,Brambley,9.78,9.78,9.63,99.0,1010.43,1017.91,0.0,0.0,3.91,246.0,WSW,0.0,0.0,0.0,69.34,5999.99,0.0,0.0
2026-09-22T12:40:00Z,2026-09-22T05:40:00-07:00,Brambley,9.72,9.72,9.57,99.0,1010.43,1017.91,0.0,0.0,3.91,246.0,WSW,0.0,0.0,0.0,69.34,5999.99,0.0,0.0
2026-09-22T12:45:00Z,2026-09-22T05:45:00-07:00,Brambley,10.72,10.72,10.57,99.0,1010.63,1018.12,0.0,0.0,3.91,246.0,WSW,0.0,0.0,0.0,69.34,5999.99,0.0,0.0
2026-09-22T12:50:00Z,2026-09-22T05:50:00-07:00,Brambley,10.39,10.39,10.24,99.0,1010.63,1018.12,0.0,0.0,3.91,246.0,WSW,0.0,0.0,0.0,69.34,5999.99,0.0,0.0
2026-09-22T12:55:00Z,2026-09-22T05:55:00-07:00,Brambley,10.72,10.72,10.57,99.0,1010.43,1017.91,0.0,0.0,3.91,246.0,WSW,0.0,0.0,0.0,69.34,5999.99,0.0,0.0
2026-09-22T13:00:00Z,2026-09-22T06:00:00-07:00,Brambley,10.22,10.22,10.07,99.0,1010.74,1018.22,0.0,0.0,3.91,246.0,WSW,0.0,0.0,0.0,69.34,5999.99,0.0,0.0
2026-09-22T13:05:00Z,2026-09-22T06:05:00-07:00,Brambley,10.39,10.39,10.24,99.0,1010.63,1018.12,0.0,0.0,3.91,246.0,WSW,0.0,0.0,0.0,69.34,5999.99,0.0,0.0
2026-09-22T13:10:00Z,2026-09-22T06:10:00-07:00,Brambley,10.78,10.78,10.63,99.0,1010.63,1018.12,0.0,0.0,3.91,246.0,WSW,0.0,0.0,0.0,69.34,5999.99,0.0,0.0
2026-09-22T13:15:00Z,2026-09-22T06:15:00-07:00,Brambley,10.22,10.22,10.07,99.0,1010.63,1018.12,0.0,0.0,3.91,246.0,WSW,0.0,0.0,0.0,69.34,5999.99,0.0,0.0
2026-09-22T13:20:00Z,2026-09-22T06:20:00-07:00,Brambley,10.39,10.39,10.24,99.0,1010.84,1018.32,0.0,0.0,3.91,246.0,WSW,0.0,0.0,0.0,69.34,5999.99,0.0,0.0
2026-09-22T13:25:00Z,2026-09-22T06:25:00-07:00,Brambley,10.72,10.72,10.57,99.0,1010.63,1018.12,0.0,0.0,3.91,246.0,WSW,0.0,0.0,0.0,69.34,5999.99,0.0,0.0
2026-09-22T13:30:00Z,2026-09-22T06:30:00-07:00,Brambley,10.5,10.5,10.35,99.0,1010.94,1018.42,0.0,0.0,3.91,246.0,WSW,0.0,0.0,0.0,69.34,5999.99,0.0,0.0
2026-09-22T13:35:00Z,2026-09-22T06:35:00-07:00,Brambley,10.5,10.5,10.35,99.0,1010.74,1018.22,0.0,0.0,3.91,246.0,WSW,0.0,0.0,0.0,69.34,5999.99,0.01,0.0
2026-09-22T13:40:00Z,2026-09-22T06:40:00-07:00,Brambley,11.0,11.0,10.85,99.0,1010.84,1018.32,0.0,0.0,3.91,246.0,WSW,0.0,0.0,0.0,69.34,5999.99,0.04,0.0
2026-09-22T13:45:00Z,2026-09-22T06:45:00-07:00,Brambley,10.22,10.22,10.07,99.0,1010.94,1018.42,0.0,0.0,3.91,246.0,WSW,0.0,0.0,0.0,69.34,5999.99,0.11,0.0
2026-09-22T13:50:00Z,2026-09-22T06:50:00-07:00,Brambley,9.61,9.61,9.46,99.0,1010.94,1018.42,0.0,0.0,3.91,246.0,WSW,0.0,0.0,0.0,69.34,5999.99,0.28,0.0
2026-09-22T13:55:00Z,2026-09-22T06:55:00-07:00,Brambley,9.89,9.89,9.74,99.0,1011.04,1018.52,0.0,0.0,3.91,246.0,WSW,0.0,0.0,0.0,69.34,5999.99,0.61,0.0
2026-09-22T14:00:00Z,2026-09-22T07:00:00-07:00,Brambley,9.89,9.89,9.74,99.0,1010.94,1018.42,0.0,0.0,3.91,246.0,WSW,0.0,0.0,0.0,69.34,5999.99,1.2,0.0
2026-09-22T14:05:00Z,2026-09-22T07:05:00-07:00,Brambley,10.11,10.11,9.96,99.0,1011.14,1018.63,0.0,0.0,3.91,246.0,WSW,0.0,0.0,0.0,69.34,5999.99,2.14,0.0
2026-09-22T14:10:00Z,2026-09-22T07:10:00-07:00,Brambley,10.0,10.0,9.85,99.0,1011.04,1018.52,0.0,0.0,3.91,246.0,WSW,0.0,0.0,0.0,69.34,5999.99,3.43,0.0
2026-09-22T14:15:00Z,2026-09-22T07:15:00-07:00,Brambley,10.28,10.28,10.13,99.0,1010.94,1018.42,0.0,0.0,3.91,246.0,WSW,0.0,0.0,0.0,69.34,5999.99,4.94,0.0
2026-09-22T14:20:00Z,2026-09-22T07:20:00-07:00,Brambley,9.78,9.78,9.63,99.0,1011.04,1018.52,0.0,0.0,3.91,246.0,WSW,0.0,0.0,0.0,69.34,5999.99,6.57,0.0
2026-09-22T14:25:00Z,2026-09-22T07:25:00-07:00,Brambley,9.61,9.61,9.46,99.0,1011.14,1018.63,0.0,0.0,3.91,246.0,WSW,0.0,0.0,0.0,69.34,5999.99,8.26,0.0
2026-09-22T14:30:00Z,2026-09-22T07:30:00-07:00,Brambley,9.72,9.72,9.57,99.0,1011.14,1018.63,0.0,0.0,3.91,246.0,WSW,0.0,0.0,0.0,69.34,5999.99,9.87,0.0
2026-09-22T14:35:00Z,2026-09-22T07:35:00-07:00,Brambley,9.61,9.61,9.46,99.0,1011.14,1018.63,0.0,0.0,3.91,246.0,WSW,0.0,0.0,0.0,69.34,5999.99,11.34,0.0
2026-09-22T14:40:00Z,2026-09-22T07:40:00-07:00,Brambley,9.5,9.5,9.35,99.0,1011.31,1018.83,0.0,0.0,3.91,246.0,WSW,0.0,0.0,0.0,69.34,5999.99,12.77,0.0
2026-09-22T14:45:00Z,2026-09-22T07:45:00-07:00,Brambley,9.5,9.5,9.35,99.0,1011.14,1018.63,0.0,0.0,3.91,246.0,WSW,0.0,0.0,0.0,69.34,5999.99,14.11,0.0
2026-09-22T14:50:00Z,2026-09-22T07:50:00-07:00,Brambley,9.39,9.39,9.24,99.0,1011.31,1018.83,0.0,0.0,3.91,246.0,WSW,0.0,0.0,0.0,69.34,5999.99,15.35,0.0
2026-09-22T14:55:00Z,2026-09-22T07:55:00-07:00,Brambley,9.39,9.39,9.24,99.0,1011.14,1018.63,0.0,0.0,3.91,246.0,WSW,0.0,0.0,0.0,69.34,5999.99,16.43,0.0
2026-09-22T15:00:00Z,2026-09-22T08:00:00-07:00,Brambley,9.5,9.5,9.35,99.0,1011.31,1018.83,0.0,0.0,3.91,246.0,WSW,0.0,0.0,0.0,69.34,5999.99,17.51,0.0
2026-09-22T15:05:00Z,2026-09-22T08:05:00-07:00,Brambley,9.61,9.61,9.46,99.0,1011.31,1018.83,0.0,0.0,3.91,246.0,WSW,0.0,0.0,0.0,69.34,5999.99,18.5,0.0
2026-09-22T15:10:00Z,2026-09-22T08:10:00-07:00,Brambley,9.72,9.72,9.57,99.0,1011.62,1019.13,0.0,0.0,3.91,246.0,WSW,0.0,0.0,0.0,69.34,5999.99,19.41,0.0
2026-09-22T15:15:00Z,2026-09-22T08:15:00-07:00,Brambley,9.89,9.89,9.74,99.0,1011.62,1019.13,0.0,0.0,3.91,246.0,WSW,0.0,0.0,0.0,69.34,5999.99,20.16,0.0
2026-09-22T15:20:00Z,2026-09-22T08:20:00-07:00,Brambley,10.28,10.28,10.13,99.0,1011.62,1019.13,0.0,0.0,3.91,246.0,WSW,0.0,0.0,0.0,69.34,5999.99,20.99,0.0
2026-09-22T15:25:00Z,2026-09-22T08:25:00-07:00,Brambley,10.22,10.22,10.07,99.0,1011.62,1019.13,0.0,0.0,3.91,246.0,WSW,0.0,0.0,0.0,69.34,5999.99,21.75,0.0
2026-09-22T15:30:00Z,2026-09-22T08:30:00-07:00,Brambley,10.22,10.22,10.07,99.0,1011.51,1019.03,0.0,0.0,3.91,246.0,WSW,0.0,0.0,0.0,69.34,5999.99,22.46,0.0
2026-09-22T15:35:00Z,2026-09-22T08:35:00-07:00,Brambley,10.72,10.72,10.57,99.0,1011.72,1019.24,0.0,0.0,3.91,246.0,WSW,0.0,0.0,0.0,69.34,5999.99,23.06,0.0
2026-09-22T15:40:00Z,2026-09-22T08:40:00-07:00,Brambley,10.89,10.89,10.74,99.0,1011.72,1019.24,0.0,0.0,3.91,246.0,WSW,0.0,0.0,0.0,69.34,5999.99,23.76,0.0
2026-09-22T15:45:00Z,2026-09-22T08:45:00-07:00,Brambley,11.0,11.0,10.85,99.0,1011.82,1019.34,0.0,0.0,3.91,246.0,WSW,0.0,0.0,0.0,69.34,5999.99,24.59,0.0
2026-09-22T15:50:00Z,2026-09-22T08:50:00-07:00,Brambley,11.11,11.11,10.96,99.0,1011.82,1019.34,0.0,0.0,3.91,246.0,WSW,0.0,0.0,0.0,69.34,5999.99,25.25,0.0
2026-09-22T15:55:00Z,2026-09-22T08:55:00-07:00,Brambley,11.39,11.39,11.24,99.0,1011.72,1019.24,0.0,0.0,3.91,246.0,WSW,0.0,0.0,0.0,69.34,5999.99,25.97,0.0
2026-09-22T16:00:00Z,2026-09-22T09:00:00-07:00,Brambley,11.72,11.72,11.57,99.0,1011.82,1019.34,0.0,0.0,3.91,246.0,WSW,0.0,0.0,0.0,69.34,5999.99,27.0,0.0
2026-09-22T16:05:00Z,2026-09-22T09:05:00-07:00,Brambley,11.89,11.89,11.74,99.0,1011.72,1019.24,0.0,0.0,3.91,246.0,WSW,0.0,0.0,0.0,69.34,5999.99,31.73,0.0
2026-09-22T16:10:00Z,2026-09-22T09:10:00-07:00,Brambley,12.0,12.0,11.85,99.0,1011.72,1019.24,0.0,0.0,3.91,246.0,WSW,0.0,0.0,0.0,69.34,5999.99,29.61,0.0
2026-09-22T16:15:00Z,2026-09-22T09:15:00-07:00,Brambley,12.11,12.11,11.96,99.0,1011.72,1019.24,0.0,0.0,3.91,246.0,WSW,0.0,0.0,0.0,69.34,5999.99,29.16,0.0
2026-09-22T16:20:00Z,2026-09-22T09:20:00-07:00,Brambley,12.22,12.22,12.07,99.0,1012.02,1019.54,0.0,0.0,3.91,246.0,WSW,0.0,0.0,0.0,69.34,5999.99,30.77,0.0
2026-09-22T16:25:00Z,2026-09-22T09:25:00-07:00,Brambley,12.39,12.39,12.23,99.0,1011.72,1019.24,0.0,0.0,3.91,246.0,WSW,0.0,0.0,0.0,69.34,5999.99,31.72,0.0
2026-09-22T16:30:00Z,2026-09-22T09:30:00-07:00,Brambley,12.5,12.5,12.34,99.0,1011.72,1019.24,0.0,0.0,3.91,246.0,WSW,0.0,0.0,0.0,69.34,5999.99,57.97,0.0
2026-09-22T16:35:00Z,2026-09-22T09:35:00-07:00,Brambley,12.5,12.5,12.34,99.0,1011.62,1019.13,0.0,0.0,3.91,244.0,WSW,0.0,0.0,0.0,69.34,5999.99,37.07,0.0
2026-09-22T16:40:00Z,2026-09-22T09:40:00-07:00,Brambley,12.61,12.61,12.46,99.0,1011.72,1019.24,0.0,0.0,3.91,243.0,WSW,0.0,0.0,0.0,69.34,5999.99,35.97,0.0
2026-09-22T16:45:00Z,2026-09-22T09:45:00-07:00,Brambley,12.72,12.72,12.57,99.0,1011.92,1019.44,0.0,0.0,3.91,243.0,WSW,0.0,0.0,0.0,69.34,5999.99,34.64,0.0
2026-09-22T16:50:00Z,2026-09-22T09:50:00-07:00,Brambley,12.78,12.78,12.62,99.0,1011.82,1019.34,0.0,0.0,3.91,243.0,WSW,0.0,0.0,0.0,69.34,5999.99,35.69,0.0
2026-09-22T16:55:00Z,2026-09-22T09:55:00-07:00,Brambley,12.89,12.89,12.73,99.0,1011.82,1019.34,0.0,0.0,3.91,243.0,WSW,0.0,0.0,0.0,69.34,5999.99,46.05,0.0
2026-09-22T17:00:00Z,2026-09-22T10:00:00-07:00,Brambley,13.11,13.11,12.96,99.0,1012.02,1019.54,0.0,0.0,3.91,241.0,WSW,0.0,0.0,0.0,69.34,5999.99,133.36,1.0
2026-09-22T17:05:00Z,2026-09-22T10:05:00-07:00,Brambley,13.28,13.28,13.12,99.0,1011.92,1019.44,0.0,0.0,3.91,240.0,WSW,0.0,0.0,0.0,69.34,5999.99,177.32,1.0
2026-09-22T17:10:00Z,2026-09-22T10:10:00-07:00,Brambley,13.39,13.39,13.23,99.0,1011.82,1019.34,0.0,0.0,3.91,248.0,WSW,0.0,0.0,0.0,69.34,5999.99,273.16,2.0
2026-09-22T17:15:00Z,2026-09-22T10:15:00-07:00,Brambley,13.5,13.5,13.34,99.0,1011.92,1019.44,0.0,0.0,3.91,250.0,WSW,0.0,0.0,0.0,69.34,5999.99,315.18,3.0
2026-09-22T17:20:00Z,2026-09-22T10:20:00-07:00,Brambley,13.5,13.5,13.34,99.0,1012.02,1019.54,0.0,0.0,3.91,238.0,WSW,0.0,0.0,0.0,69.34,5999.99,337.51,3.0
2026-09-22T17:25:00Z,2026-09-22T10:25:00-07:00,Brambley,14.0,14.0,13.84,99.0,1012.23,1019.74,0.0,0.0,3.91,248.0,WSW,0.0,0.0,0.0,69.34,5999.99,266.93,2.0
2026-09-22T17:30:00Z,2026-09-22T10:30:00-07:00,Brambley,13.89,13.89,13.58,98.0,1011.82,1019.34,0.78,0.96,3.91,240.0,WSW,0.0,0.0,0.0,69.34,5999.99,395.61,3.0
2026-09-22T17:35:00Z,2026-09-22T10:35:00-07:00,Brambley,13.89,13.89,13.42,97.0,1012.02,1019.54,0.61,0.96,3.91,241.0,WSW,0.0,0.0,0.0,69.34,5999.99,267.7,2.0
2026-09-22T17:40:00Z,2026-09-22T10:40:00-07:00,Brambley,13.89,13.89,13.42,97.0,1012.23,1019.74,1.56,1.91,5.04,225.0,SW,0.0,0.0,0.0,69.34,5999.99,162.86,1.0
2026-09-22T17:45:00Z,2026-09-22T10:45:00-07:00,Brambley,14.11,14.11,13.48,96.0,1012.23,1019.74,0.78,0.96,5.04,234.0,SW,0.0,0.0,0.0,69.34,5999.99,174.59,1.0
2026-09-22T17:50:00Z,2026-09-22T10:50:00-07:00,Brambley,13.89,13.89,13.1,95.0,1012.23,1019.74,2.52,2.95,5.04,241.0,WSW,0.0,0.0,0.0,69.34,5999.99,216.67,2.0
2026-09-22T17:55:00Z,2026-09-22T10:55:00-07:00,Brambley,14.0,14.0,13.05,94.0,1012.23,1019.74,3.48,5.04,6.0,234.0,SW,0.0,0.0,0.0,69.34,5999.99,114.02,1.0
2026-09-22T18:00:00Z,2026-09-22T11:00:00-07:00,Brambley,14.39,14.39,13.27,93.0,1012.23,1019.74,2.95,2.95,6.0,249.0,WSW,0.0,0.0,0.0,69.34,5999.99,193.49,1.0
2026-09-22T18:05:00Z,2026-09-22T11:05:00-07:00,Brambley,14.5,14.5,13.22,92.0,1012.33,1019.81,3.48,3.91,6.0,220.0,SW,0.0,0.0,0.0,69.34,5999.99,81.91,0.0
2026-09-22T18:10:00Z,2026-09-22T11:10:00-07:00,Brambley,14.72,14.72,13.27,91.0,1012.23,1019.74,2.52,2.95,6.0,229.0,SW,0.0,0.0,0.0,69.34,5999.99,212.8,2.0
2026-09-22T18:15:00Z,2026-09-22T11:15:00-07:00,Brambley,14.78,14.78,13.15,90.0,1012.33,1019.81,3.74,6.0,6.0,220.0,SW,0.0,0.0,0.0,69.34,5999.99,134.99,1.0
2026-09-22T18:20:00Z,2026-09-22T11:20:00-07:00,Brambley,15.11,15.11,13.31,89.0,1012.33,1019.81,0.78,0.96,6.0,259.0,W,0.0,0.0,0.0,69.34,5999.99,224.49,2.0
2026-09-22T18:25:00Z,2026-09-22T11:25:00-07:00,Brambley,15.39,15.39,13.41,88.0,1012.53,1020.01,1.13,1.91,6.0,240.0,WSW,0.0,0.0,0.0,69.34,5999.99,73.73,0.0
2026-09-22T18:30:00Z,2026-09-22T11:30:00-07:00,Brambley,15.39,15.39,13.41,88.0,1012.53,1020.01,1.56,1.91,6.0,241.0,WSW,0.0,0.0,0.0,69.34,5999.99,202.57,1.0
2026-09-22T18:35:00Z,2026-09-22T11:35:00-07:00,Brambley,15.89,15.89,13.73,87.0,1012.43,1019.91,2.17,2.95,6.0,249.0,WSW,0.0,0.0,0.0,69.34,5999.99,136.6,1.0
2026-09-22T18:40:00Z,2026-09-22T11:40:00-07:00,Brambley,16.22,16.22,13.88,86.0,1012.23,1019.74,3.48,5.04,7.04,246.0,WSW,0.0,0.0,0.0,69.34,5999.99,77.23,0.0
2026-09-22T18:45:00Z,2026-09-22T11:45:00-07:00,Brambley,16.22,16.22,13.51,84.0,1012.43,1019.91,6.43,7.99,7.99,242.0,WSW,0.0,0.0,0.0,69.34,5999.99,57.38,0.0
2026-09-22T18:50:00Z,2026-09-22T11:50:00-07:00,Brambley,16.39,16.39,13.49,83.0,1012.43,1019.91,4.26,5.04,7.99,253.0,WSW,0.0,0.0,0.0,69.34,5999.99,56.57,0.0
2026-09-22T18:55:00Z,2026-09-22T11:55:00-07:00,Brambley,16.5,16.5,13.6,83.0,1012.33,1019.81,5.04,7.04,8.95,215.0,SW,0.0,0.0,0.0,69.34,5999.99,248.96,2.0
2026-09-22T19:00:00Z,2026-09-22T12:00:00-07:00,Brambley,16.5,16.5,13.42,82.0,1012.23,1019.74,5.21,6.0,8.95,242.0,WSW,0.0,0.0,0.0,69.34,5999.99,70.18,0.0
2026-09-22T19:05:00Z,2026-09-22T12:05:00-07:00,Brambley,16.5,16.5,13.42,82.0,1012.12,1019.64,4.69,5.04,8.95,239.0,WSW,0.0,0.0,0.0,69.34,5999.99,84.69,0.0
2026-09-22T19:10:00Z,2026-09-22T12:10:00-07:00,Brambley,16.61,16.61,13.52,82.0,1012.33,1019.81,3.13,3.91,8.95,241.0,WSW,0.0,0.0,0.0,69.34,5999.99,94.21,0.0
2026-09-22T19:15:00Z,2026-09-22T12:15:00-07:00,Brambley,16.72,16.72,13.63,82.0,1012.53,1020.01,3.91,5.04,8.95,240.0,WSW,0.0,0.0,0.0,69.34,5999.99,130.9,1.0
2026-09-22T19:20:00Z,2026-09-22T12:20:00-07:00,Brambley,16.78,16.78,13.68,82.0,1012.33,1019.81,3.48,5.04,8.95,229.0,SW,0.0,0.0,0.0,69.34,5999.99,99.53,0.0
2026-09-22T19:25:00Z,2026-09-22T12:25:00-07:00,Brambley,16.78,16.78,13.68,82.0,1012.33,1019.81,4.08,6.0,8.95,258.0,WSW,0.0,0.0,0.0,69.34,5999.99,389.68,3.0
2026-09-22T19:30:00Z,2026-09-22T12:30:00-07:00,Brambley,16.89,16.89,13.79,82.0,1012.12,1019.64,3.91,5.04,8.95,231.0,SW,0.0,0.0,0.0,69.34,5999.99,215.62,2.0
2026-09-22T19:35:00Z,2026-09-22T12:35:00-07:00,Brambley,16.78,16.78,13.68,82.0,1012.12,1019.64,2.52,2.95,8.95,241.0,WSW,0.0,0.0,0.0,69.34,5999.99,114.48,1.0
2026-09-22T19:40:00Z,2026-09-22T12:40:00-07:00,Brambley,16.78,16.78,13.68,82.0,1011.92,1019.44,3.74,3.91,8.95,241.0,WSW,0.0,0.0,0.0,69.34,5999.99,178.09,1.0
2026-09-22T19:45:00Z,2026-09-22T12:45:00-07:00,Brambley,16.89,16.89,13.61,81.0,1012.12,1019.64,3.74,5.04,8.95,244.0,WSW,0.0,0.0,0.0,69.34,5999.99,432.55,4.0
2026-09-22T19:50:00Z,2026-09-22T12:50:00-07:00,Brambley,16.89,16.89,13.61,81.0,1012.02,1019.54,2.17,2.95,8.95,258.0,WSW,0.0,0.0,0.0,69.34,5999.99,514.5,5.0
2026-09-22T19:55:00Z,2026-09-22T12:55:00-07:00,Brambley,17.0,17.0,13.71,81.0,1012.33,1019.81,3.91,5.04,8.95,237.0,WSW,0.0,0.0,0.0,69.34,5999.99,517.32,5.0
2026-09-22T20:00:00Z,2026-09-22T13:00:00-07:00,Brambley,16.89,16.89,13.61,81.0,1012.33,1019.81,3.91,5.04,8.95,247.0,WSW,0.0,0.0,0.0,69.34,5999.99,516.36,5.0
2026-09-22T20:05:00Z,2026-09-22T13:05:00-07:00,Brambley,17.0,17.0,13.52,80.0,1012.53,1020.01,5.21,6.0,8.95,227.0,SW,0.0,0.0,0.0,69.34,5999.99,514.72,5.0
2026-09-22T20:10:00Z,2026-09-22T13:10:00-07:00,Brambley,17.11,17.11,13.63,80.0,1012.33,1019.81,4.87,6.0,8.95,262.0,W,0.0,0.0,0.0,69.34,5999.99,514.49,5.0
2026-09-22T20:15:00Z,2026-09-22T13:15:00-07:00,Brambley,17.22,17.22,13.74,80.0,1012.33,1019.81,4.43,6.0,8.95,233.0,SW,0.0,0.0,0.0,69.34,5999.99,512.99,4.0
2026-09-22T20:20:00Z,2026-09-22T13:20:00-07:00,Brambley,17.28,17.28,13.79,80.0,1012.12,1019.64,4.26,5.04,8.95,245.0,WSW,0.0,0.0,0.0,69.34,5999.99,512.49,4.0
2026-09-22T20:25:00Z,2026-09-22T13:25:00-07:00,Brambley,17.22,17.22,13.74,80.0,1012.02,1019.54,5.21,6.0,8.95,235.0,SW,0.0,0.0,0.0,69.34,5999.99,511.59,4.0
2026-09-22T20:30:00Z,2026-09-22T13:30:00-07:00,Brambley,17.11,17.11,13.63,80.0,1012.23,1019.74,5.65,7.04,8.95,240.0,WSW,0.0,0.0,0.0,69.34,5999.99,509.43,4.0
2026-09-22T20:35:00Z,2026-09-22T13:35:00-07:00,Brambley,17.22,17.22,13.74,80.0,1012.12,1019.64,3.13,3.91,8.95,225.0,SW,0.0,0.0,0.0,69.34,5999.99,507.32,4.0
2026-09-22T20:40:00Z,2026-09-22T13:40:00-07:00,Brambley,17.11,17.11,13.63,80.0,1012.23,1019.74,5.21,7.04,8.95,225.0,SW,0.0,0.0,0.0,69.34,5999.99,505.1,4.0
2026-09-22T20:45:00Z,2026-09-22T13:45:00-07:00,Brambley,17.0,17.0,13.33,79.0,1011.92,1019.44,5.04,7.04,9.91,222.0,SW,0.0,0.0,0.0,69.34,5999.99,501.57,4.0
2026-09-22T20:50:00Z,2026-09-22T13:50:00-07:00,Brambley,17.28,17.28,13.6,79.0,1012.12,1019.64,5.65,7.99,9.91,237.0,WSW,0.0,0.0,0.0,69.34,5999.99,497.42,4.0
2026-09-22T20:55:00Z,2026-09-22T13:55:00-07:00,Brambley,17.11,17.11,13.63,80.0,1012.23,1019.74,4.69,6.0,9.91,245.0,WSW,0.0,0.0,0.0,69.34,5999.99,493.35,4.0
2026-09-22T21:00:00Z,2026-09-22T14:00:00-07:00,Brambley,16.89,16.89,13.61,81.0,1012.12,1019.64,3.91,5.04,9.91,236.0,SW,0.0,0.0,0.0,69.34,5999.99,489.22,4.0
2026-09-22T21:05:00Z,2026-09-22T14:05:00-07:00,Brambley,17.22,17.22,13.74,80.0,1012.12,1019.64,4.26,6.0,9.91,225.0,SW,0.0,0.0,0.0,69.34,5999.99,483.17,4.0
2026-09-22T21:10:00Z,2026-09-22T14:10:00-07:00,Brambley,17.28,17.28,13.79,80.0,1012.12,1019.64,5.21,7.04,9.91,249.0,WSW,0.0,0.0,0.0,69.34,5999.99,478.17,4.0
2026-09-22T21:15:00Z,2026-09-22T14:15:00-07:00,Brambley,17.39,17.39,13.9,80.0,1012.33,1019.81,5.21,7.04,9.91,254.0,WSW,0.0,0.0,0.0,69.34,5999.99,474.65,4.0
2026-09-22T21:20:00Z,2026-09-22T14:20:00-07:00,Brambley,17.22,17.22,13.74,80.0,1012.02,1019.54,2.52,3.91,9.91,241.0,WSW,0.0,0.0,0.0,69.34,5999.99,467.28,4.0
2026-09-22T21:25:00Z,2026-09-22T14:25:00-07:00,Brambley,17.5,17.5,14.01,80.0,1012.33,1019.81,6.0,7.04,9.91,235.0,SW,0.0,0.0,0.0,69.34,5999.99,461.38,4.0
2026-09-22T21:30:00Z,2026-09-22T14:30:00-07:00,Brambley,17.0,17.0,13.52,80.0,1012.12,1019.64,5.65,7.99,9.91,247.0,WSW,0.0,0.0,0.0,69.34,5999.99,454.91,4.0
2026-09-22T21:35:00Z,2026-09-22T14:35:00-07:00,Brambley,17.22,17.22,13.54,79.0,1012.23,1019.74,6.26,7.04,9.91,210.0,SSW,0.0,0.0,0.0,69.34,5999.99,446.8,4.0
2026-09-22T21:40:00Z,2026-09-22T14:40:00-07:00,Brambley,17.22,17.22,13.54,79.0,1012.23,1019.74,5.65,7.04,9.91,226.0,SW,0.0,0.0,0.0,69.34,5999.99,439.3,4.0
2026-09-22T21:45:00Z,2026-09-22T14:45:00-07:00,Brambley,17.39,17.39,13.31,77.0,1012.02,1019.54,5.47,7.04,10.86,227.0,SW,0.0,0.0,0.0,69.34,5999.99,432.58,4.0
2026-09-22T21:50:00Z,2026-09-22T14:50:00-07:00,Brambley,17.28,17.28,13.01,76.0,1011.92,1019.44,6.0,7.04,10.86,243.0,WSW,0.0,0.0,0.0,69.34,5999.99,425.15,4.0
2026-09-22T21:55:00Z,2026-09-22T14:55:00-07:00,Brambley,17.28,17.28,13.21,77.0,1012.02,1019.54,4.08,5.04,10.86,230.0,SW,0.0,0.0,0.0,69.34,5999.99,416.24,4.0
2026-09-22T22:00:00Z,2026-09-22T15:00:00-07:00,Brambley,17.28,17.28,13.21,77.0,1011.92,1019.44,4.87,6.0,10.86,225.0,SW,0.0,0.0,0.0,69.34,5999.99,408.77,3.0
2026-09-22T22:05:00Z,2026-09-22T15:05:00-07:00,Brambley,17.5,17.5,13.42,77.0,1012.12,1019.64,3.48,5.04,10.86,239.0,WSW,0.0,0.0,0.0,69.34,5999.99,398.43,3.0
2026-09-22T22:10:00Z,2026-09-22T15:10:00-07:00,Brambley,18.0,18.0,13.91,77.0,1012.23,1019.74,4.08,6.0,10.86,243.0,WSW,0.0,0.0,0.0,69.34,5999.99,394.64,3.0
2026-09-22T22:15:00Z,2026-09-22T15:15:00-07:00,Brambley,17.78,17.78,13.69,77.0,1012.12,1019.64,5.04,6.0,10.86,219.0,SW,0.0,0.0,0.0,69.34,5999.99,280.21,2.0
2026-09-22T22:20:00Z,2026-09-22T15:20:00-07:00,Brambley,17.5,17.5,13.62,78.0,1011.62,1019.13,3.3,3.91,10.86,256.0,WSW,0.0,0.0,0.0,69.34,5999.99,278.48,2.0
2026-09-22T22:25:00Z,2026-09-22T15:25:00-07:00,Brambley,17.39,17.39,13.71,79.0,1011.92,1019.44,2.52,3.91,10.86,241.0,WSW,0.0,0.0,0.0,69.34,5999.99,137.04,1.0
2026-09-22T22:30:00Z,2026-09-22T15:30:00-07:00,Brambley,17.89,17.89,14.58,81.0,1011.92,1019.44,0.96,1.91,10.86,252.0,WSW,0.0,0.0,0.0,69.34,5999.99,355.68,3.0
2026-09-22T22:35:00Z,2026-09-22T15:35:00-07:00,Brambley,18.0,18.0,14.88,82.0,1012.02,1019.54,1.91,2.95,10.86,222.0,SW,0.0,0.0,0.0,69.34,5999.99,210.88,2.0
2026-09-22T22:40:00Z,2026-09-22T15:40:00-07:00,Brambley,17.78,17.78,14.66,82.0,1011.82,1019.34,1.91,2.95,10.86,236.0,SW,0.0,0.0,0.0,69.34,5999.99,290.66,2.0
2026-09-22T22:45:00Z,2026-09-22T15:45:00-07:00,Brambley,17.61,17.61,14.5,82.0,1011.82,1019.34,5.65,7.04,10.86,224.0,SW,0.0,0.0,0.0,69.34,5999.99,334.02,3.0
2026-09-22T22:50:00Z,2026-09-22T15:50:00-07:00,Brambley,17.28,17.28,14.36,83.0,1011.72,1019.24,2.52,3.91,10.86,247.0,WSW,0.0,0.0,0.0,69.34,5999.99,326.55,3.0
2026-09-22T22:55:00Z,2026-09-22T15:55:00-07:00,Brambley,17.39,17.39,14.47,83.0,1012.12,1019.64,2.17,2.95,10.86,233.0,SW,0.0,0.0,0.0,69.34,5999.99,115.96,1.0
2026-09-22T23:00:00Z,2026-09-22T16:00:00-07:00,Brambley,17.11,17.11,14.38,84.0,1012.02,1019.54,0.0,0.0,10.86,258.0,WSW,0.0,0.0,0.0,69.34,5999.99,134.19,1.0
2026-09-22T23:05:00Z,2026-09-22T16:05:00-07:00,Brambley,17.11,17.11,14.57,85.0,1012.12,1019.64,0.0,0.0,10.86,249.0,WSW,0.0,0.0,0.0,69.34,5999.99,388.26,3.0
2026-09-22T23:10:00Z,2026-09-22T16:10:00-07:00,Brambley,17.89,17.89,14.96,83.0,1012.23,1019.74,2.35,2.95,10.86,244.0,WSW,0.0,0.0,0.0,69.34,5999.99,343.93,3.0
2026-09-22T23:15:00Z,2026-09-22T16:15:00-07:00,Brambley,17.72,17.72,14.79,83.0,1012.23,1019.74,3.74,5.04,10.86,263.0,W,0.0,0.0,0.0,69.34,5999.99,291.64,2.0
2026-09-22T23:20:00Z,2026-09-22T16:20:00-07:00,Brambley,17.78,17.78,14.85,83.0,1012.02,1019.54,3.74,3.91,10.86,238.0,WSW,0.0,0.0,0.0,69.34,5999.99,87.4,0.0
2026-09-22T23:25:00Z,2026-09-22T16:25:00-07:00,Brambley,17.22,17.22,14.49,84.0,1011.92,1019.44,3.74,3.91,10.86,237.0,WSW,0.0,0.0,0.0,69.34,5999.99,310.18,3.0
2026-09-22T23:30:00Z,2026-09-22T16:30:00-07:00,Brambley,17.61,17.61,14.87,84.0,1012.02,1019.54,1.13,1.91,10.86,235.0,SW,0.0,0.0,0.0,69.34,5999.99,116.1,1.0
2026-09-22T23:35:00Z,2026-09-22T16:35:00-07:00,Brambley,17.39,17.39,14.66,84.0,1012.12,1019.64,4.26,5.04,10.86,254.0,WSW,0.0,0.0,0.0,69.34,5999.99,83.06,0.0
2026-09-22T23:40:00Z,2026-09-22T16:40:00-07:00,Brambley,17.11,17.11,14.2,83.0,1011.92,1019.44,1.91,2.95,10.86,251.0,WSW,0.0,0.0,0.0,69.34,5999.99,211.93,2.0
2026-09-22T23:45:00Z,2026-09-22T16:45:00-07:00,Brambley,17.22,17.22,13.93,81.0,1011.82,1019.34,2.17,2.95,10.86,247.0,WSW,0.0,0.0,0.0,69.34,5999.99,204.63,1.0
2026-09-22T23:50:00Z,2026-09-22T16:50:00-07:00,Brambley,17.72,17.72,14.22,80.0,1011.92,1019.44,3.74,5.04,10.86,224.0,SW,0.0,0.0,0.0,69.34,5999.99,158.82,1.0
2026-09-22T23:55:00Z,2026-09-22T16:55:00-07:00,Brambley,17.78,17.78,14.08,79.0,1011.72,1019.24,3.3,3.91,10.86,250.0,WSW,0.0,0.0,0.0,69.34,5999.99,147.99,1.0
2026-09-23T00:00:00Z,2026-09-22T17:00:00-07:00,Brambley,17.78,17.78,14.08,79.0,1011.92,1019.44,1.91,2.95,10.86,193.0,SSW,0.0,0.0,0.0,69.34,5999.99,128.32,1.0
2026-09-23T00:05:00Z,2026-09-22T17:05:00-07:00,Brambley,17.89,17.89,13.99,78.0,1011.92,1019.44,5.21,6.0,10.86,239.0,WSW,0.0,0.0,0.0,69.34,5999.99,102.12,0.0
2026-09-23T00:10:00Z,2026-09-22T17:10:00-07:00,Brambley,17.61,17.61,13.73,78.0,1011.82,1019.34,5.47,7.04,10.86,230.0,SW,0.0,0.0,0.0,69.34,5999.99,97.9,0.0
2026-09-23T00:15:00Z,2026-09-22T17:15:00-07:00,Brambley,17.61,17.61,13.73,78.0,1012.02,1019.54,2.95,2.95,10.86,243.0,WSW,0.0,0.0,0.0,69.34,5999.99,93.91,0.0
2026-09-23T00:20:00Z,2026-09-22T17:20:00-07:00,Brambley,17.89,17.89,13.79,77.0,1011.82,1019.34,4.87,6.0,10.86,250.0,WSW,0.0,0.0,0.0,69.34,5999.99,64.81,0.0
2026-09-23T00:25:00Z,2026-09-22T17:25:00-07:00,Brambley,17.61,17.61,13.73,78.0,1011.82,1019.34,3.48,5.04,10.86,248.0,WSW,0.0,0.0,0.0,69.34,5999.99,58.06,0.0
2026-09-23T00:30:00Z,2026-09-22T17:30:00-07:00,Brambley,17.28,17.28,13.6,79.0,1011.62,1019.13,3.74,5.04,10.86,227.0,SW,0.0,0.0,0.0,69.34,5999.99,61.29,0.0
2026-09-23T00:35:00Z,2026-09-22T17:35:00-07:00,Brambley,17.28,17.28,13.79,80.0,1011.72,1019.24,3.3,3.91,10.86,262.0,W,0.0,0.0,0.0,69.34,5999.99,51.07,0.0
2026-09-23T00:40:00Z,2026-09-22T17:40:00-07:00,Brambley,17.0,17.0,13.71,81.0,1011.82,1019.34,3.13,3.91,10.86,224.0,SW,0.0,0.0,0.0,69.34,5999.99,51.54,0.0
2026-09-23T00:45:00Z,2026-09-22T17:45:00-07:00,Brambley,17.0,17.0,13.71,81.0,1011.92,1019.44,1.56,2.95,10.86,240.0,WSW,0.0,0.0,0.0,69.34,5999.99,52.42,0.0
2026-09-23T00:50:00Z,2026-09-22T17:50:00-07:00,Brambley,17.22,17.22,13.93,81.0,1011.72,1019.24,2.69,3.91,10.86,254.0,WSW,0.0,0.0,0.0,69.34,5999.99,57.97,0.0
2026-09-23T00:55:00Z,2026-09-22T17:55:00-07:00,Brambley,17.0,17.0,13.71,81.0,1011.82,1019.34,3.91,5.04,10.86,212.0,SSW,0.0,0.0,0.0,69.34,5999.99,46.96,0.0
2026-09-23T01:00:00Z,2026-09-22T18:00:00-07:00,Brambley,17.22,17.22,14.12,82.0,1011.82,1019.34,1.39,1.91,10.86,235.0,SW,0.0,0.0,0.0,69.34,5999.99,71.74,0.0
2026-09-23T01:05:00Z,2026-09-22T18:05:00-07:00,Brambley,17.39,17.39,14.28,82.0,1011.92,1019.44,3.3,3.91,10.86,254.0,WSW,0.0,0.0,0.0,69.34,5999.99,51.07,0.0
2026-09-23T01:10:00Z,2026-09-22T18:10:00-07:00,Brambley,17.11,17.11,14.01,82.0,1011.82,1019.34,2.95,3.91,10.86,253.0,WSW,0.0,0.0,0.0,69.34,5999.99,37.18,0.0
2026-09-23T01:15:00Z,2026-09-22T18:15:00-07:00,Brambley,17.11,17.11,14.2,83.0,1011.82,1019.34,2.35,2.95,10.86,239.0,WSW,0.0,0.0,0.0,69.34,5999.99,34.66,0.0
2026-09-23T01:20:00Z,2026-09-22T18:20:00-07:00,Brambley,17.11,17.11,14.2,83.0,1011.72,1019.24,0.96,0.96,10.86,246.0,WSW,0.0,0.0,0.0,69.34,5999.99,33.5,0.0
2026-09-23T01:25:00Z,2026-09-22T18:25:00-07:00,Brambley,17.0,17.0,13.9,82.0,1011.72,1019.24,2.17,3.91,10.86,260.0,W,0.0,0.0,0.0,69.34,5999.99,25.51,0.0
2026-09-23T01:30:00Z,2026-09-22T18:30:00-07:00,Brambley,16.72,16.72,13.82,83.0,1011.41,1018.93,1.91,1.91,10.86,240.0,WSW,0.0,0.0,0.0,69.34,5999.99,23.74,0.0
2026-09-23T01:35:00Z,2026-09-22T18:35:00-07:00,Brambley,16.72,16.72,13.82,83.0,1011.62,1019.13,2.69,3.91,10.86,248.0,WSW,0.0,0.0,0.0,69.34,5999.99,21.37,0.0
2026-09-23T01:40:00Z,2026-09-22T18:40:00-07:00,Brambley,16.5,16.5,13.6,83.0,1011.72,1019.24,1.91,2.95,10.86,250.0,WSW,0.0,0.0,0.0,69.34,5999.99,17.63,0.0
2026-09-23T01:45:00Z,2026-09-22T18:45:00-07:00,Brambley,16.28,16.28,13.57,84.0,1011.72,1019.24,2.52,2.95,10.86,241.0,WSW,0.0,0.0,0.0,69.34,5999.99,12.5,0.0
2026-09-23T01:50:00Z,2026-09-22T18:50:00-07:00,Brambley,16.11,16.11,13.41,84.0,1011.72,1019.24,0.96,0.96,10.86,248.0,WSW,0.0,0.0,0.0,69.34,5999.99,8.43,0.0
2026-09-23T01:55:00Z,2026-09-22T18:55:00-07:00,Brambley,16.11,16.11,13.41,84.0,1011.62,1019.13,2.95,3.91,10.86,237.0,WSW,0.0,0.0,0.0,69.34,5999.99,6.57,0.0
2026-09-23T02:00:00Z,2026-09-22T19:00:00-07:00,Brambley,15.78,15.78,13.08,84.0,1011.62,1019.13,0.78,0.96,10.86,255.0,WSW,0.0,0.0,0.0,69.34,5999.99,5.42,0.0
2026-09-23T02:05:00Z,2026-09-22T19:05:00-07:00,Brambley,15.78,15.78,13.08,84.0,1011.72,1019.24,0.0,0.0,10.86,246.0,WSW,0.0,0.0,0.0,69.34,5999.99,3.86,0.0
2026-09-23T02:10:00Z,2026-09-22T19:10:00-07:00,Brambley,15.72,15.72,13.02,84.0,1011.51,1019.03,2.35,2.95,10.86,228.0,SW,0.0,0.0,0.0,69.34,5999.99,2.3,0.0
2026-09-23T02:15:00Z,2026-09-22T19:15:00-07:00,Brambley,15.78,15.78,13.08,84.0,1011.62,1019.13,1.56,1.91,10.86,250.0,WSW,0.0,0.0,0.0,69.34,5999.99,1.3,0.0
2026-09-23T02:20:00Z,2026-09-22T19:20:00-07:00,Brambley,15.72,15.72,13.02,84.0,1011.72,1019.24,0.17,0.96,10.86,240.0,WSW,0.0,0.0,0.0,69.34,5999.99,0.77,0.0
2026-09-23T02:25:00Z,2026-09-22T19:25:00-07:00,Brambley,15.61,15.61,13.09,85.0,1011.51,1019.03,1.13,1.91,10.86,256.0,WSW,0.0,0.0,0.0,69.34,5999.99,0.39,0.0
2026-09-23T02:30:00Z,2026-09-22T19:30:00-07:00,Brambley,15.61,15.61,13.09,85.0,1011.62,1019.13,0.0,0.0,10.86,248.0,WSW,0.0,0.0,0.0,69.34,5999.99,0.17,0.0
2026-09-23T02:35:00Z,2026-09-22T19:35:00-07:00,Brambley,15.39,15.39,13.06,86.0,1011.82,1019.34,0.0,0.0,10.86,242.0,WSW,0.0,0.0,0.0,69.34,5999.99,0.06,0.0
2026-09-23T02:40:00Z,2026-09-22T19:40:00-07:00,Brambley,15.28,15.28,12.95,86.0,1011.62,1019.13,0.0,0.0,10.86,237.0,WSW,0.0,0.0,0.0,69.34,5999.99,0.02,0.0
2026-09-23T02:45:00Z,2026-09-22T19:45:00-07:00,Brambley,15.39,15.39,13.06,86.0,1011.82,1019.34,0.78,1.91,10.86,221.0,SW,0.0,0.0,0.0,69.34,5999.99,0.0,0.0
2026-09-23T02:50:00Z,2026-09-22T19:50:00-07:00,Brambley,15.39,15.39,13.06,86.0,1011.72,1019.24,1.39,1.91,10.86,242.0,WSW,0.0,0.0,0.0,69.34,5999.99,0.0,0.0
2026-09-23T02:55:00Z,2026-09-22T19:55:00-07:00,Brambley,15.39,15.39,13.06,86.0,1011.72,1019.24,0.0,0.0,10.86,235.0,SW,0.0,0.0,0.0,69.34,5999.99,0.0,0.0
2026-09-23T03:00:00Z,2026-09-22T20:00:00-07:00,Brambley,15.28,15.28,12.95,86.0,1011.82,1019.34,0.0,0.0,10.86,246.0,WSW,0.0,0.0,0.0,69.34,5999.99,0.0,0.0
2026-09-23T03:05:00Z,2026-09-22T20:05:00-07:00,Brambley,15.39,15.39,13.06,86.0,1011.72,1019.24,0.0,0.0,10.86,244.0,WSW,0.0,0.0,0.0,69.34,5999.99,0.0,0.0
2026-09-23T03:10:00Z,2026-09-22T20:10:00-07:00,Brambley,15.28,15.28,13.13,87.0,1011.62,1019.13,0.0,0.0,10.86,241.0,WSW,0.0,0.0,0.0,69.34,5999.99,0.0,0.0
2026-09-23T03:15:00Z,2026-09-22T20:15:00-07:00,Brambley,15.28,15.28,13.13,87.0,1011.82,1019.34,1.13,1.91,10.86,256.0,WSW,0.0,0.0,0.0,69.34,5999.99,0.0,0.0
2026-09-23T03:20:00Z,2026-09-22T20:20:00-07:00,Brambley,15.28,15.28,13.13,87.0,1011.92,1019.44,0.17,0.96,10.86,237.0,WSW,0.0,0.0,0.0,69.34,5999.99,0.0,0.0
2026-09-23T03:25:00Z,2026-09-22T20:25:00-07:00,Brambley,15.39,15.39,13.23,87.0,1012.02,1019.54,0.0,0.0,10.86,243.0,WSW,0.0,0.0,0.0,69.34,5999.99,0.0,0.0
2026-09-23T03:30:00Z,2026-09-22T20:30:00-07:00,Brambley,15.22,15.22,13.07,87.0,1011.82,1019.34,0.0,0.0,10.86,247.0,WSW,0.0,0.0,0.0,69.34,5999.99,0.0,0.0
2026-09-23T03:35:00Z,2026-09-22T20:35:00-07:00,Brambley,15.0,15.0,12.85,87.0,1011.92,1019.44,0.0,0.0,10.86,256.0,WSW,0.0,0.0,0.0,69.34,5999.99,0.0,0.0
2026-09-23T03:40:00Z,2026-09-22T20:40:00-07:00,Brambley,14.28,14.28,12.14,87.0,1011.92,1019.44,0.0,0.0,10.86,258.0,WSW,0.0,0.0,0.0,69.34,5999.99,0.0,0.0
2026-09-23T03:45:00Z,2026-09-22T20:45:00-07:00,Brambley,13.89,13.89,11.93,88.0,1011.72,1019.24,0.0,0.0,10.86,245.0,WSW,0.0,0.0,0.0,69.34,5999.99,0.0,0.0
2026-09-23T03:50:00Z,2026-09-22T20:50:00-07:00,Brambley,13.72,13.72,11.94,89.0,1011.92,1019.44,0.0,0.0,10.86,246.0,WSW,0.0,0.0,0.0,69.34,5999.99,0.0,0.0
2026-09-23T03:55:00Z,2026-09-22T20:55:00-07:00,Brambley,13.61,13.61,12.0,90.0,1012.02,1019.54,0.0,0.0,10.86,246.0,WSW,0.0,0.0,0.0,69.34,5999.99,0.0,0.0
2026-09-23T04:00:00Z,2026-09-22T21:00:00-07:00,Brambley,13.39,13.39,11.78,90.0,1011.82,1019.34,0.0,0.0,10.86,246.0,WSW,0.0,0.0,0.0,69.34,5999.99,0.0,0.0
2026-09-23T04:05:00Z,2026-09-22T21:05:00-07:00,Brambley,13.28,13.28,11.84,91.0,1012.02,1019.54,0.0,0.0,10.86,246.0,WSW,0.0,0.0,0.0,69.34,5999.99,0.0,0.0
2026-09-23T04:10:00Z,2026-09-22T21:10:00-07:00,Brambley,13.11,13.11,11.67,91.0,1012.02,1019.54,0.0,0.0,10.86,247.0,WSW,0.0,0.0,0.0,69.34,5999.99,0.0,0.0
2026-09-23T04:15:00Z,2026-09-22T21:15:00-07:00,Brambley,13.0,13.0,11.73,92.0,1011.92,1019.44,0.0,0.0,10.86,247.0,WSW,0.0,0.0,0.0,69.34,5999.99,0.0,0.0
2026-09-23T04:20:00Z,2026-09-22T21:20:00-07:00,Brambley,12.89,12.89,11.62,92.0,1012.02,1019.54,0.0,0.0,10.86,247.0,WSW,0.0,0.0,0.0,69.34,5999.99,0.0,0.0
2026-09-23T04:25:00Z,2026-09-22T21:25:00-07:00,Brambley,12.78,12.78,11.51,92.0,1011.92,1019.44,0.0,0.0,10.86,247.0,WSW,0.0,0.0,0.0,69.34,5999.99,0.0,0.0
2026-09-23T04:30:00Z,2026-09-22T21:30:00-07:00,Brambley,12.61,12.61,11.34,92.0,1012.02,1019.54,0.0,0.0,10.86,247.0,WSW,0.0,0.0,0.0,69.34,5999.99,0.0,0.0
2026-09-23T04:35:00Z,2026-09-22T21:35:00-07:00,Brambley,12.5,12.5,11.4,93.0,1012.02,1019.54,0.0,0.0,10.86,247.0,WSW,0.0,0.0,0.0,69.34,5999.99,0.0,0.0
2026-09-23T04:40:00Z,2026-09-22T21:40:00-07:00,Brambley,12.39,12.39,11.29,93.0,1012.02,1019.54,0.0,0.0,10.86,247.0,WSW,0.0,0.0,0.0,69.34,5999.99,0.0,0.0
2026-09-23T04:45:00Z,2026-09-22T21:45:00-07:00,Brambley,12.28,12.28,11.18,93.0,1012.02,1019.54,0.0,0.0,10.86,247.0,WSW,0.0,0.0,0.0,69.34,5999.99,0.0,0.0
2026-09-23T04:50:00Z,2026-09-22T21:50:00-07:00,Brambley,12.28,12.28,11.34,94.0,1012.02,1019.54,0.0,0.0,10.86,247.0,WSW,0.0,0.0,0.0,69.34,5999.99,0.0,0.0
2026-09-23T04:55:00Z,2026-09-22T21:55:00-07:00,Brambley,12.28,12.28,11.34,94.0,1012.02,1019.54,0.0,0.0,10.86,247.0,WSW,0.0,0.0,0.0,69.34,5999.99,0.0,0.0
2026-09-23T05:00:00Z,2026-09-22T22:00:00-07:00,Brambley,12.28,12.28,11.34,94.0,1012.02,1019.54,0.0,0.0,10.86,247.0,WSW,0.0,0.0,0.0,69.34,5999.99,0.0,0.0
2026-09-23T05:05:00Z,2026-09-22T22:05:00-07:00,Brambley,12.28,12.28,11.34,94.0,1012.23,1019.74,0.0,0.0,10.86,247.0,WSW,0.0,0.0,0.0,69.34,5999.99,0.0,0.0
2026-09-23T05:10:00Z,2026-09-22T22:10:00-07:00,Brambley,12.28,12.28,11.34,94.0,1012.23,1019.74,0.0,0.0,10.86,247.0,WSW,0.0,0.0,0.0,69.34,5999.99,0.0,0.0
2026-09-23T05:15:00Z,2026-09-22T22:15:00-07:00,Brambley,12.39,12.39,11.61,95.0,1012.33,1019.81,0.0,0.0,10.86,247.0,WSW,0.0,0.0,0.0,69.34,5999.99,0.0,0.0
2026-09-23T05:20:00Z,2026-09-22T22:20:00-07:00,Brambley,12.39,12.39,11.61,95.0,1012.12,1019.64,0.0,0.0,10.86,247.0,WSW,0.0,0.0,0.0,69.34,5999.99,0.0,0.0
2026-09-23T05:25:00Z,2026-09-22T22:25:00-07:00,Brambley,12.39,12.39,11.61,95.0,1012.02,1019.54,0.0,0.0,10.86,247.0,WSW,0.0,0.0,0.0,69.34,5999.99,0.0,0.0
2026-09-23T05:30:00Z,2026-09-22T22:30:00-07:00,Brambley,12.28,12.28,11.5,95.0,1012.12,1019.64,0.0,0.0,10.86,247.0,WSW,0.0,0.0,0.0,69.34,5999.99,0.0,0.0
2026-09-23T05:35:00Z,2026-09-22T22:35:00-07:00,Brambley,12.28,12.28,11.5,95.0,1011.82,1019.34,0.0,0.0,10.86,247.0,WSW,0.0,0.0,0.0,69.34,5999.99,0.0,0.0
2026-09-23T05:40:00Z,2026-09-22T22:40:00-07:00,Brambley,12.5,12.5,11.72,95.0,1011.92,1019.44,0.0,0.0,10.86,247.0,WSW,0.0,0.0,0.0,69.34,5999.99,0.0,0.0
2026-09-23T05:45:00Z,2026-09-22T22:45:00-07:00,Brambley,12.61,12.61,11.83,95.0,1011.92,1019.44,0.0,0.0,10.86,247.0,WSW,0.0,0.0,0.0,69.34,5999.99,0.0,0.0
2026-09-23T05:50:00Z,2026-09-22T22:50:00-07:00,Brambley,12.39,12.39,11.61,95.0,1012.12,1019.64,0.0,0.0,10.86,247.0,WSW,0.0,0.0,0.0,69.34,5999.99,0.0,0.0
2026-09-23T05:55:00Z,2026-09-22T22:55:00-07:00,Brambley,12.5,12.5,11.88,96.0,1012.02,1019.54,0.0,0.0,10.86,247.0,WSW,0.0,0.0,0.0,69.34,5999.99,0.0,0.0
2026-09-23T06:00:00Z,2026-09-22T23:00:00-07:00,Brambley,12.61,12.61,11.99,96.0,1012.12,1019.64,0.0,0.0,10.86,247.0,WSW,0.0,0.0,0.0,69.34,5999.99,0.0,0.0
2026-09-23T06:05:00Z,2026-09-22T23:05:00-07:00,Brambley,12.5,12.5,11.88,96.0,1011.92,1019.44,0.0,0.0,10.86,247.0,WSW,0.0,0.0,0.0,69.34,5999.99,0.0,0.0
2026-09-23T06:10:00Z,2026-09-22T23:10:00-07:00,Brambley,12.5,12.5,11.88,96.0,1012.02,1019.54,0.0,0.0,10.86,247.0,WSW,0.0,0.0,0.0,69.34,5999.99,0.0,0.0
2026-09-23T06:15:00Z,2026-09-22T23:15:00-07:00,Brambley,12.39,12.39,11.77,96.0,1012.02,1019.54,0.0,0.0,10.86,247.0,WSW,0.0,0.0,0.0,69.34,5999.99,0.0,0.0
2026-09-23T06:20:00Z,2026-09-22T23:20:00-07:00,Brambley,12.39,12.39,11.77,96.0,1011.82,1019.34,0.0,0.0,10.86,247.0,WSW,0.0,0.0,0.0,69.34,5999.99,0.0,0.0
2026-09-23T06:25:00Z,2026-09-22T23:25:00-07:00,Brambley,12.28,12.28,11.66,96.0,1011.62,1019.13,0.0,0.0,10.86,247.0,WSW,0.0,0.0,0.0,69.34,5999.99,0.0,0.0
2026-09-23T06:30:00Z,2026-09-22T23:30:00-07:00,Brambley,12.22,12.22,11.6,96.0,1011.92,1019.44,0.0,0.0,10.86,247.0,WSW,0.0,0.0,0.0,69.34,5999.99,0.0,0.0
2026-09-23T06:35:00Z,2026-09-22T23:35:00-07:00,Brambley,12.28,12.28,11.66,96.0,1011.92,1019.44,0.0,0.0,10.86,247.0,WSW,0.0,0.0,0.0,69.34,5999.99,0.0,0.0
2026-09-23T06:40:00Z,2026-09-22T23:40:00-07:00,Brambley,12.5,12.5,11.88,96.0,1011.72,1019.24,0.0,0.0,10.86,247.0,WSW,0.0,0.0,0.0,69.34,5999.99,0.0,0.0
2026-09-23T06:45:00Z,2026-09-22T23:45:00-07:00,Brambley,12.39,12.39,11.77,96.0,1011.92,1019.44,0.0,0.0,10.86,247.0,WSW,0.0,0.0,0.0,69.34,5999.99,0.0,0.0
2026-09-23T06:50:00Z,2026-09-22T23:50:00-07:00,Brambley,12.28,12.28,11.66,96.0,1011.82,1019.34,0.0,0.0,10.86,247.0,WSW,0.0,0.0,0.0,69.34,5999.99,0.0,0.0
2026-09-23T06:55:00Z,2026-09-22T23:55:00-07:00,Brambley,12.28,12.28,11.66,96.0,1011.82,1019.34,0.0,0.0,10.86,247.0,WSW,0.0,0.0,0.0,69.34,5999.99,0.0,0.0
2026-09-23T07:00:00Z,2026-09-23T00:00:00-07:00,Brambley,12.28,12.28,11.82,97.0,1012.02,1019.54,0.0,0.0,0.0,247.0,WSW,0.0,0.0,0.0,69.34,5999.99,0.0,0.0
2026-09-23T07:05:00Z,2026-09-23T00:05:00-07:00,Brambley,12.39,12.39,11.93,97.0,1011.92,1019.44,0.0,0.0,0.0,247.0,WSW,0.0,0.0,0.0,69.34,5999.99,0.0,0.0
2026-09-23T07:10:00Z,2026-09-23T00:10:00-07:00,Brambley,12.28,12.28,11.82,97.0,1011.92,1019.44,0.0,0.0,0.0,247.0,WSW,0.0,0.0,0.0,69.34,5999.99,0.0,0.0
2026-09-23T07:15:00Z,2026-09-23T00:15:00-07:00,Brambley,12.28,12.28,11.82,97.0,1012.12,1019.64,0.0,0.0,0.0,247.0,WSW,0.0,0.0,0.0,69.34,5999.99,0.0,0.0
2026-09-23T07:20:00Z,2026-09-23T00:20:00-07:00,Brambley,12.22,12.22,11.76,97.0,1011.92,1019.44,0.0,0.0,0.0,247.0,WSW,0.0,0.0,0.0,69.34,5999.99,0.0,0.0
2026-09-23T07:25:00Z,2026-09-23T00:25:00-07:00,Brambley,12.22,12.22,11.76,97.0,1012.02,1019.54,0.0,0.0,0.0,247.0,WSW,0.0,0.0,0.0,69.34,5999.99,0.0,0.0
2026-09-23T07:30:00Z,2026-09-23T00:30:00-07:00,Brambley,12.22,12.22,11.76,97.0,1011.92,1019.44,0.0,0.0,0.0,247.0,WSW,0.0,0.0,0.0,69.34,5999.99,0.0,0.0
2026-09-23T07:35:00Z,2026-09-23T00:35:00-07:00,Brambley,12.11,12.11,11.65,97.0,1011.72,1019.24,0.0,0.0,0.0,247.0,WSW,0.0,0.0,0.0,69.34,5999.99,0.0,0.0
2026-09-23T07:40:00Z,2026-09-23T00:40:00-07:00,Brambley,12.22,12.22,11.76,97.0,1011.82,1019.34,0.0,0.0,0.0,247.0,WSW,0.0,0.0,0.0,69.34,5999.99,0.0,0.0
2026-09-23T07:45:00Z,2026-09-23T00:45:00-07:00,Brambley,12.39,12.39,11.93,97.0,1011.72,1019.24,0.0,0.0,0.0,247.0,WSW,0.0,0.0,0.0,69.34,5999.99,0.0,0.0
2026-09-23T07:50:00Z,2026-09-23T00:50:00-07:00,Brambley,12.22,12.22,11.76,97.0,1011.92,1019.44,0.0,0.0,0.0,247.0,WSW,0.0,0.0,0.0,69.34,5999.99,0.0,0.0
2026-09-23T07:55:00Z,2026-09-23T00:55:00-07:00,Brambley,12.11,12.11,11.65,97.0,1012.02,1019.54,0.0,0.0,0.0,247.0,WSW,0.0,0.0,0.0,69.34,5999.99,0.0,0.0
2026-09-23T08:00:00Z,2026-09-23T01:00:00-07:00,Brambley,12.22,12.22,11.92,98.0,1011.82,1019.34,0.0,0.0,0.0,247.0,WSW,0.0,0.0,0.0,69.34,5999.99,0.0,0.0
2026-09-23T08:05:00Z,2026-09-23T01:05:00-07:00,Brambley,12.5,12.5,12.04,97.0,1011.92,1019.44,0.0,0.0,0.0,247.0,WSW,0.0,0.0,0.0,69.34,5999.99,0.0,0.0
2026-09-23T08:10:00Z,2026-09-23T01:10:00-07:00,Brambley,12.5,12.5,12.19,98.0,1011.82,1019.34,0.0,0.0,0.0,247.0,WSW,0.0,0.0,0.0,69.34,5999.99,0.0,0.0
2026-09-23T08:15:00Z,2026-09-23T01:15:00-07:00,Brambley,12.5,12.5,12.19,98.0,1011.72,1019.24,0.0,0.0,0.0,247.0,WSW,0.0,0.0,0.0,69.34,5999.99,0.0,0.0
2026-09-23T08:20:00Z,2026-09-23T01:20:00-07:00,Brambley,12.5,12.5,12.19,98.0,1011.72,1019.24,0.0,0.0,0.0,247.0,WSW,0.0,0.0,0.0,69.34,5999.99,0.0,0.0
2026-09-23T08:25:00Z,2026-09-23T01:25:00-07:00,Brambley,12.61,12.61,12.31,98.0,1011.41,1018.93,0.0,0.0,0.0,247.0,WSW,0.0,0.0,0.0,69.34,5999.99,0.0,0.0
2026-09-23T08:30:00Z,2026-09-23T01:30:00-07:00,Brambley,12.72,12.72,12.42,98.0,1011.51,1019.03,0.0,0.0,0.0,247.0,WSW,0.0,0.0,0.0,69.34,5999.99,0.0,0.0
2026-09-23T08:35:00Z,2026-09-23T01:35:00-07:00,Brambley,12.78,12.78,12.47,98.0,1011.51,1019.03,0.0,0.0,0.0,247.0,WSW,0.0,0.0,0.0,69.34,5999.99,0.0,0.0
2026-09-23T08:40:00Z,2026-09-23T01:40:00-07:00,Brambley,13.0,13.0,12.69,98.0,1011.72,1019.24,0.0,0.0,0.0,247.0,WSW,0.0,0.0,0.0,69.34,5999.99,0.0,0.0
2026-09-23T08:45:00Z,2026-09-23T01:45:00-07:00,Brambley,13.11,13.11,12.8,98.0,1011.62,1019.13,0.0,0.0,0.0,247.0,WSW,0.0,0.0,0.0,69.34,5999.99,0.0,0.0
2026-09-23T08:50:00Z,2026-09-23T01:50:00-07:00,Brambley,13.22,13.22,12.91,98.0,1011.72,1019.24,0.0,0.0,0.0,247.0,WSW,0.0,0.0,0.0,69.34,5999.99,0.0,0.0
2026-09-23T08:55:00Z,2026-09-23T01:55:00-07:00,Brambley,13.28,13.28,12.97,98.0,1011.51,1019.03,0.0,0.0,0.0,247.0,WSW,0.0,0.0,0.0,69.34,5999.99,0.0,0.0
2026-09-23T09:00:00Z,2026-09-23T02:00:00-07:00,Brambley,13.28,13.28,12.97,98.0,1011.62,1019.13,0.0,0.0,0.0,247.0,WSW,0.0,0.0,0.0,69.34,5999.99,0.0,0.0
2026-09-23T09:05:00Z,2026-09-23T02:05:00-07:00,Brambley,13.39,13.39,13.08,98.0,1011.62,1019.13,0.0,0.0,0.0,268.0,W,0.0,0.0,0.0,69.34,5999.99,0.0,0.0
2026-09-23T09:10:00Z,2026-09-23T02:10:00-07:00,Brambley,13.78,13.78,13.47,98.0,1011.41,1018.93,0.0,0.0,1.91,263.0,W,0.0,0.0,0.0,69.34,5999.99,0.0,0.0
2026-09-23T09:15:00Z,2026-09-23T02:15:00-07:00,Brambley,13.78,13.78,13.47,98.0,1011.62,1019.13,0.0,0.0,1.91,253.0,WSW,0.0,0.0,0.0,69.34,5999.99,0.0,0.0
2026-09-23T09:20:00Z,2026-09-23T02:20:00-07:00,Brambley,13.89,13.89,13.58,98.0,1011.72,1019.24,0.0,0.0,1.91,246.0,WSW,0.0,0.0,0.0,69.34,5999.99,0.0,0.0
2026-09-23T09:25:00Z,2026-09-23T02:25:00-07:00,Brambley,13.89,13.89,13.58,98.0,1011.62,1019.13,0.0,0.0,1.91,258.0,WSW,0.0,0.0,0.0,69.34,5999.99,0.0,0.0
2026-09-23T09:30:00Z,2026-09-23T02:30:00-07:00,Brambley,13.89,13.89,13.58,98.0,1011.62,1019.13,0.0,0.0,1.91,262.0,W,0.0,0.0,0.0,69.34,5999.99,0.0,0.0
2026-09-23T09:35:00Z,2026-09-23T02:35:00-07:00,Brambley,13.89,13.89,13.58,98.0,1011.51,1019.03,0.0,0.0,1.91,260.0,W,0.0,0.0,0.0,69.34,5999.99,0.0,0.0
2026-09-23T09:40:00Z,2026-09-23T02:40:00-07:00,Brambley,13.89,13.89,13.58,98.0,1011.31,1018.83,0.0,0.0,1.91,255.0,WSW,0.0,0.0,0.0,69.34,5999.99,0.0,0.0
2026-09-23T09:45:00Z,2026-09-23T02:45:00-07:00,Brambley,13.89,13.89,13.58,98.0,1011.51,1019.03,0.0,0.0,1.91,248.0,WSW,0.0,0.0,0.0,69.34,5999.99,0.0,0.0
2026-09-23T09:50:00Z,2026-09-23T02:50:00-07:00,Brambley,14.0,14.0,13.69,98.0,1011.51,1019.03,0.0,0.0,1.91,240.0,WSW,0.0,0.0,0.0,69.34,5999.99,0.0,0.0
2026-09-23T09:55:00Z,2026-09-23T02:55:00-07:00,Brambley,14.0,14.0,13.69,98.0,1011.72,1019.24,0.0,0.0,1.91,248.0,WSW,0.0,0.0,0.0,69.34,5999.99,0.0,0.0
2026-09-23T10:00:00Z,2026-09-23T03:00:00-07:00,Brambley,14.0,14.0,13.84,99.0,1011.72,1019.24,0.0,0.0,1.91,246.0,WSW,0.0,0.0,0.0,69.34,5999.99,0.0,0.0
2026-09-23T10:05:00Z,2026-09-23T03:05:00-07:00,Brambley,14.0,14.0,13.84,99.0,1011.72,1019.24,0.0,0.0,1.91,259.0,W,0.0,0.0,0.0,69.34,5999.99,0.0,0.0
2026-09-23T10:10:00Z,2026-09-23T03:10:00-07:00,Brambley,14.0,14.0,13.84,99.0,1011.72,1019.24,0.0,0.0,1.91,252.0,WSW,1.78,0.25,0.25,69.6,5999.99,0.0,0.0
2026-09-23T10:15:00Z,2026-09-23T03:15:00-07:00,Brambley,14.0,14.0,13.84,99.0,1011.72,1019.24,0.0,0.0,1.91,254.0,WSW,1.78,0.25,0.25,69.6,5999.99,0.0,0.0
2026-09-23T10:20:00Z,2026-09-23T03:20:00-07:00,Brambley,14.0,14.0,13.84,99.0,1011.62,1019.13,0.0,0.0,1.91,255.0,WSW,0.0,0.25,0.25,69.6,5999.99,0.0,0.0
2026-09-23T10:25:00Z,2026-09-23T03:25:00-07:00,Brambley,14.0,14.0,13.84,99.0,1011.51,1019.03,0.0,0.0,1.91,255.0,WSW,0.0,0.25,0.25,69.6,5999.99,0.0,0.0
2026-09-23T10:30:00Z,2026-09-23T03:30:00-07:00,Brambley,14.11,14.11,13.96,99.0,1011.62,1019.13,0.0,0.0,1.91,252.0,WSW,0.0,0.25,0.25,69.6,5999.99,0.0,0.0
2026-09-23T10:35:00Z,2026-09-23T03:35:00-07:00,Brambley,14.11,14.11,13.96,99.0,1011.41,1018.93,0.0,0.0,1.91,255.0,WSW,0.0,0.25,0.25,69.6,5999.99,0.0,0.0
2026-09-23T10:40:00Z,2026-09-23T03:40:00-07:00,Brambley,14.11,14.11,13.96,99.0,1011.62,1019.13,0.0,0.0,1.91,253.0,WSW,0.0,0.25,0.25,69.6,5999.99,0.0,0.0
2026-09-23T10:45:00Z,2026-09-23T03:45:00-07:00,Brambley,14.11,14.11,13.96,99.0,1011.72,1019.24,0.0,0.0,1.91,258.0,WSW,0.0,0.25,0.25,69.6,5999.99,0.0,0.0
2026-09-23T10:50:00Z,2026-09-23T03:50:00-07:00,Brambley,14.11,14.11,13.96,99.0,1011.72,1019.24,0.0,0.0,1.91,259.0,W,0.0,0.25,0.25,69.6,5999.99,0.0,0.0
2026-09-23T10:55:00Z,2026-09-23T03:55:00-07:00,Brambley,14.11,14.11,13.96,99.0,1011.72,1019.24,0.0,0.0,1.91,258.0,WSW,0.0,0.25,0.25,69.6,5999.99,0.0,0.0
2026-09-23T11:00:00Z,2026-09-23T04:00:00-07:00,Brambley,14.11,14.11,13.96,99.0,1011.41,1018.93,0.0,0.0,1.91,252.0,WSW,0.0,0.25,0.25,69.6,5999.99,0.0,0.0
2026-09-23T11:05:00Z,2026-09-23T04:05:00-07:00,Brambley,14.11,14.11,13.96,99.0,1011.72,1019.24,0.0,0.0,1.91,251.0,WSW,0.0,0.25,0.25,69.6,5999.99,0.0,0.0
2026-09-23T11:10:00Z,2026-09-23T04:10:00-07:00,Brambley,14.0,14.0,13.84,99.0,1011.51,1019.03,0.0,0.0,1.91,251.0,WSW,0.0,0.25,0.25,69.6,5999.99,0.0,0.0
2026-09-23T11:15:00Z,2026-09-23T04:15:00-07:00,Brambley,14.0,14.0,13.84,99.0,1011.72,1019.24,0.0,0.0,1.91,255.0,WSW,0.0,0.25,0.25,69.6,5999.99,0.0,0.0
2026-09-23T11:20:00Z,2026-09-23T04:20:00-07:00,Brambley,14.11,14.11,13.96,99.0,1011.72,1019.24,0.0,0.0,1.91,243.0,WSW,0.0,0.25,0.25,69.6,5999.99,0.0,0.0
2026-09-23T11:25:00Z,2026-09-23T04:25:00-07:00,Brambley,14.11,14.11,13.96,99.0,1011.72,1019.24,0.0,0.0,1.91,258.0,WSW,0.0,0.25,0.25,69.6,5999.99,0.0,0.0
2026-09-23T11:30:00Z,2026-09-23T04:30:00-07:00,Brambley,14.22,14.22,14.07,99.0,1011.51,1019.03,0.0,0.0,1.91,255.0,WSW,0.0,0.25,0.25,69.6,5999.99,0.0,0.0
2026-09-23T11:35:00Z,2026-09-23T04:35:00-07:00,Brambley,14.28,14.28,14.12,99.0,1011.51,1019.03,0.0,0.0,1.91,246.0,WSW,0.0,0.25,0.25,69.6,5999.99,0.0,0.0
2026-09-23T11:40:00Z,2026-09-23T04:40:00-07:00,Brambley,14.28,14.28,14.12,99.0,1011.72,1019.24,0.0,0.0,1.91,262.0,W,0.0,0.25,0.25,69.6,5999.99,0.0,0.0
2026-09-23T11:45:00Z,2026-09-23T04:45:00-07:00,Brambley,14.11,14.11,13.96,99.0,1011.72,1019.24,0.0,0.0,1.91,257.0,WSW,0.0,0.25,0.25,69.6,5999.99,0.0,0.0
2026-09-23T11:50:00Z,2026-09-23T04:50:00-07:00,Brambley,14.11,14.11,13.96,99.0,1011.62,1019.13,0.0,0.0,1.91,249.0,WSW,0.0,0.25,0.25,69.6,5999.99,0.0,0.0
2026-09-23T11:55:00Z,2026-09-23T04:55:00-07:00,Brambley,13.78,13.78,13.62,99.0,1011.51,1019.03,6.6,10.86,10.86,219.0,SW,0.0,0.25,0.25,69.6,5999.99,0.0,0.0
2026-09-23T12:00:00Z,2026-09-23T05:00:00-07:00,Brambley,13.0,13.0,12.84,99.0,1011.72,1019.24,1.39,1.91,10.86,225.0,SW,0.0,0.25,0.0,69.6,5999.99,0.0,0.0
2026-09-23T12:05:00Z,2026-09-23T05:05:00-07:00,Brambley,12.89,12.89,12.73,99.0,1011.72,1019.24,3.3,5.04,10.86,215.0,SW,1.27,0.51,0.25,69.85,5999.99,0.0,0.0
2026-09-23T12:10:00Z,2026-09-23T05:10:00-07:00,Brambley,13.0,13.0,12.84,99.0,1011.82,1019.34,0.0,0.0,10.86,252.0,WSW,1.27,0.51,0.25,69.85,5999.99,0.0,0.0
2026-09-23T12:15:00Z,2026-09-23T05:15:00-07:00,Brambley,13.0,13.0,12.84,99.0,1011.72,1019.24,0.0,0.0,10.86,255.0,WSW,0.0,0.51,0.25,69.85,5999.99,0.0,0.0
2026-09-23T12:20:00Z,2026-09-23T05:20:00-07:00,Brambley,12.89,12.89,12.73,99.0,1012.12,1019.64,0.0,0.0,10.86,249.0,WSW,0.0,0.51,0.25,69.85,5999.99,0.0,0.0
2026-09-23T12:25:00Z,2026-09-23T05:25:00-07:00,Brambley,12.78,12.78,12.62,99.0,1011.92,1019.44,0.0,0.0,10.86,258.0,WSW,0.0,0.51,0.25,69.85,5999.99,0.0,0.0
2026-09-23T12:30:00Z,2026-09-23T05:30:00-07:00,Brambley,12.89,12.89,12.73,99.0,1011.92,1019.44,0.0,0.0,10.86,259.0,W,1.78,0.76,0.51,70.1,5999.99,0.0,0.0
2026-09-23T12:35:00Z,2026-09-23T05:35:00-07:00,Brambley,12.89,12.89,12.73,99.0,1011.82,1019.34,0.0,0.0,10.86,258.0,WSW,1.78,0.76,0.51,70.1,5999.99,0.0,0.0
2026-09-23T12:40:00Z,2026-09-23T05:40:00-07:00,Brambley,12.89,12.89,12.73,99.0,1012.02,1019.54,0.0,0.0,10.86,258.0,WSW,0.0,0.76,0.51,70.1,5999.99,0.0,0.0
2026-09-23T12:45:00Z,2026-09-23T05:45:00-07:00,Brambley,12.89,12.89,12.73,99.0,1012.23,1019.74,0.0,0.0,10.86,267.0,W,0.0,0.76,0.51,70.1,5999.99,0.0,0.0
2026-09-23T12:50:00Z,2026-09-23T05:50:00-07:00,Brambley,12.89,12.89,12.73,99.0,1012.02,1019.54,0.0,0.0,10.86,267.0,W,0.0,0.76,0.51,70.1,5999.99,0.0,0.0
2026-09-23T12:55:00Z,2026-09-23T05:55:00-07:00,Brambley,13.0,13.0,12.84,99.0,1012.12,1019.64,0.0,0.0,10.86,251.0,WSW,1.27,1.02,0.76,70.36,5999.99,0.0,0.0
2026-09-23T13:00:00Z,2026-09-23T06:00:00-07:00,Brambley,13.11,13.11,12.96,99.0,1012.02,1019.54,0.17,0.96,10.86,222.0,SW,1.27,1.02,0.76,70.36,5999.99,0.0,0.0
2026-09-23T13:05:00Z,2026-09-23T06:05:00-07:00,Brambley,13.39,13.39,13.23,99.0,1012.23,1019.74,0.0,0.0,10.86,259.0,W,0.0,1.02,0.76,70.36,5999.99,0.0,0.0
2026-09-23T13:10:00Z,2026-09-23T06:10:00-07:00,Brambley,13.22,13.22,13.07,99.0,1012.23,1019.74,0.0,0.0,10.86,259.0,W,1.78,1.27,1.02,70.61,5999.99,0.0,0.0
2026-09-23T13:15:00Z,2026-09-23T06:15:00-07:00,Brambley,13.61,13.61,13.46,99.0,1012.23,1019.74,0.0,0.0,10.86,249.0,WSW,1.78,1.27,1.02,70.61,5999.99,0.0,0.0
2026-09-23T13:20:00Z,2026-09-23T06:20:00-07:00,Brambley,13.61,13.61,13.46,99.0,1012.23,1019.74,0.0,0.0,10.86,254.0,WSW,0.0,1.27,1.02,70.61,5999.99,0.0,0.0
2026-09-23T13:25:00Z,2026-09-23T06:25:00-07:00,Brambley,13.61,13.61,13.46,99.0,1012.33,1019.81,0.0,0.0,10.86,251.0,WSW,0.0,1.27,1.02,70.61,5999.99,0.0,0.0
2026-09-23T13:30:00Z,2026-09-23T06:30:00-07:00,Brambley,13.61,13.61,13.46,99.0,1012.33,1019.81,0.0,0.0,10.86,265.0,W,0.0,1.27,1.02,70.61,5999.99,0.0,0.0
2026-09-23T13:35:00Z,2026-09-23T06:35:00-07:00,Brambley,13.5,13.5,13.34,99.0,1012.33,1019.81,0.0,0.0,10.86,256.0,WSW,0.0,1.27,1.02,70.61,5999.99,0.0,0.0
2026-09-23T13:40:00Z,2026-09-23T06:40:00-07:00,Brambley,13.5,13.5,13.34,99.0,1012.33,1019.81,0.0,0.0,10.86,256.0,WSW,0.0,1.27,1.02,70.61,5999.99,0.01,0.0
2026-09-23T13:45:00Z,2026-09-23T06:45:00-07:00,Brambley,13.5,13.5,13.34,99.0,1012.43,1019.91,0.0,0.0,10.86,252.0,WSW,0.0,1.27,1.02,70.61,5999.99,0.06,0.0
2026-09-23T13:50:00Z,2026-09-23T06:50:00-07:00,Brambley,13.39,13.39,13.23,99.0,1012.33,1019.81,0.0,0.0,10.86,253.0,WSW,0.0,1.27,1.02,70.61,5999.99,0.17,0.0
2026-09-23T13:55:00Z,2026-09-23T06:55:00-07:00,Brambley,13.39,13.39,13.23,99.0,1012.43,1019.91,0.0,0.0,10.86,256.0,WSW,0.0,1.27,1.02,70.61,5999.99,0.36,0.0
2026-09-23T14:00:00Z,2026-09-23T07:00:00-07:00,Brambley,13.28,13.28,13.12,99.0,1012.63,1020.12,0.0,0.0,10.86,246.0,WSW,0.0,1.27,1.02,70.61,5999.99,0.81,0.0
2026-09-23T14:05:00Z,2026-09-23T07:05:00-07:00,Brambley,13.22,13.22,13.07,99.0,1012.53,1020.01,0.0,0.0,10.86,252.0,WSW,0.0,1.27,1.02,70.61,5999.99,1.6,0.0
2026-09-23T14:10:00Z,2026-09-23T07:10:00-07:00,Brambley,13.11,13.11,12.96,99.0,1012.23,1019.74,0.0,0.0,10.86,253.0,WSW,0.0,1.27,1.02,70.61,5999.99,2.79,0.0
2026-09-23T14:15:00Z,2026-09-23T07:15:00-07:00,Brambley,13.0,13.0,12.84,99.0,1012.33,1019.81,0.0,0.0,10.86,253.0,WSW,0.0,1.27,1.02,70.61,5999.99,3.71,0.0
2026-09-23T14:20:00Z,2026-09-23T07:20:00-07:00,Brambley,12.89,12.89,12.73,99.0,1012.53,1020.01,0.0,0.0,10.86,248.0,WSW,0.0,1.27,1.02,70.61,5999.99,5.61,0.0
2026-09-23T14:25:00Z,2026-09-23T07:25:00-07:00,Brambley,12.78,12.78,12.62,99.0,1012.33,1019.81,0.0,0.0,10.86,252.0,WSW,0.0,1.27,1.02,70.61,5999.99,7.51,0.0
2026-09-23T14:30:00Z,2026-09-23T07:30:00-07:00,Brambley,12.78,12.78,12.62,99.0,1012.53,1020.01,0.0,0.0,10.86,254.0,WSW,0.0,1.27,1.02,70.61,5999.99,10.28,0.0
2026-09-23T14:35:00Z,2026-09-23T07:35:00-07:00,Brambley,12.72,12.72,12.57,99.0,1012.53,1020.01,0.0,0.0,10.86,254.0,WSW,0.0,1.27,1.02,70.61,5999.99,11.76,0.0
2026-09-23T14:40:00Z,2026-09-23T07:40:00-07:00,Brambley,12.61,12.61,12.46,99.0,1012.63,1020.12,0.0,0.0,10.86,253.0,WSW,0.0,1.27,1.02,70.61,5999.99,14.88,0.0
2026-09-23T14:45:00Z,2026-09-23T07:45:00-07:00,Brambley,12.5,12.5,12.34,99.0,1012.73,1020.22,0.0,0.0,10.86,253.0,WSW,0.0,1.27,1.02,70.61,5999.99,21.44,0.0
2026-09-23T14:50:00Z,2026-09-23T07:50:00-07:00,Brambley,12.61,12.61,12.46,99.0,1012.94,1020.42,0.0,0.0,10.86,247.0,WSW,0.0,1.27,1.02,70.61,5999.99,25.02,0.0
2026-09-23T14:55:00Z,2026-09-23T07:55:00-07:00,Brambley,12.61,12.61,12.46,99.0,1012.94,1020.42,0.0,0.0,10.86,249.0,WSW,0.0,1.27,1.02,70.61,5999.99,24.4,0.0
2026-09-23T15:00:00Z,2026-09-23T08:00:00-07:00,Brambley,12.61,12.61,12.46,99.0,1012.83,1020.32,0.0,0.0,10.86,246.0,WSW,0.0,1.27,1.02,70.61,5999.99,26.02,0.0
2026-09-23T15:05:00Z,2026-09-23T08:05:00-07:00,Brambley,12.72,12.72,12.57,99.0,1012.73,1020.22,0.0,0.0,10.86,243.0,WSW,0.0,1.27,1.02,70.61,5999.99,27.9,0.0
2026-09-23T15:10:00Z,2026-09-23T08:10:00-07:00,Brambley,12.72,12.72,12.57,99.0,1012.73,1020.22,0.0,0.0,10.86,250.0,WSW,0.0,1.27,1.02,70.61,5999.99,30.21,0.0
2026-09-23T15:15:00Z,2026-09-23T08:15:00-07:00,Brambley,12.72,12.72,12.57,99.0,1012.83,1020.32,0.0,0.0,10.86,255.0,WSW,0.0,1.27,1.02,70.61,5999.99,33.01,0.0
2026-09-23T15:20:00Z,2026-09-23T08:20:00-07:00,Brambley,12.72,12.72,12.57,99.0,1013.14,1020.62,0.0,0.0,10.86,252.0,WSW,0.0,1.27,1.02,70.61,5999.99,38.26,0.0
2026-09-23T15:25:00Z,2026-09-23T08:25:00-07:00,Brambley,12.78,12.78,12.62,99.0,1012.94,1020.42,0.0,0.0,10.86,249.0,WSW,0.0,1.27,1.02,70.61,5999.99,35.45,0.0
2026-09-23T15:30:00Z,2026-09-23T08:30:00-07:00,Brambley,12.78,12.78,12.62,99.0,1013.04,1020.52,0.0,0.0,10.86,248.0,WSW,0.0,1.27,1.02,70.61,5999.99,38.79,0.0
2026-09-23T15:35:00Z,2026-09-23T08:35:00-07:00,Brambley,12.78,12.78,12.62,99.0,1013.14,1020.62,0.0,0.0,10.86,247.0,WSW,0.0,1.27,1.02,70.61,5999.99,37.96,0.0
2026-09-23T15:40:00Z,2026-09-23T08:40:00-07:00,Brambley,12.78,12.78,12.62,99.0,1013.04,1020.52,0.0,0.0,10.86,253.0,WSW,0.0,1.27,1.02,70.61,5999.99,48.6,0.0
2026-09-23T15:45:00Z,2026-09-23T08:45:00-07:00,Brambley,12.78,12.78,12.62,99.0,1013.04,1020.52,0.0,0.0,10.86,252.0,WSW,0.0,1.27,1.02,70.61,5999.99,55.74,0.0
2026-09-23T15:50:00Z,2026-09-23T08:50:00-07:00,Brambley,12.89,12.89,12.73,99.0,1013.04,1020.52,0.0,0.0,10.86,252.0,WSW,0.0,1.27,1.02,70.61,5999.99,56.27,0.0
2026-09-23T15:55:00Z,2026-09-23T08:55:00-07:00,Brambley,13.0,13.0,12.84,99.0,1013.14,1020.62,0.0,0.0,10.86,252.0,WSW,0.0,1.27,1.02,70.61,5999.99,64.18,0.0
2026-09-23T16:00:00Z,2026-09-23T09:00:00-07:00,Brambley,13.22,13.22,13.07,99.0,1013.04,1020.52,0.0,0.0,10.86,252.0,WSW,0.0,1.27,1.02,70.61,5999.99,67.81,0.0
2026-09-23T16:05:00Z,2026-09-23T09:05:00-07:00,Brambley,13.39,13.39,13.23,99.0,1013.34,1020.83,0.0,0.0,10.86,253.0,WSW,0.0,1.27,1.02,70.61,5999.99,73.08,0.0
2026-09-23T16:10:00Z,2026-09-23T09:10:00-07:00,Brambley,13.39,13.39,13.23,99.0,1013.04,1020.52,0.0,0.0,10.86,252.0,WSW,0.0,1.27,1.02,70.61,5999.99,85.88,0.0
2026-09-23T16:15:00Z,2026-09-23T09:15:00-07:00,Brambley,13.5,13.5,13.34,99.0,1013.04,1020.52,0.0,0.0,10.86,253.0,WSW,0.0,1.27,1.02,70.61,5999.99,87.81,0.0
2026-09-23T16:20:00Z,2026-09-23T09:20:00-07:00,Brambley,13.61,13.61,13.46,99.0,1013.24,1020.73,0.0,0.0,10.86,252.0,WSW,0.0,1.27,1.02,70.61,5999.99,88.02,0.0
2026-09-23T16:25:00Z,2026-09-23T09:25:00-07:00,Brambley,13.72,13.72,13.57,99.0,1013.04,1020.52,0.0,0.0,10.86,253.0,WSW,0.0,1.27,1.02,70.61,5999.99,99.98,0.0
2026-09-23T16:30:00Z,2026-09-23T09:30:00-07:00,Brambley,13.78,13.78,13.62,99.0,1013.24,1020.73,0.0,0.0,10.86,253.0,WSW,0.0,1.27,1.02,70.61,5999.99,119.41,1.0
2026-09-23T16:35:00Z,2026-09-23T09:35:00-07:00,Brambley,13.78,13.78,13.62,99.0,1013.34,1020.83,0.0,0.0,10.86,258.0,WSW,0.0,1.27,1.02,70.61,5999.99,113.08,1.0
2026-09-23T16:40:00Z,2026-09-23T09:40:00-07:00,Brambley,13.89,13.89,13.73,99.0,1013.14,1020.62,0.0,0.0,10.86,258.0,WSW,0.0,1.27,1.02,70.61,5999.99,124.3,1.0
2026-09-23T16:45:00Z,2026-09-23T09:45:00-07:00,Brambley,14.11,14.11,13.96,99.0,1013.24,1020.73,0.0,0.0,10.86,258.0,WSW,0.0,1.27,1.02,70.61,5999.99,136.54,1.0
2026-09-23T16:50:00Z,2026-09-23T09:50:00-07:00,Brambley,14.28,14.28,14.12,99.0,1013.51,1021.03,0.0,0.0,10.86,258.0,WSW,0.0,1.27,1.02,70.61,5999.99,145.78,1.0
2026-09-23T16:55:00Z,2026-09-23T09:55:00-07:00,Brambley,14.28,14.28,14.12,99.0,1013.24,1020.73,0.0,0.0,10.86,262.0,W,0.0,1.27,1.02,70.61,5999.99,141.68,1.0
2026-09-23T17:00:00Z,2026-09-23T10:00:00-07:00,Brambley,14.0,14.0,13.84,99.0,1013.34,1020.83,0.0,0.0,10.86,249.0,WSW,0.0,1.27,1.02,70.61,5999.99,152.38,1.0
2026-09-23T17:05:00Z,2026-09-23T10:05:00-07:00,Brambley,14.11,14.11,13.96,99.0,1013.41,1020.93,0.0,0.0,10.86,248.0,WSW,0.0,1.27,1.02,70.61,5999.99,232.75,2.0
2026-09-23T17:10:00Z,2026-09-23T10:10:00-07:00,Brambley,14.0,14.0,13.69,98.0,1013.41,1020.93,0.0,0.0,10.86,244.0,WSW,0.0,1.27,1.02,70.61,5999.99,307.26,2.0
2026-09-23T17:15:00Z,2026-09-23T10:15:00-07:00,Brambley,14.72,14.72,14.41,98.0,1013.34,1020.83,0.0,0.0,10.86,254.0,WSW,0.0,1.27,1.02,70.61,5999.99,320.09,3.0
2026-09-23T17:20:00Z,2026-09-23T10:20:00-07:00,Brambley,14.78,14.78,14.47,98.0,1013.51,1021.03,0.0,0.0,10.86,260.0,W,0.0,1.27,1.02,70.61,5999.99,145.98,1.0
2026-09-23T17:25:00Z,2026-09-23T10:25:00-07:00,Brambley,13.89,13.89,13.58,98.0,1013.34,1020.83,0.0,0.0,10.86,257.0,WSW,0.0,1.27,1.02,70.61,5999.99,143.71,1.0
2026-09-23T17:30:00Z,2026-09-23T10:30:00-07:00,Brambley,14.22,14.22,13.91,98.0,1013.61,1021.13,0.0,0.0,10.86,257.0,WSW,0.0,1.27,1.02,70.61,5999.99,144.54,1.0
2026-09-23T17:35:00Z,2026-09-23T10:35:00-07:00,Brambley,14.22,14.22,13.75,97.0,1013.72,1021.23,0.0,0.0,10.86,257.0,WSW,0.0,1.27,1.02,70.61,5999.99,117.37,1.0
2026-09-23T17:40:00Z,2026-09-23T10:40:00-07:00,Brambley,14.0,14.0,13.53,97.0,1014.12,1021.64,0.0,0.0,10.86,261.0,W,0.0,1.27,1.02,70.61,5999.99,85.16,0.0
2026-09-23T17:45:00Z,2026-09-23T10:45:00-07:00,Brambley,13.78,13.78,13.15,96.0,1014.22,1021.74,0.0,0.0,10.86,257.0,WSW,0.0,1.27,1.02,70.61,5999.99,74.08,0.0
2026-09-23T17:50:00Z,2026-09-23T10:50:00-07:00,Brambley,13.78,13.78,13.15,96.0,1014.12,1021.64,0.0,0.0,10.86,249.0,WSW,0.0,1.27,1.02,70.61,5999.99,71.43,0.0
2026-09-23T17:55:00Z,2026-09-23T10:55:00-07:00,Brambley,14.0,14.0,13.37,96.0,1014.32,1021.84,0.0,0.0,10.86,250.0,WSW,0.0,1.27,1.02,70.61,5999.99,67.45,0.0
2026-09-23T18:00:00Z,2026-09-23T11:00:00-07:00,Brambley,14.22,14.22,13.43,95.0,1014.43,1021.91,0.0,0.0,10.86,242.0,WSW,0.0,1.27,1.02,70.61,5999.99,145.39,1.0
2026-09-23T18:05:00Z,2026-09-23T11:05:00-07:00,Brambley,14.39,14.39,13.43,94.0,1014.63,1022.11,0.0,0.0,10.86,243.0,WSW,0.0,1.27,1.02,70.61,5999.99,127.84,1.0
2026-09-23T18:10:00Z,2026-09-23T11:10:00-07:00,Brambley,14.0,14.0,12.72,92.0,1014.53,1022.01,3.48,3.91,10.86,214.0,SW,0.0,1.27,1.02,70.61,5999.99,123.16,1.0
2026-09-23T18:15:00Z,2026-09-23T11:15:00-07:00,Brambley,14.5,14.5,12.88,90.0,1014.53,1022.01,2.69,2.95,10.86,241.0,WSW,0.0,1.27,1.02,70.61,5999.99,167.73,1.0
2026-09-23T18:20:00Z,2026-09-23T11:20:00-07:00,Brambley,14.89,14.89,13.09,89.0,1014.53,1022.01,0.0,0.0,10.86,254.0,WSW,0.0,1.27,1.02,70.61,5999.99,176.46,1.0
2026-09-23T18:25:00Z,2026-09-23T11:25:00-07:00,Brambley,14.72,14.72,12.4,86.0,1014.63,1022.11,1.74,1.91,10.86,233.0,SW,0.0,1.27,1.02,70.61,5999.99,89.64,0.0
2026-09-23T18:30:00Z,2026-09-23T11:30:00-07:00,Brambley,15.28,15.28,12.59,84.0,1014.32,1021.84,1.91,1.91,10.86,231.0,SW,0.0,1.27,1.02,70.61,5999.99,212.48,2.0
2026-09-23T18:35:00Z,2026-09-23T11:35:00-07:00,Brambley,15.5,15.5,12.62,83.0,1014.32,1021.84,0.0,0.0,10.86,240.0,WSW,0.0,1.27,1.02,70.61,5999.99,234.81,2.0
2026-09-23T18:40:00Z,2026-09-23T11:40:00-07:00,Brambley,15.72,15.72,12.84,83.0,1014.43,1021.91,3.13,3.91,10.86,241.0,WSW,0.0,1.27,1.02,70.61,5999.99,168.71,1.0
2026-09-23T18:45:00Z,2026-09-23T11:45:00-07:00,Brambley,15.61,15.61,12.36,81.0,1014.32,1021.84,2.35,2.95,10.86,230.0,SW,0.0,1.27,1.02,70.61,5999.99,114.06,1.0
2026-09-23T18:50:00Z,2026-09-23T11:50:00-07:00,Brambley,16.28,16.28,12.82,80.0,1014.43,1021.91,4.69,6.0,10.86,236.0,SW,0.0,1.27,1.02,70.61,5999.99,98.33,0.0
2026-09-23T18:55:00Z,2026-09-23T11:55:00-07:00,Brambley,16.0,16.0,12.74,81.0,1014.53,1022.01,1.39,1.91,10.86,246.0,WSW,0.0,1.27,1.02,70.61,5999.99,173.59,1.0
2026-09-23T19:00:00Z,2026-09-23T12:00:00-07:00,Brambley,16.0,16.0,12.74,81.0,1014.32,1021.84,3.13,3.91,10.86,235.0,SW,0.0,1.27,1.02,70.61,5999.99,219.04,2.0
2026-09-23T19:05:00Z,2026-09-23T12:05:00-07:00,Brambley,16.11,16.11,12.66,80.0,1014.22,1021.74,4.26,5.04,10.86,244.0,WSW,0.0,1.27,1.02,70.61,5999.99,216.83,2.0
2026-09-23T19:10:00Z,2026-09-23T12:10:00-07:00,Brambley,16.78,16.78,13.31,80.0,1014.22,1021.74,0.0,0.0,10.86,260.0,W,0.0,1.27,1.02,70.61,5999.99,225.69,2.0
2026-09-23T19:15:00Z,2026-09-23T12:15:00-07:00,Brambley,16.72,16.72,12.67,77.0,1014.43,1021.91,3.91,5.04,10.86,237.0,WSW,0.0,1.27,1.02,70.61,5999.99,230.48,2.0
2026-09-23T19:20:00Z,2026-09-23T12:20:00-07:00,Brambley,16.5,16.5,12.25,76.0,1014.53,1022.01,5.04,6.0,10.86,247.0,WSW,0.0,1.27,1.02,70.61,5999.99,187.14,1.0
2026-09-23T19:25:00Z,2026-09-23T12:25:00-07:00,Brambley,16.11,16.11,11.68,75.0,1014.32,1021.84,2.95,2.95,10.86,225.0,SW,0.0,1.27,1.02,70.61,5999.99,114.82,1.0
2026-09-23T19:30:00Z,2026-09-23T12:30:00-07:00,Brambley,16.61,16.61,12.16,75.0,1014.43,1021.91,0.0,0.0,10.86,247.0,WSW,0.0,1.27,1.02,70.61,5999.99,222.15,2.0
2026-09-23T19:35:00Z,2026-09-23T12:35:00-07:00,Brambley,16.89,16.89,11.81,72.0,1014.43,1021.91,6.26,7.04,10.86,242.0,WSW,0.0,1.27,1.02,70.61,5999.99,200.74,1.0
2026-09-23T19:40:00Z,2026-09-23T12:40:00-07:00,Brambley,17.0,17.0,12.12,73.0,1014.43,1021.91,3.91,5.04,10.86,253.0,WSW,0.0,1.27,1.02,70.61,5999.99,189.2,1.0
2026-09-23T19:45:00Z,2026-09-23T12:45:00-07:00,Brambley,16.78,16.78,11.91,73.0,1014.32,1021.84,2.52,2.95,10.86,253.0,WSW,0.0,1.27,1.02,70.61,5999.99,443.33,4.0
2026-09-23T19:50:00Z,2026-09-23T12:50:00-07:00,Brambley,17.22,17.22,12.75,75.0,1014.22,1021.74,3.91,5.04,10.86,243.0,WSW,0.0,1.27,1.02,70.61,5999.99,658.79,6.0
2026-09-23T19:55:00Z,2026-09-23T12:55:00-07:00,Brambley,17.61,17.61,12.71,73.0,1014.02,1021.54,3.3,5.04,10.86,220.0,SW,0.0,1.27,1.02,70.61,5999.99,592.63,5.0
2026-09-23T20:00:00Z,2026-09-23T13:00:00-07:00,Brambley,17.61,17.61,12.71,73.0,1014.22,1021.74,0.0,0.0,10.86,252.0,WSW,0.0,1.27,1.02,70.61,5999.99,506.54,4.0
2026-09-23T20:05:00Z,2026-09-23T13:05:00-07:00,Brambley,17.28,17.28,11.97,71.0,1014.12,1021.64,3.91,5.04,10.86,213.0,SSW,0.0,1.27,1.02,70.61,5999.99,247.78,2.0
2026-09-23T20:10:00Z,2026-09-23T13:10:00-07:00,Brambley,17.11,17.11,11.81,71.0,1013.92,1021.44,5.82,7.04,10.86,241.0,WSW,0.0,1.27,1.02,70.61,5999.99,544.99,5.0
2026-09-23T20:15:00Z,2026-09-23T13:15:00-07:00,Brambley,16.89,16.89,11.81,72.0,1014.12,1021.64,4.43,5.04,10.86,247.0,WSW,0.0,1.27,1.02,70.61,5999.99,588.82,5.0
2026-09-23T20:20:00Z,2026-09-23T13:20:00-07:00,Brambley,17.5,17.5,11.3,67.0,1014.22,1021.74,5.47,6.0,10.86,232.0,SW,0.0,1.27,1.02,70.61,5999.99,407.92,3.0
2026-09-23T20:25:00Z,2026-09-23T13:25:00-07:00,Brambley,17.28,17.28,11.31,68.0,1014.12,1021.64,3.48,5.04,10.86,214.0,SW,0.0,1.27,1.02,70.61,5999.99,482.47,4.0
2026-09-23T20:30:00Z,2026-09-23T13:30:00-07:00,Brambley,17.5,17.5,10.13,62.0,1014.12,1021.64,2.17,2.95,10.86,230.0,SW,0.0,1.27,1.02,70.61,5999.99,468.67,4.0
2026-09-23T20:35:00Z,2026-09-23T13:35:00-07:00,Brambley,18.11,18.11,10.71,62.0,1013.92,1021.44,2.95,5.04,10.86,259.0,W,0.0,1.27,1.02,70.61,5999.99,495.64,4.0
2026-09-23T20:40:00Z,2026-09-23T13:40:00-07:00,Brambley,18.22,18.22,9.82,58.0,1013.82,1021.33,3.48,3.91,10.86,261.0,W,0.0,1.27,1.02,70.61,5999.99,503.9,4.0
2026-09-23T20:45:00Z,2026-09-23T13:45:00-07:00,Brambley,18.28,18.28,9.87,58.0,1013.82,1021.33,3.13,3.91,10.86,238.0,WSW,0.0,1.27,1.02,70.61,5999.99,497.79,4.0
2026-09-23T20:50:00Z,2026-09-23T13:50:00-07:00,Brambley,17.72,17.72,9.09,57.0,1013.82,1021.33,5.04,6.0,10.86,231.0,SW,0.0,1.27,1.02,70.61,5999.99,499.12,4.0
2026-09-23T20:55:00Z,2026-09-23T13:55:00-07:00,Brambley,17.39,17.39,9.29,59.0,1013.92,1021.44,4.69,6.0,10.86,231.0,SW,0.0,1.27,1.02,70.61,5999.99,498.19,4.0
2026-09-23T21:00:00Z,2026-09-23T14:00:00-07:00,Brambley,17.28,17.28,9.19,59.0,1013.92,1021.44,4.69,6.0,10.86,242.0,WSW,0.0,1.27,1.02,70.61,5999.99,477.17,4.0
2026-09-23T21:05:00Z,2026-09-23T14:05:00-07:00,Brambley,17.28,17.28,9.44,60.0,1013.82,1021.33,6.26,7.04,10.86,237.0,WSW,0.0,1.27,1.02,70.61,5999.99,459.9,4.0
2026-09-23T21:10:00Z,2026-09-23T14:10:00-07:00,Brambley,17.11,17.11,10.48,65.0,1013.92,1021.44,3.13,5.04,10.86,228.0,SW,0.0,1.27,1.02,70.61,5999.99,442.37,4.0
2026-09-23T21:15:00Z,2026-09-23T14:15:00-07:00,Brambley,17.11,17.11,9.53,61.0,1013.72,1021.23,5.82,7.04,10.86,241.0,WSW,0.0,1.27,1.02,70.61,5999.99,464.71,4.0
2026-09-23T21:20:00Z,2026-09-23T14:20:00-07:00,Brambley,17.28,17.28,9.68,61.0,1013.72,1021.23,4.87,7.04,10.86,249.0,WSW,0.0,1.27,1.02,70.61,5999.99,468.98,4.0
2026-09-23T21:25:00Z,2026-09-23T14:25:00-07:00,Brambley,17.5,17.5,9.39,59.0,1013.72,1021.23,3.3,5.04,10.86,234.0,SW,0.0,1.27,1.02,70.61,5999.99,465.94,4.0
2026-09-23T21:30:00Z,2026-09-23T14:30:00-07:00,Brambley,17.39,17.39,9.29,59.0,1013.72,1021.23,3.74,5.04,10.86,248.0,WSW,0.0,1.27,1.02,70.61,5999.99,455.86,4.0
2026-09-23T21:35:00Z,2026-09-23T14:35:00-07:00,Brambley,17.22,17.22,10.58,65.0,1013.61,1021.13,7.39,7.99,10.86,214.0,SW,0.0,1.27,1.02,70.61,5999.99,445.44,4.0
2026-09-23T21:40:00Z,2026-09-23T14:40:00-07:00,Brambley,17.11,17.11,10.93,67.0,1013.72,1021.23,4.87,6.0,10.86,235.0,SW,0.0,1.27,1.02,70.61,5999.99,435.66,4.0
2026-09-23T21:45:00Z,2026-09-23T14:45:00-07:00,Brambley,17.28,17.28,11.09,67.0,1013.92,1021.44,6.78,7.99,10.86,232.0,SW,0.0,1.27,1.02,70.61,5999.99,431.07,4.0
2026-09-23T21:50:00Z,2026-09-23T14:50:00-07:00,Brambley,17.11,17.11,10.71,66.0,1013.82,1021.33,6.43,8.95,10.86,237.0,WSW,0.0,1.27,1.02,70.61,5999.99,421.98,4.0
2026-09-23T21:55:00Z,2026-09-23T14:55:00-07:00,Brambley,17.22,17.22,10.35,64.0,1013.82,1021.33,7.73,8.95,10.86,205.0,SSW,0.0,1.27,1.02,70.61,5999.99,414.72,4.0
2026-09-23T22:00:00Z,2026-09-23T15:00:00-07:00,Brambley,17.0,17.0,10.82,67.0,1013.82,1021.33,7.04,7.99,10.86,190.0,S,0.0,1.27,1.02,70.61,5999.99,408.67,3.0
2026-09-23T22:05:00Z,2026-09-23T15:05:00-07:00,Brambley,17.0,17.0,10.37,65.0,1013.72,1021.23,4.26,6.0,10.86,233.0,SW,0.0,1.27,1.02,70.61,5999.99,356.53,3.0
2026-09-23T22:10:00Z,2026-09-23T15:10:00-07:00,Brambley,17.22,17.22,9.87,62.0,1013.82,1021.33,5.65,7.99,10.86,254.0,WSW,0.0,1.27,1.02,70.61,5999.99,325.67,3.0
2026-09-23T22:15:00Z,2026-09-23T15:15:00-07:00,Brambley,17.11,17.11,9.77,62.0,1013.72,1021.23,5.47,7.04,10.86,264.0,W,0.0,1.27,1.02,70.61,5999.99,294.78,2.0
2026-09-23T22:20:00Z,2026-09-23T15:20:00-07:00,Brambley,17.11,17.11,9.28,60.0,1013.72,1021.23,6.43,7.04,10.86,221.0,SW,0.0,1.27,1.02,70.61,5999.99,374.85,3.0
2026-09-23T22:25:00Z,2026-09-23T15:25:00-07:00,Brambley,17.28,17.28,8.93,58.0,1013.82,1021.33,7.04,7.99,10.86,231.0,SW,0.0,1.27,1.02,70.61,5999.99,358.49,3.0
2026-09-23T22:30:00Z,2026-09-23T15:30:00-07:00,Brambley,17.28,17.28,9.68,61.0,1014.02,1021.54,5.47,7.04,10.86,232.0,SW,0.0,1.27,1.02,70.61,5999.99,351.72,3.0
2026-09-23T22:35:00Z,2026-09-23T15:35:00-07:00,Brambley,17.11,17.11,9.77,62.0,1014.02,1021.54,3.91,5.04,10.86,229.0,SW,0.0,1.27,1.02,70.61,5999.99,329.84,3.0
2026-09-23T22:40:00Z,2026-09-23T15:40:00-07:00,Brambley,17.39,17.39,10.03,62.0,1014.02,1021.54,6.26,7.99,10.86,239.0,WSW,0.0,1.27,1.02,70.61,5999.99,316.61,3.0
2026-09-23T22:45:00Z,2026-09-23T15:45:00-07:00,Brambley,17.22,17.22,10.11,63.0,1013.92,1021.44,6.43,7.04,10.86,235.0,SW,0.0,1.27,1.02,70.61,5999.99,318.48,3.0
2026-09-23T22:50:00Z,2026-09-23T15:50:00-07:00,Brambley,17.22,17.22,9.87,62.0,1013.72,1021.23,5.65,7.04,10.86,226.0,SW,0.0,1.27,1.02,70.61,5999.99,304.8,2.0
2026-09-23T22:55:00Z,2026-09-23T15:55:00-07:00,Brambley,17.39,17.39,10.03,62.0,1013.72,1021.23,6.6,8.95,10.86,216.0,SW,0.0,1.27,1.02,70.61,5999.99,294.96,2.0
2026-09-23T23:00:00Z,2026-09-23T16:00:00-07:00,Brambley,17.11,17.11,10.24,64.0,1013.82,1021.33,6.43,7.99,10.86,248.0,WSW,0.0,1.27,1.02,70.61,5999.99,283.34,2.0
2026-09-23T23:05:00Z,2026-09-23T16:05:00-07:00,Brambley,16.89,16.89,10.27,65.0,1013.72,1021.23,1.74,3.91,11.82,204.0,SSW,0.0,1.27,1.02,70.61,5999.99,271.97,2.0
2026-09-23T23:10:00Z,2026-09-23T16:10:00-07:00,Brambley,17.22,17.22,10.58,65.0,1013.51,1021.03,1.56,1.91,11.82,252.0,WSW,0.0,1.27,1.02,70.61,5999.99,253.02,2.0
2026-09-23T23:15:00Z,2026-09-23T16:15:00-07:00,Brambley,17.22,17.22,10.35,64.0,1013.61,1021.13,3.48,3.91,11.82,226.0,SW,0.0,1.27,1.02,70.61,5999.99,241.97,2.0
2026-09-23T23:20:00Z,2026-09-23T16:20:00-07:00,Brambley,17.11,17.11,10.24,64.0,1013.61,1021.13,4.26,5.04,11.82,237.0,WSW,0.0,1.27,1.02,70.61,5999.99,231.41,2.0
2026-09-23T23:25:00Z,2026-09-23T16:25:00-07:00,Brambley,17.78,17.78,10.39,62.0,1013.61,1021.13,2.35,3.91,11.82,269.0,W,0.0,1.27,1.02,70.61,5999.99,224.4,2.0
2026-09-23T23:30:00Z,2026-09-23T16:30:00-07:00,Brambley,18.11,18.11,9.19,56.0,1013.61,1021.13,1.91,3.91,11.82,230.0,SW,0.0,1.27,1.02,70.61,5999.99,209.16,2.0
2026-09-23T23:35:00Z,2026-09-23T16:35:00-07:00,Brambley,17.78,17.78,8.61,55.0,1013.61,1021.13,0.78,1.91,11.82,275.0,W,0.0,1.27,1.02,70.61,5999.99,194.23,1.0
2026-09-23T23:40:00Z,2026-09-23T16:40:00-07:00,Brambley,17.78,17.78,8.61,55.0,1013.61,1021.13,4.43,7.04,11.82,221.0,SW,0.0,1.27,1.02,70.61,5999.99,182.55,1.0
2026-09-23T23:45:00Z,2026-09-23T16:45:00-07:00,Brambley,18.11,18.11,8.65,54.0,1013.24,1020.73,0.61,0.96,11.82,254.0,WSW,0.0,1.27,1.02,70.61,5999.99,161.17,1.0
2026-09-23T23:50:00Z,2026-09-23T16:50:00-07:00,Brambley,17.28,17.28,9.68,61.0,1013.41,1020.93,3.3,3.91,11.82,245.0,WSW,0.0,1.27,1.02,70.61,5999.99,139.15,1.0
2026-09-23T23:55:00Z,2026-09-23T16:55:00-07:00,Brambley,17.5,17.5,9.64,60.0,1013.51,1021.03,0.61,2.95,11.82,238.0,WSW,0.0,1.27,1.02,70.61,5999.99,114.33,1.0
2026-09-24T00:00:00Z,2026-09-23T17:00:00-07:00,Brambley,17.72,17.72,10.34,62.0,1013.34,1020.83,1.91,1.91,11.82,253.0,WSW,0.0,1.27,1.02,70.61,5999.99,95.97,0.0
2026-09-24T00:05:00Z,2026-09-23T17:05:00-07:00,Brambley,17.61,17.61,9.99,61.0,1013.24,1020.73,3.74,5.04,11.82,249.0,WSW,0.0,1.27,1.02,70.61,5999.99,80.49,0.0
2026-09-24T00:10:00Z,2026-09-23T17:10:00-07:00,Brambley,17.5,17.5,8.62,56.0,1013.34,1020.83,1.56,2.95,11.82,250.0,WSW,0.0,1.27,1.02,70.61,5999.99,54.61,0.0
2026-09-24T00:15:00Z,2026-09-23T17:15:00-07:00,Brambley,17.22,17.22,8.62,57.0,1013.24,1020.73,1.91,2.95,11.82,237.0,WSW,0.0,1.27,1.02,70.61,5999.99,60.26,0.0
2026-09-24T00:20:00Z,2026-09-23T17:20:00-07:00,Brambley,17.0,17.0,8.67,58.0,1013.24,1020.73,3.48,5.04,11.82,232.0,SW,0.0,1.27,1.02,70.61,5999.99,63.87,0.0
2026-09-24T00:25:00Z,2026-09-23T17:25:00-07:00,Brambley,16.72,16.72,8.67,59.0,1013.24,1020.73,5.21,7.99,11.82,232.0,SW,0.0,1.27,1.02,70.61,5999.99,63.09,0.0
2026-09-24T00:30:00Z,2026-09-23T17:30:00-07:00,Brambley,16.72,16.72,8.16,57.0,1013.14,1020.62,0.78,2.95,11.82,252.0,WSW,0.0,1.27,1.02,70.61,5999.99,71.89,0.0
2026-09-24T00:35:00Z,2026-09-23T17:35:00-07:00,Brambley,16.72,16.72,8.41,58.0,1013.14,1020.62,3.3,3.91,11.82,208.0,SSW,0.0,1.27,1.02,70.61,5999.99,57.29,0.0
2026-09-24T00:40:00Z,2026-09-23T17:40:00-07:00,Brambley,16.39,16.39,8.6,60.0,1013.14,1020.62,0.0,0.0,11.82,247.0,WSW,0.0,1.27,1.02,70.61,5999.99,59.4,0.0
2026-09-24T00:45:00Z,2026-09-23T17:45:00-07:00,Brambley,16.28,16.28,8.74,61.0,1013.14,1020.62,1.74,2.95,11.82,242.0,WSW,0.0,1.27,1.02,70.61,5999.99,54.87,0.0
2026-09-24T00:50:00Z,2026-09-23T17:50:00-07:00,Brambley,16.22,16.22,8.93,62.0,1013.34,1020.83,2.95,3.91,11.82,243.0,WSW,0.0,1.27,1.02,70.61,5999.99,49.4,0.0
2026-09-24T00:55:00Z,2026-09-23T17:55:00-07:00,Brambley,16.28,16.28,9.22,63.0,1013.34,1020.83,1.56,1.91,11.82,253.0,WSW,0.0,1.27,1.02,70.61,5999.99,49.69,0.0
2026-09-24T01:00:00Z,2026-09-23T18:00:00-07:00,Brambley,16.78,16.78,8.97,60.0,1013.04,1020.52,0.17,0.96,11.82,268.0,W,0.0,1.27,1.02,70.61,5999.99,47.29,0.0
2026-09-24T01:05:00Z,2026-09-23T18:05:00-07:00,Brambley,17.11,17.11,9.03,59.0,1013.04,1020.52,0.0,0.0,11.82,259.0,W,0.0,1.27,1.02,70.61,5999.99,43.28,0.0
2026-09-24T01:10:00Z,2026-09-23T18:10:00-07:00,Brambley,17.28,17.28,9.93,62.0,1013.24,1020.73,0.0,0.0,11.82,255.0,WSW,0.0,1.27,1.02,70.61,5999.99,32.62,0.0
2026-09-24T01:15:00Z,2026-09-23T18:15:00-07:00,Brambley,16.5,16.5,9.67,64.0,1013.04,1020.52,0.35,0.96,11.82,247.0,WSW,0.0,1.27,1.02,70.61,5999.99,27.08,0.0
2026-09-24T01:20:00Z,2026-09-23T18:20:00-07:00,Brambley,16.22,16.22,9.4,64.0,1012.83,1020.32,0.61,0.96,11.82,257.0,WSW,0.0,1.27,1.02,70.61,5999.99,23.09,0.0
2026-09-24T01:25:00Z,2026-09-23T18:25:00-07:00,Brambley,15.78,15.78,9.44,66.0,1012.83,1020.32,0.0,0.0,11.82,264.0,W,0.0,1.27,1.02,70.61,5999.99,18.52,0.0
2026-09-24T01:30:00Z,2026-09-23T18:30:00-07:00,Brambley,15.72,15.72,9.61,67.0,1012.94,1020.42,2.35,2.95,11.82,227.0,SW,0.0,1.27,1.02,70.61,5999.99,19.28,0.0
2026-09-24T01:35:00Z,2026-09-23T18:35:00-07:00,Brambley,15.28,15.28,9.18,67.0,1013.14,1020.62,0.61,0.96,11.82,249.0,WSW,0.0,1.27,1.02,70.61,5999.99,21.93,0.0
2026-09-24T01:40:00Z,2026-09-23T18:40:00-07:00,Brambley,15.5,15.5,9.39,67.0,1012.94,1020.42,0.17,0.96,11.82,251.0,WSW,0.0,1.27,1.02,70.61,5999.99,21.99,0.0
2026-09-24T01:45:00Z,2026-09-23T18:45:00-07:00,Brambley,15.39,15.39,9.73,69.0,1012.83,1020.32,0.0,0.0,11.82,257.0,WSW,0.0,1.27,1.02,70.61,5999.99,18.07,0.0
2026-09-24T01:50:00Z,2026-09-23T18:50:00-07:00,Brambley,15.28,15.28,9.84,70.0,1012.83,1020.32,0.0,0.0,11.82,251.0,WSW,0.0,1.27,1.02,70.61,5999.99,12.04,0.0
2026-09-24T01:55:00Z,2026-09-23T18:55:00-07:00,Brambley,15.0,15.0,9.78,71.0,1012.94,1020.42,0.0,0.0,11.82,259.0,W,0.0,1.27,1.02,70.61,5999.99,9.66,0.0
2026-09-24T02:00:00Z,2026-09-23T19:00:00-07:00,Brambley,14.72,14.72,9.72,72.0,1012.83,1020.32,0.0,0.0,11.82,258.0,WSW,0.0,1.27,1.02,70.61,5999.99,7.29,0.0
2026-09-24T02:05:00Z,2026-09-23T19:05:00-07:00,Brambley,14.39,14.39,9.61,73.0,1012.94,1020.42,0.0,0.0,11.82,240.0,WSW,0.0,1.27,1.02,70.61,5999.99,4.03,0.0
2026-09-24T02:10:00Z,2026-09-23T19:10:00-07:00,Brambley,14.11,14.11,9.74,75.0,1013.24,1020.73,0.0,0.0,11.82,258.0,WSW,0.0,1.27,1.02,70.61,5999.99,2.24,0.0
2026-09-24T02:15:00Z,2026-09-23T19:15:00-07:00,Brambley,13.89,13.89,9.73,76.0,1012.83,1020.32,0.0,0.0,11.82,259.0,W,0.0,1.27,1.02,70.61,5999.99,1.29,0.0
2026-09-24T02:20:00Z,2026-09-23T19:20:00-07:00,Brambley,13.72,13.72,9.76,77.0,1012.94,1020.42,0.0,0.0,11.82,258.0,WSW,0.0,1.27,1.02,70.61,5999.99,0.59,0.0
2026-09-24T02:25:00Z,2026-09-23T19:25:00-07:00,Brambley,13.61,13.61,9.66,77.0,1012.94,1020.42,0.0,0.0,11.82,260.0,W,0.0,1.27,1.02,70.61,5999.99,0.25,0.0
2026-09-24T02:30:00Z,2026-09-23T19:30:00-07:00,Brambley,13.39,13.39,9.63,78.0,1012.94,1020.42,0.0,0.0,11.82,256.0,WSW,0.0,1.27,1.02,70.61,5999.99,0.09,0.0
2026-09-24T02:35:00Z,2026-09-23T19:35:00-07:00,Brambley,13.39,13.39,9.63,78.0,1012.94,1020.42,0.0,0.0,11.82,253.0,WSW,0.0,1.27,1.02,70.61,5999.99,0.03,0.0
2026-09-24T02:40:00Z,2026-09-23T19:40:00-07:00,Brambley,13.22,13.22,9.66,79.0,1013.04,1020.52,0.0,0.0,11.82,257.0,WSW,0.0,1.27,1.02,70.61,5999.99,0.01,0.0
2026-09-24T02:45:00Z,2026-09-23T19:45:00-07:00,Brambley,13.0,13.0,9.44,79.0,1013.04,1020.52,0.0,0.0,11.82,258.0,WSW,0.0,1.27,1.02,70.61,5999.99,0.0,0.0
2026-09-24T02:50:00Z,2026-09-23T19:50:00-07:00,Brambley,13.0,13.0,9.63,80.0,1012.83,1020.32,0.0,0.0,11.82,259.0,W,0.0,1.27,1.02,70.61,5999.99,0.0,0.0
2026-09-24T02:55:00Z,2026-09-23T19:55:00-07:00,Brambley,12.89,12.89,9.52,80.0,1012.83,1020.32,0.0,0.0,11.82,258.0,WSW,0.0,1.27,1.02,70.61,5999.99,0.0,0.0
2026-09-24T03:00:00Z,2026-09-23T20:00:00-07:00,Brambley,12.72,12.72,9.36,80.0,1013.14,1020.62,0.0,0.0,11.82,258.0,WSW,0.0,1.27,1.02,70.61,5999.99,0.0,0.0
2026-09-24T03:05:00Z,2026-09-23T20:05:00-07:00,Brambley,12.61,12.61,9.25,80.0,1012.83,1020.32,0.0,0.0,11.82,258.0,WSW,0.0,1.27,1.02,70.61,5999.99,0.0,0.0
2026-09-24T03:10:00Z,2026-09-23T20:10:00-07:00,Brambley,12.5,12.5,9.33,81.0,1012.94,1020.42,0.0,0.0,11.82,258.0,WSW,0.0,1.27,1.02,70.61,5999.99,0.0,0.0
2026-09-24T03:15:00Z,2026-09-23T20:15:00-07:00,Brambley,12.28,12.28,9.11,81.0,1013.04,1020.52,0.0,0.0,11.82,258.0,WSW,0.0,1.27,1.02,70.61,5999.99,0.0,0.0
2026-09-24T03:20:00Z,2026-09-23T20:20:00-07:00,Brambley,12.22,12.22,9.24,82.0,1012.83,1020.32,0.0,0.0,11.82,258.0,WSW,0.0,1.27,1.02,70.61,5999.99,0.0,0.0
2026-09-24T03:25:00Z,2026-09-23T20:25:00-07:00,Brambley,12.0,12.0,9.2,83.0,1012.73,1020.22,0.0,0.0,11.82,258.0,WSW,0.0,1.27,1.02,70.61,5999.99,0.0,0.0
2026-09-24T03:30:00Z,2026-09-23T20:30:00-07:00,Brambley,11.78,11.78,9.16,84.0,1013.14,1020.62,0.0,0.0,11.82,258.0,WSW,0.0,1.27,1.02,70.61,5999.99,0.0,0.0
2026-09-24T03:35:00Z,2026-09-23T20:35:00-07:00,Brambley,11.5,11.5,9.07,85.0,1013.14,1020.62,0.0,0.0,11.82,258.0,WSW,0.0,1.27,1.02,70.61,5999.99,0.0,0.0
2026-09-24T03:40:00Z,2026-09-23T20:40:00-07:00,Brambley,11.5,11.5,9.24,86.0,1013.04,1020.52,0.0,0.0,11.82,258.0,WSW,0.0,1.27,1.02,70.61,5999.99,0.0,0.0
2026-09-24T03:45:00Z,2026-09-23T20:45:00-07:00,Brambley,11.39,11.39,9.3,87.0,1012.94,1020.42,0.0,0.0,11.82,258.0,WSW,0.0,1.27,1.02,70.61,5999.99,0.0,0.0
2026-09-24T03:50:00Z,2026-09-23T20:50:00-07:00,Brambley,11.22,11.22,9.14,87.0,1013.14,1020.62,0.0,0.0,11.82,258.0,WSW,0.0,1.27,1.02,70.61,5999.99,0.0,0.0
2026-09-24T03:55:00Z,2026-09-23T20:55:00-07:00,Brambley,11.22,11.22,9.31,88.0,1013.04,1020.52,0.0,0.0,11.82,264.0,W,0.0,1.27,1.02,70.61,5999.99,0.0,0.0
2026-09-24T04:00:00Z,2026-09-23T21:00:00-07:00,Brambley,11.0,11.0,9.09,88.0,1013.24,1020.73,0.0,0.0,11.82,254.0,WSW,0.0,1.27,1.02,70.61,5999.99,0.0,0.0
2026-09-24T04:05:00Z,2026-09-23T21:05:00-07:00,Brambley,10.89,10.89,9.14,89.0,1012.94,1020.42,0.0,0.0,11.82,254.0,WSW,0.0,1.27,1.02,70.61,5999.99,0.0,0.0
2026-09-24T04:10:00Z,2026-09-23T21:10:00-07:00,Brambley,10.89,10.89,9.14,89.0,1013.34,1020.83,0.0,0.0,11.82,255.0,WSW,0.0,1.27,1.02,70.61,5999.99,0.0,0.0
2026-09-24T04:15:00Z,2026-09-23T21:15:00-07:00,Brambley,10.78,10.78,9.04,89.0,1013.24,1020.73,0.0,0.0,11.82,255.0,WSW,0.0,1.27,1.02,70.61,5999.99,0.0,0.0
2026-09-24T04:20:00Z,2026-09-23T21:20:00-07:00,Brambley,10.61,10.61,9.04,90.0,1013.14,1020.62,0.0,0.0,11.82,254.0,WSW,0.0,1.27,1.02,70.61,5999.99,0.0,0.0
2026-09-24T04:25:00Z,2026-09-23T21:25:00-07:00,Brambley,10.61,10.61,9.04,90.0,1013.24,1020.73,0.0,0.0,11.82,255.0,WSW,0.0,1.27,1.02,70.61,5999.99,0.0,0.0
2026-09-24T04:30:00Z,2026-09-23T21:30:00-07:00,Brambley,10.39,10.39,8.82,90.0,1013.24,1020.73,0.0,0.0,11.82,255.0,WSW,0.0,1.27,1.02,70.61,5999.99,0.0,0.0
2026-09-24T04:35:00Z,2026-09-23T21:35:00-07:00,Brambley,10.28,10.28,8.87,91.0,1013.04,1020.52,0.0,0.0,11.82,255.0,WSW,0.0,1.27,1.02,70.61,5999.99,0.0,0.0
2026-09-24T04:40:00Z,2026-09-23T21:40:00-07:00,Brambley,10.22,10.22,8.82,91.0,1012.94,1020.42,0.0,0.0,11.82,255.0,WSW,0.0,1.27,1.02,70.61,5999.99,0.0,0.0
2026-09-24T04:45:00Z,2026-09-23T21:45:00-07:00,Brambley,10.11,10.11,8.87,92.0,1013.04,1020.52,0.0,0.0,11.82,255.0,WSW,0.0,1.27,1.02,70.61,5999.99,0.0,0.0
2026-09-24T04:50:00Z,2026-09-23T21:50:00-07:00,Brambley,10.11,10.11,8.87,92.0,1013.14,1020.62,0.0,0.0,11.82,255.0,WSW,0.0,1.27,1.02,70.61,5999.99,0.0,0.0
2026-09-24T04:55:00Z,2026-09-23T21:55:00-07:00,Brambley,10.0,10.0,8.76,92.0,1012.94,1020.42,0.0,0.0,11.82,255.0,WSW,0.0,1.27,1.02,70.61,5999.99,0.0,0.0
2026-09-24T05:00:00Z,2026-09-23T22:00:00-07:00,Brambley,9.89,9.89,8.65,92.0,1012.83,1020.32,0.0,0.0,11.82,255.0,WSW,0.0,1.27,1.02,70.61,5999.99,0.0,0.0
2026-09-24T05:05:00Z,2026-09-23T22:05:00-07:00,Brambley,9.72,9.72,8.64,93.0,1012.94,1020.42,0.0,0.0,11.82,255.0,WSW,0.0,1.27,1.02,70.61,5999.99,0.0,0.0
2026-09-24T05:10:00Z,2026-09-23T22:10:00-07:00,Brambley,9.61,9.61,8.53,93.0,1013.24,1020.73,0.0,0.0,11.82,255.0,WSW,0.0,1.27,1.02,70.61,5999.99,0.0,0.0
2026-09-24T05:15:00Z,2026-09-23T22:15:00-07:00,Brambley,9.5,9.5,8.42,93.0,1012.83,1020.32,0.0,0.0,11.82,255.0,WSW,0.0,1.27,1.02,70.61,5999.99,0.0,0.0
2026-09-24T05:20:00Z,2026-09-23T22:20:00-07:00,Brambley,9.39,9.39,8.32,93.0,1012.43,1019.91,0.0,0.0,11.82,255.0,WSW,0.0,1.27,1.02,70.61,5999.99,0.0,0.0
2026-09-24T05:25:00Z,2026-09-23T22:25:00-07:00,Brambley,9.22,9.22,8.15,93.0,1012.53,1020.01,0.0,0.0,11.82,255.0,WSW,0.0,1.27,1.02,70.61,5999.99,0.0,0.0
2026-09-24T05:30:00Z,2026-09-23T22:30:00-07:00,Brambley,9.28,9.28,8.36,94.0,1012.53,1020.01,0.0,0.0,11.82,255.0,WSW,0.0,1.27,1.02,70.61,5999.99,0.0,0.0
2026-09-24T05:35:00Z,2026-09-23T22:35:00-07:00,Brambley,9.39,9.39,8.47,94.0,1012.23,1019.74,0.0,0.0,11.82,255.0,WSW,0.0,1.27,1.02,70.61,5999.99,0.0,0.0
2026-09-24T05:40:00Z,2026-09-23T22:40:00-07:00,Brambley,9.22,9.22,8.31,94.0,1012.53,1020.01,0.0,0.0,11.82,255.0,WSW,0.0,1.27,1.02,70.61,5999.99,0.0,0.0
2026-09-24T05:45:00Z,2026-09-23T22:45:00-07:00,Brambley,9.22,9.22,8.31,94.0,1012.63,1020.12,0.0,0.0,11.82,255.0,WSW,0.0,1.27,1.02,70.61,5999.99,0.0,0.0
2026-09-24T05:50:00Z,2026-09-23T22:50:00-07:00,Brambley,9.39,9.39,8.47,94.0,1012.33,1019.81,0.0,0.0,11.82,255.0,WSW,0.0,1.27,1.02,70.61,5999.99,0.0,0.0
2026-09-24T05:55:00Z,2026-09-23T22:55:00-07:00,Brambley,9.28,9.28,8.36,94.0,1012.73,1020.22,0.0,0.0,11.82,255.0,WSW,0.0,1.27,1.02,70.61,5999.99,0.0,0.0
2026-09-24T06:00:00Z,2026-09-23T23:00:00-07:00,Brambley,9.11,9.11,8.35,95.0,1012.63,1020.12,0.0,0.0,11.82,255.0,WSW,0.0,1.27,1.02,70.61,5999.99,0.0,0.0
2026-09-24T06:05:00Z,2026-09-23T23:05:00-07:00,Brambley,9.22,9.22,8.46,95.0,1012.33,1019.81,0.0,0.0,11.82,255.0,WSW,0.0,1.27,1.02,70.61,5999.99,0.0,0.0
2026-09-24T06:10:00Z,2026-09-23T23:10:00-07:00,Brambley,9.39,9.39,8.63,95.0,1012.53,1020.01,0.0,0.0,11.82,255.0,WSW,0.0,1.27,1.02,70.61,5999.99,0.0,0.0
2026-09-24T06:15:00Z,2026-09-23T23:15:00-07:00,Brambley,9.28,9.28,8.52,95.0,1012.12,1019.64,0.0,0.0,11.82,255.0,WSW,0.0,1.27,1.02,70.61,5999.99,0.0,0.0
2026-09-24T06:20:00Z,2026-09-23T23:20:00-07:00,Brambley,9.28,9.28,8.52,95.0,1012.12,1019.64,0.0,0.0,11.82,255.0,WSW,0.0,1.27,1.02,70.61,5999.99,0.0,0.0
2026-09-24T06:25:00Z,2026-09-23T23:25:00-07:00,Brambley,9.22,9.22,8.46,95.0,1011.92,1019.44,0.0,0.0,11.82,255.0,WSW,0.0,1.27,1.02,70.61,5999.99,0.0,0.0
2026-09-24T06:30:00Z,2026-09-23T23:30:00-07:00,Brambley,9.11,9.11,8.35,95.0,1011.92,1019.44,0.0,0.0,11.82,255.0,WSW,0.0,1.27,1.02,70.61,5999.99,0.0,0.0
2026-09-24T06:35:00Z,2026-09-23T23:35:00-07:00,Brambley,9.0,9.0,8.39,96.0,1012.12,1019.64,0.0,0.0,11.82,255.0,WSW,0.0,1.27,1.02,70.61,5999.99,0.0,0.0
2026-09-24T06:40:00Z,2026-09-23T23:40:00-07:00,Brambley,9.0,9.0,8.24,95.0,1012.12,1019.64,0.0,0.0,11.82,255.0,WSW,0.0,1.27,1.02,70.61,5999.99,0.0,0.0
2026-09-24T06:45:00Z,2026-09-23T23:45:00-07:00,Brambley,9.0,9.0,8.39,96.0,1012.43,1019.91,0.0,0.0,11.82,255.0,WSW,0.0,1.27,1.02,70.61,5999.99,0.0,0.0
2026-09-24T06:50:00Z,2026-09-23T23:50:00-07:00,Brambley,8.78,8.78,8.18,96.0,1012.23,1019.74,0.0,0.0,11.82,255.0,WSW,0.0,1.27,1.02,70.61,5999.99,0.0,0.0
2026-09-24T06:55:00Z,2026-09-23T23:55:00-07:00,Brambley,8.72,8.72,8.12,96.0,1012.02,1019.54,0.0,0.0,11.82,255.0,WSW,0.0,1.27,1.02,70.61,5999.99,0.0,0.0
2026-09-24T07:00:00Z,2026-09-24T00:00:00-07:00,Brambley,8.72,8.72,8.12,96.0,1012.02,1019.54,0.0,0.0,0.0,274.0,W,0.0,0.0,1.02,70.61,5999.99,0.0,0.0
2026-09-24T07:05:00Z,2026-09-24T00:05:00-07:00,Brambley,8.72,8.72,8.12,96.0,1011.72,1019.24,0.0,0.0,0.0,262.0,W,0.0,0.0,1.02,70.61,5999.99,0.0,0.0
2026-09-24T07:10:00Z,2026-09-24T00:10:00-07:00,Brambley,8.78,8.78,8.18,96.0,1011.72,1019.24,0.0,0.0,0.0,262.0,W,0.0,0.0,1.02,70.61,5999.99,0.0,0.0
2026-09-24T07:15:00Z,2026-09-24T00:15:00-07:00,Brambley,8.72,8.72,8.12,96.0,1011.51,1019.03,0.0,0.0,0.0,262.0,W,0.0,0.0,1.02,70.61,5999.99,0.0,0.0
2026-09-24T07:20:00Z,2026-09-24T00:20:00-07:00,Brambley,8.78,8.78,8.18,96.0,1011.82,1019.34,0.0,0.0,0.0,261.0,W,0.0,0.0,1.02,70.61,5999.99,0.0,0.0
2026-09-24T07:25:00Z,2026-09-24T00:25:00-07:00,Brambley,8.89,8.89,8.28,96.0,1011.82,1019.34,0.0,0.0,0.0,262.0,W,0.0,0.0,1.02,70.61,5999.99,0.0,0.0
2026-09-24T07:30:00Z,2026-09-24T00:30:00-07:00,Brambley,8.78,8.78,8.18,96.0,1011.72,1019.24,0.0,0.0,0.0,262.0,W,0.0,0.0,1.02,70.61,5999.99,0.0,0.0
2026-09-24T07:35:00Z,2026-09-24T00:35:00-07:00,Brambley,8.78,8.78,8.18,96.0,1011.62,1019.13,0.0,0.0,0.0,262.0,W,0.0,0.0,1.02,70.61,5999.99,0.0,0.0
2026-09-24T07:40:00Z,2026-09-24T00:40:00-07:00,Brambley,8.78,8.78,8.18,96.0,1011.62,1019.13,0.0,0.0,0.0,262.0,W,0.0,0.0,1.02,70.61,5999.99,0.0,0.0
2026-09-24T07:45:00Z,2026-09-24T00:45:00-07:00,Brambley,8.61,8.61,8.01,96.0,1011.24,1018.73,0.0,0.0,0.0,262.0,W,0.0,0.0,1.02,70.61,5999.99,0.0,0.0
2026-09-24T07:50:00Z,2026-09-24T00:50:00-07:00,Brambley,8.78,8.78,8.18,96.0,1011.62,1019.13,0.0,0.0,0.0,262.0,W,0.0,0.0,1.02,70.61,5999.99,0.0,0.0
2026-09-24T07:55:00Z,2026-09-24T00:55:00-07:00,Brambley,8.61,8.61,8.01,96.0,1011.72,1019.24,0.0,0.0,0.0,262.0,W,0.0,0.0,1.02,70.61,5999.99,0.0,0.0
2026-09-24T08:00:00Z,2026-09-24T01:00:00-07:00,Brambley,8.39,8.39,7.94,97.0,1011.41,1018.93,0.0,0.0,0.0,262.0,W,0.0,0.0,1.02,70.61,5999.99,0.0,0.0
2026-09-24T08:05:00Z,2026-09-24T01:05:00-07:00,Brambley,8.78,8.78,8.18,96.0,1011.41,1018.93,0.0,0.0,0.0,263.0,W,0.0,0.0,1.02,70.61,5999.99,0.0,0.0
2026-09-24T08:10:00Z,2026-09-24T01:10:00-07:00,Brambley,8.78,8.78,8.33,97.0,1011.24,1018.73,0.0,0.0,0.0,263.0,W,0.0,0.0,1.02,70.61,5999.99,0.0,0.0
2026-09-24T08:16:00Z,2026-09-24T01:16:00-07:00,Brambley,8.61,8.61,8.16,97.0,1011.51,1019.03,0.0,0.0,0.0,263.0,W,0.0,0.0,1.02,70.61,5999.99,0.0,0.0
2026-09-24T08:20:00Z,2026-09-24T01:20:00-07:00,Brambley,8.5,8.5,8.05,97.0,1011.41,1018.93,0.0,0.0,0.0,263.0,W,0.0,0.0,1.02,70.61,5999.99,0.0,0.0
2026-09-24T08:25:00Z,2026-09-24T01:25:00-07:00,Brambley,8.5,8.5,8.05,97.0,1011.31,1018.83,0.0,0.0,0.0,263.0,W,0.0,0.0,1.02,70.61,5999.99,0.0,0.0
2026-09-24T08:30:00Z,2026-09-24T01:30:00-07:00,Brambley,8.61,8.61,8.16,97.0,1011.31,1018.83,0.0,0.0,0.0,263.0,W,0.0,0.0,1.02,70.61,5999.99,0.0,0.0
2026-09-24T08:36:00Z,2026-09-24T01:36:00-07:00,Brambley,8.61,8.61,8.16,97.0,1011.41,1018.93,0.0,0.0,0.0,263.0,W,0.0,0.0,1.02,70.61,5999.99,0.0,0.0
2026-09-24T08:40:00Z,2026-09-24T01:40:00-07:00,Brambley,8.61,8.61,8.16,97.0,1011.41,1018.93,0.0,0.0,0.0,263.0,W,0.0,0.0,1.02,70.61,5999.99,0.0,0.0
2026-09-24T08:45:00Z,2026-09-24T01:45:00-07:00,Brambley,8.72,8.72,8.27,97.0,1011.31,1018.83,0.0,0.0,0.0,254.0,WSW,0.0,0.0,1.02,70.61,5999.99,0.0,0.0
2026-09-24T08:50:00Z,2026-09-24T01:50:00-07:00,Brambley,8.72,8.72,8.27,97.0,1011.14,1018.63,0.0,0.0,0.0,255.0,WSW,0.0,0.0,1.02,70.61,5999.99,0.0,0.0
2026-09-24T08:56:00Z,2026-09-24T01:56:00-07:00,Brambley,8.61,8.61,8.16,97.0,1010.94,1018.42,0.0,0.0,0.0,259.0,W,0.0,0.0,1.02,70.61,5999.99,0.0,0.0
2026-09-24T09:00:00Z,2026-09-24T02:00:00-07:00,Brambley,8.61,8.61,8.16,97.0,1010.94,1018.42,0.0,0.0,0.0,258.0,WSW,0.0,0.0,1.02,70.61,5999.99,0.0,0.0
2026-09-24T09:05:00Z,2026-09-24T02:05:00-07:00,Brambley,8.5,8.5,8.05,97.0,1011.24,1018.73,0.0,0.0,0.0,258.0,WSW,0.0,0.0,1.02,70.61,5999.99,0.0,0.0
2026-09-24T09:10:00Z,2026-09-24T02:10:00-07:00,Brambley,8.61,8.61,8.16,97.0,1010.94,1018.42,0.0,0.0,0.0,258.0,WSW,0.0,0.0,1.02,70.61,5999.99,0.0,0.0
2026-09-24T09:16:00Z,2026-09-24T02:16:00-07:00,Brambley,8.72,8.72,8.27,97.0,1010.94,1018.42,0.0,0.0,0.0,258.0,WSW,0.0,0.0,1.02,70.61,5999.99,0.0,0.0
2026-09-24T09:20:00Z,2026-09-24T02:20:00-07:00,Brambley,8.72,8.72,8.27,97.0,1010.94,1018.42,0.0,0.0,0.0,258.0,WSW,0.0,0.0,1.02,70.61,5999.99,0.0,0.0
2026-09-24T09:25:00Z,2026-09-24T02:25:00-07:00,Brambley,8.78,8.78,8.33,97.0,1011.14,1018.63,0.0,0.0,0.0,258.0,WSW,0.0,0.0,1.02,70.61,5999.99,0.0,0.0
2026-09-24T09:30:00Z,2026-09-24T02:30:00-07:00,Brambley,8.78,8.78,8.33,97.0,1011.04,1018.52,0.0,0.0,0.0,258.0,WSW,0.0,0.0,1.02,70.61,5999.99,0.0,0.0
2026-09-24T09:36:00Z,2026-09-24T02:36:00-07:00,Brambley,8.78,8.78,8.33,97.0,1010.84,1018.32,0.0,0.0,0.0,258.0,WSW,0.0,0.0,1.02,70.61,5999.99,0.0,0.0
2026-09-24T09:40:00Z,2026-09-24T02:40:00-07:00,Brambley,8.78,8.78,8.33,97.0,1010.84,1018.32,0.0,0.0,0.0,258.0,WSW,0.0,0.0,1.02,70.61,5999.99,0.0,0.0
2026-09-24T09:45:00Z,2026-09-24T02:45:00-07:00,Brambley,8.78,8.78,8.33,97.0,1010.84,1018.32,0.0,0.0,0.0,258.0,WSW,0.0,0.0,1.02,70.61,5999.99,0.0,0.0
2026-09-24T09:50:00Z,2026-09-24T02:50:00-07:00,Brambley,8.78,8.78,8.33,97.0,1010.74,1018.22,0.0,0.0,0.0,258.0,WSW,0.0,0.0,1.02,70.61,5999.99,0.0,0.0
2026-09-24T09:56:00Z,2026-09-24T02:56:00-07:00,Brambley,8.89,8.89,8.44,97.0,1010.74,1018.22,0.0,0.0,0.0,258.0,WSW,0.0,0.0,1.02,70.61,5999.99,0.0,0.0
2026-09-24T10:00:00Z,2026-09-24T03:00:00-07:00,Brambley,9.0,9.0,8.55,97.0,1010.43,1017.91,0.0,0.0,0.0,258.0,WSW,0.0,0.0,1.02,70.61,5999.99,0.0,0.0
2026-09-24T10:05:00Z,2026-09-24T03:05:00-07:00,Brambley,9.0,9.0,8.55,97.0,1010.43,1017.91,0.0,0.0,0.0,258.0,WSW,0.0,0.0,1.02,70.61,5999.99,0.0,0.0
2026-09-24T10:10:00Z,2026-09-24T03:10:00-07:00,Brambley,9.0,9.0,8.55,97.0,1010.33,1017.81,0.0,0.0,0.0,258.0,WSW,0.0,0.0,1.02,70.61,5999.99,0.0,0.0
2026-09-24T10:16:00Z,2026-09-24T03:16:00-07:00,Brambley,8.78,8.78,8.33,97.0,1010.43,1017.91,0.0,0.0,0.0,258.0,WSW,0.0,0.0,1.02,70.61,5999.99,0.0,0.0
2026-09-24T10:20:00Z,2026-09-24T03:20:00-07:00,Brambley,8.89,8.89,8.44,97.0,1010.23,1017.71,0.0,0.0,0.0,258.0,WSW,0.0,0.0,1.02,70.61,5999.99,0.0,0.0
2026-09-24T10:25:00Z,2026-09-24T03:25:00-07:00,Brambley,9.0,9.0,8.55,97.0,1009.92,1017.44,0.0,0.0,0.0,258.0,WSW,0.0,0.0,1.02,70.61,5999.99,0.0,0.0
2026-09-24T10:30:00Z,2026-09-24T03:30:00-07:00,Brambley,8.89,8.89,8.59,98.0,1009.82,1017.34,0.0,0.0,0.0,258.0,WSW,0.0,0.0,1.02,70.61,5999.99,0.0,0.0
2026-09-24T10:36:00Z,2026-09-24T03:36:00-07:00,Brambley,9.0,9.0,8.7,98.0,1010.02,1017.54,0.0,0.0,0.0,259.0,W,0.0,0.0,1.02,70.61,5999.99,0.0,0.0
2026-09-24T10:40:00Z,2026-09-24T03:40:00-07:00,Brambley,8.89,8.89,8.59,98.0,1009.82,1017.34,0.0,0.0,0.0,259.0,W,0.0,0.0,1.02,70.61,5999.99,0.0,0.0
2026-09-24T10:45:00Z,2026-09-24T03:45:00-07:00,Brambley,8.72,8.72,8.42,98.0,1009.92,1017.44,0.0,0.0,0.0,259.0,W,0.0,0.0,1.02,70.61,5999.99,0.0,0.0
2026-09-24T10:50:00Z,2026-09-24T03:50:00-07:00,Brambley,8.72,8.72,8.42,98.0,1009.72,1017.24,0.0,0.0,0.0,259.0,W,0.0,0.0,1.02,70.61,5999.99,0.0,0.0
2026-09-24T10:56:00Z,2026-09-24T03:56:00-07:00,Brambley,8.72,8.72,8.42,98.0,1009.41,1016.93,0.0,0.0,0.0,259.0,W,0.0,0.0,1.02,70.61,5999.99,0.0,0.0
2026-09-24T11:00:00Z,2026-09-24T04:00:00-07:00,Brambley,8.72,8.72,8.42,98.0,1009.31,1016.83,0.0,0.0,0.0,259.0,W,0.0,0.0,1.02,70.61,5999.99,0.0,0.0
2026-09-24T11:05:00Z,2026-09-24T04:05:00-07:00,Brambley,8.78,8.78,8.48,98.0,1009.41,1016.93,0.0,0.0,0.0,259.0,W,0.0,0.0,1.02,70.61,5999.99,0.0,0.0
2026-09-24T11:10:00Z,2026-09-24T04:10:00-07:00,Brambley,8.89,8.89,8.59,98.0,1009.41,1016.93,0.0,0.0,0.0,259.0,W,0.0,0.0,1.02,70.61,5999.99,0.0,0.0
2026-09-24T11:16:00Z,2026-09-24T04:16:00-07:00,Brambley,8.89,8.89,8.59,98.0,1009.11,1016.63,0.0,0.0,0.0,259.0,W,0.0,0.0,1.02,70.61,5999.99,0.0,0.0
2026-09-24T11:20:00Z,2026-09-24T04:20:00-07:00,Brambley,8.89,8.89,8.59,98.0,1009.04,1016.53,0.0,0.0,0.0,259.0,W,0.0,0.0,1.02,70.61,5999.99,0.0,0.0
2026-09-24T11:25:00Z,2026-09-24T04:25:00-07:00,Brambley,8.89,8.89,8.59,98.0,1009.21,1016.73,0.0,0.0,0.0,259.0,W,0.0,0.0,1.02,70.61,5999.99,0.0,0.0
2026-09-24T11:30:00Z,2026-09-24T04:30:00-07:00,Brambley,8.78,8.78,8.48,98.0,1009.11,1016.63,0.0,0.0,0.0,259.0,W,0.0,0.0,1.02,70.61,5999.99,0.0,0.0
2026-09-24T11:36:00Z,2026-09-24T04:36:00-07:00,Brambley,8.89,8.89,8.59,98.0,1008.94,1016.42,0.0,0.0,0.0,259.0,W,0.0,0.0,1.02,70.61,5999.99,0.0,0.0
2026-09-24T11:40:00Z,2026-09-24T04:40:00-07:00,Brambley,8.89,8.89,8.59,98.0,1009.04,1016.53,0.0,0.0,0.0,259.0,W,0.0,0.0,1.02,70.61,5999.99,0.0,0.0
2026-09-24T11:45:00Z,2026-09-24T04:45:00-07:00,Brambley,8.89,8.89,8.59,98.0,1008.94,1016.42,0.0,0.0,0.0,259.0,W,0.0,0.0,1.02,70.61,5999.99,0.0,0.0
2026-09-24T11:50:00Z,2026-09-24T04:50:00-07:00,Brambley,8.78,8.78,8.48,98.0,1008.84,1016.32,0.0,0.0,0.0,259.0,W,0.0,0.0,1.02,70.61,5999.99,0.0,0.0
2026-09-24T11:56:00Z,2026-09-24T04:56:00-07:00,Brambley,8.72,8.72,8.42,98.0,1008.84,1016.32,0.0,0.0,0.0,259.0,W,0.0,0.0,1.02,70.61,5999.99,0.0,0.0
2026-09-24T12:00:00Z,2026-09-24T05:00:00-07:00,Brambley,8.72,8.72,8.42,98.0,1008.84,1016.32,0.0,0.0,0.0,259.0,W,0.0,0.0,1.02,70.61,5999.99,0.0,0.0
2026-09-24T12:05:00Z,2026-09-24T05:05:00-07:00,Brambley,8.61,8.61,8.31,98.0,1008.84,1016.32,0.0,0.0,0.0,259.0,W,0.0,0.0,1.02,70.61,5999.99,0.0,0.0
2026-09-24T12:10:00Z,2026-09-24T05:10:00-07:00,Brambley,8.61,8.61,8.31,98.0,1008.84,1016.32,0.0,0.0,0.0,259.0,W,0.0,0.0,1.02,70.61,5999.99,0.0,0.0
2026-09-24T12:16:00Z,2026-09-24T05:16:00-07:00,Brambley,8.72,8.72,8.42,98.0,1008.43,1015.92,0.0,0.0,0.0,259.0,W,0.0,0.0,1.02,70.61,5999.99,0.0,0.0
2026-09-24T12:20:00Z,2026-09-24T05:20:00-07:00,Brambley,8.78,8.78,8.48,98.0,1008.43,1015.92,0.0,0.0,0.0,259.0,W,0.0,0.0,1.02,70.61,5999.99,0.0,0.0
2026-09-24T12:25:00Z,2026-09-24T05:25:00-07:00,Brambley,8.72,8.72,8.42,98.0,1008.23,1015.71,0.0,0.0,0.0,259.0,W,0.0,0.0,1.02,70.61,5999.99,0.0,0.0
2026-09-24T12:30:00Z,2026-09-24T05:30:00-07:00,Brambley,8.72,8.72,8.42,98.0,1008.03,1015.51,0.0,0.0,0.0,259.0,W,0.0,0.0,1.02,70.61,5999.99,0.0,0.0
2026-09-24T12:36:00Z,2026-09-24T05:36:00-07:00,Brambley,8.78,8.78,8.48,98.0,1007.82,1015.34,0.0,0.0,0.0,260.0,W,0.0,0.0,1.02,70.61,5999.99,0.0,0.0
2026-09-24T12:40:00Z,2026-09-24T05:40:00-07:00,Brambley,8.89,8.89,8.59,98.0,1008.03,1015.51,0.0,0.0,0.0,269.0,W,0.0,0.0,1.02,70.61,5999.99,0.0,0.0
2026-09-24T12:45:00Z,2026-09-24T05:45:00-07:00,Brambley,9.0,9.0,8.7,98.0,1007.82,1015.34,0.0,0.0,0.0,267.0,W,0.0,0.0,1.02,70.61,5999.99,0.0,0.0
2026-09-24T12:50:00Z,2026-09-24T05:50:00-07:00,Brambley,9.0,9.0,8.7,98.0,1008.03,1015.51,0.0,0.0,0.0,260.0,W,0.0,0.0,1.02,70.61,5999.99,0.0,0.0
2026-09-24T12:56:00Z,2026-09-24T05:56:00-07:00,Brambley,8.89,8.89,8.59,98.0,1008.13,1015.61,0.0,0.0,0.0,259.0,W,0.0,0.0,1.02,70.61,5999.99,0.0,0.0
2026-09-24T13:00:00Z,2026-09-24T06:00:00-07:00,Brambley,8.89,8.89,8.59,98.0,1008.33,1015.82,0.0,0.0,0.0,259.0,W,0.0,0.0,0.0,70.61,5999.99,0.0,0.0
2026-09-24T13:05:00Z,2026-09-24T06:05:00-07:00,Brambley,8.78,8.78,8.48,98.0,1008.03,1015.51,0.0,0.0,0.0,259.0,W,0.0,0.0,0.0,70.61,5999.99,0.0,0.0
2026-09-24T13:10:00Z,2026-09-24T06:10:00-07:00,Brambley,8.78,8.78,8.48,98.0,1008.03,1015.51,0.0,0.0,0.0,259.0,W,0.0,0.0,0.0,70.61,5999.99,0.0,0.0
2026-09-24T13:16:00Z,2026-09-24T06:16:00-07:00,Brambley,8.72,8.72,8.42,98.0,1008.13,1015.61,0.0,0.0,0.0,259.0,W,0.0,0.0,0.0,70.61,5999.99,0.0,0.0
2026-09-24T13:20:00Z,2026-09-24T06:20:00-07:00,Brambley,8.78,8.78,8.48,98.0,1008.13,1015.61,0.0,0.0,0.0,259.0,W,0.0,0.0,0.0,70.61,5999.99,0.0,0.0
2026-09-24T13:25:00Z,2026-09-24T06:25:00-07:00,Brambley,8.78,8.78,8.48,98.0,1008.13,1015.61,0.0,0.0,0.0,259.0,W,0.0,0.0,0.0,70.61,5999.99,0.0,0.0
2026-09-24T13:30:00Z,2026-09-24T06:30:00-07:00,Brambley,8.78,8.78,8.48,98.0,1008.13,1015.61,0.0,0.0,0.0,259.0,W,0.0,0.0,0.0,70.61,5999.99,0.0,0.0
2026-09-24T13:36:00Z,2026-09-24T06:36:00-07:00,Brambley,8.78,8.78,8.48,98.0,1007.82,1015.34,0.0,0.0,0.0,259.0,W,0.0,0.0,0.0,70.61,5999.99,0.0,0.0
2026-09-24T13:40:00Z,2026-09-24T06:40:00-07:00,Brambley,8.78,8.78,8.48,98.0,1007.92,1015.44,0.0,0.0,0.0,259.0,W,0.0,0.0,0.0,70.61,5999.99,0.01,0.0
2026-09-24T13:45:00Z,2026-09-24T06:45:00-07:00,Brambley,8.78,8.78,8.48,98.0,1007.52,1015.04,0.0,0.0,0.0,260.0,W,0.0,0.0,0.0,70.61,5999.99,0.05,0.0
2026-09-24T13:50:00Z,2026-09-24T06:50:00-07:00,Brambley,8.78,8.78,8.48,98.0,1007.32,1014.83,0.0,0.0,0.0,261.0,W,0.0,0.0,0.0,70.61,5999.99,0.14,0.0
2026-09-24T13:56:00Z,2026-09-24T06:56:00-07:00,Brambley,8.78,8.78,8.48,98.0,1007.52,1015.04,0.0,0.0,0.0,260.0,W,0.0,0.0,0.0,70.61,5999.99,0.37,0.0
2026-09-24T14:00:00Z,2026-09-24T07:00:00-07:00,Brambley,8.78,8.78,8.48,98.0,1007.32,1014.83,0.0,0.0,0.0,260.0,W,0.0,0.0,0.0,70.61,5999.99,0.56,0.0
2026-09-24T14:05:00Z,2026-09-24T07:05:00-07:00,Brambley,8.78,8.78,8.48,98.0,1007.32,1014.83,0.0,0.0,0.0,248.0,WSW,0.0,0.0,0.0,70.61,5999.99,0.95,0.0
2026-09-24T14:10:00Z,2026-09-24T07:10:00-07:00,Brambley,8.72,8.72,8.42,98.0,1007.32,1014.83,0.0,0.0,0.0,248.0,WSW,0.0,0.0,0.0,70.61,5999.99,1.55,0.0
2026-09-24T14:16:00Z,2026-09-24T07:16:00-07:00,Brambley,8.78,8.78,8.48,98.0,1007.52,1015.04,0.0,0.0,0.0,248.0,WSW,0.0,0.0,0.0,70.61,5999.99,3.03,0.0
2026-09-24T14:20:00Z,2026-09-24T07:20:00-07:00,Brambley,8.78,8.78,8.48,98.0,1007.42,1014.93,0.0,0.0,0.0,248.0,WSW,0.0,0.0,0.0,70.61,5999.99,4.06,0.0
2026-09-24T14:25:00Z,2026-09-24T07:25:00-07:00,Brambley,8.89,8.89,8.59,98.0,1007.72,1015.24,0.0,0.0,0.0,249.0,WSW,0.0,0.0,0.0,70.61,5999.99,5.52,0.0
2026-09-24T14:30:00Z,2026-09-24T07:30:00-07:00,Brambley,8.89,8.89,8.59,98.0,1007.32,1014.83,0.0,0.0,0.0,249.0,WSW,0.0,0.0,0.0,70.61,5999.99,8.34,0.0
2026-09-24T14:36:00Z,2026-09-24T07:36:00-07:00,Brambley,9.0,9.0,8.7,98.0,1007.52,1015.04,0.0,0.0,0.0,249.0,WSW,0.0,0.0,0.0,70.61,5999.99,10.41,0.0
2026-09-24T14:40:00Z,2026-09-24T07:40:00-07:00,Brambley,9.0,9.0,8.7,98.0,1007.42,1014.93,0.0,0.0,0.0,249.0,WSW,0.0,0.0,0.0,70.61,5999.99,11.57,0.0
2026-09-24T14:45:00Z,2026-09-24T07:45:00-07:00,Brambley,9.11,9.11,8.81,98.0,1007.32,1014.83,0.0,0.0,0.0,249.0,WSW,0.0,0.0,0.0,70.61,5999.99,15.89,0.0
2026-09-24T14:50:00Z,2026-09-24T07:50:00-07:00,Brambley,9.11,9.11,8.96,99.0,1007.52,1015.04,0.0,0.0,0.0,249.0,WSW,0.0,0.0,0.0,70.61,5999.99,17.09,0.0
2026-09-24T14:56:00Z,2026-09-24T07:56:00-07:00,Brambley,9.11,9.11,8.81,98.0,1007.11,1014.63,0.0,0.0,0.0,249.0,WSW,0.0,0.0,0.0,70.61,5999.99,16.54,0.0
2026-09-24T15:00:00Z,2026-09-24T08:00:00-07:00,Brambley,9.11,9.11,8.96,99.0,1007.42,1014.93,0.0,0.0,0.0,249.0,WSW,0.0,0.0,0.0,70.61,5999.99,19.69,0.0
2026-09-24T15:05:00Z,2026-09-24T08:05:00-07:00,Brambley,9.22,9.22,9.07,99.0,1007.21,1014.73,0.0,0.0,0.0,249.0,WSW,0.0,0.0,0.0,70.61,5999.99,30.24,0.0
2026-09-24T15:10:00Z,2026-09-24T08:10:00-07:00,Brambley,9.28,9.28,9.13,99.0,1006.94,1014.43,0.0,0.0,0.0,249.0,WSW,0.0,0.0,0.0,70.61,5999.99,37.77,0.0
2026-09-24T15:16:00Z,2026-09-24T08:16:00-07:00,Brambley,9.61,9.61,9.46,99.0,1006.94,1014.43,0.0,0.0,0.0,249.0,WSW,0.0,0.0,0.0,70.61,5999.99,32.37,0.0
2026-09-24T15:20:00Z,2026-09-24T08:20:00-07:00,Brambley,9.72,9.72,9.57,99.0,1006.94,1014.43,0.0,0.0,0.0,249.0,WSW,0.0,0.0,0.0,70.61,5999.99,34.21,0.0
2026-09-24T15:25:00Z,2026-09-24T08:25:00-07:00,Brambley,9.78,9.78,9.63,99.0,1007.01,1014.53,0.0,0.0,0.0,249.0,WSW,0.0,0.0,0.0,70.61,5999.99,39.68,0.0
2026-09-24T15:30:00Z,2026-09-24T08:30:00-07:00,Brambley,9.89,9.89,9.74,99.0,1007.01,1014.53,0.0,0.0,0.0,258.0,WSW,0.0,0.0,0.0,70.61,5999.99,60.15,0.0
2026-09-24T15:36:00Z,2026-09-24T08:36:00-07:00,Brambley,10.0,10.0,9.7,98.0,1006.84,1014.32,0.0,0.0,0.0,261.0,W,0.0,0.0,0.0,70.61,5999.99,44.81,0.0
2026-09-24T15:40:00Z,2026-09-24T08:40:00-07:00,Brambley,10.11,10.11,9.81,98.0,1006.84,1014.32,0.0,0.0,0.0,262.0,W,0.0,0.0,0.0,70.61,5999.99,40.22,0.0
2026-09-24T15:45:00Z,2026-09-24T08:45:00-07:00,Brambley,10.11,10.11,9.81,98.0,1007.11,1014.63,0.0,0.0,0.0,261.0,W,0.0,0.0,0.0,70.61,5999.99,34.89,0.0
2026-09-24T15:50:00Z,2026-09-24T08:50:00-07:00,Brambley,10.28,10.28,9.98,98.0,1007.11,1014.63,0.0,0.0,0.0,260.0,W,0.0,0.0,0.0,70.61,5999.99,35.28,0.0
2026-09-24T15:56:00Z,2026-09-24T08:56:00-07:00,Brambley,10.28,10.28,9.98,98.0,1006.74,1014.22,0.0,0.0,0.0,261.0,W,0.0,0.0,0.0,70.61,5999.99,45.08,0.0
2026-09-24T16:00:00Z,2026-09-24T09:00:00-07:00,Brambley,10.5,10.5,10.19,98.0,1007.01,1014.53,0.0,0.0,0.0,261.0,W,0.0,0.0,0.0,70.61,5999.99,49.7,0.0
2026-09-24T16:05:00Z,2026-09-24T09:05:00-07:00,Brambley,10.5,10.5,10.19,98.0,1006.74,1014.22,0.0,0.0,0.0,263.0,W,0.0,0.0,0.0,70.61,5999.99,67.67,0.0
2026-09-24T16:10:00Z,2026-09-24T09:10:00-07:00,Brambley,10.5,10.5,10.19,98.0,1006.54,1014.02,0.0,0.0,0.0,265.0,W,0.0,0.0,0.0,70.61,5999.99,63.08,0.0
2026-09-24T16:16:00Z,2026-09-24T09:16:00-07:00,Brambley,10.72,10.72,10.42,98.0,1006.23,1013.72,0.0,0.0,0.0,262.0,W,0.0,0.0,0.0,70.61,5999.99,67.39,0.0
2026-09-24T16:20:00Z,2026-09-24T09:20:00-07:00,Brambley,10.78,10.78,10.47,98.0,1006.54,1014.02,0.0,0.0,0.0,262.0,W,0.0,0.0,0.0,70.61,5999.99,72.2,0.0
2026-09-24T16:25:00Z,2026-09-24T09:25:00-07:00,Brambley,10.89,10.89,10.43,97.0,1006.43,1013.92,0.0,0.0,0.0,262.0,W,0.0,0.0,0.0,70.61,5999.99,94.42,0.0
2026-09-24T16:30:00Z,2026-09-24T09:30:00-07:00,Brambley,11.11,11.11,10.65,97.0,1006.13,1013.61,0.0,0.0,0.0,260.0,W,0.0,0.0,0.0,70.61,5999.99,96.77,0.0
2026-09-24T16:36:00Z,2026-09-24T09:36:00-07:00,Brambley,11.28,11.28,10.82,97.0,1005.83,1013.34,0.0,0.0,0.0,267.0,W,0.0,0.0,0.0,70.61,5999.99,100.6,0.0
2026-09-24T16:40:00Z,2026-09-24T09:40:00-07:00,Brambley,11.39,11.39,10.93,97.0,1006.03,1013.51,0.0,0.0,0.0,276.0,W,0.0,0.0,0.0,70.61,5999.99,73.07,0.0
2026-09-24T16:45:00Z,2026-09-24T09:45:00-07:00,Brambley,11.28,11.28,10.66,96.0,1005.72,1013.24,0.0,0.0,0.0,257.0,WSW,0.0,0.0,0.0,70.61,5999.99,67.58,0.0
2026-09-24T16:50:00Z,2026-09-24T09:50:00-07:00,Brambley,11.5,11.5,10.88,96.0,1005.83,1013.34,0.0,0.0,0.0,258.0,WSW,0.0,0.0,0.0,70.61,5999.99,56.34,0.0
2026-09-24T16:56:00Z,2026-09-24T09:56:00-07:00,Brambley,11.5,11.5,10.73,95.0,1005.93,1013.41,0.0,0.0,0.0,263.0,W,0.0,0.0,0.0,70.61,5999.99,56.91,0.0
2026-09-24T17:00:00Z,2026-09-24T10:00:00-07:00,Brambley,11.61,11.61,10.84,95.0,1005.62,1013.14,0.0,0.0,0.0,260.0,W,0.0,0.0,0.0,70.61,5999.99,75.76,0.0
2026-09-24T17:05:00Z,2026-09-24T10:05:00-07:00,Brambley,11.78,11.78,10.84,94.0,1005.72,1013.24,0.0,0.0,0.0,264.0,W,0.0,0.0,0.0,70.61,5999.99,104.14,1.0
2026-09-24T17:10:00Z,2026-09-24T10:10:00-07:00,Brambley,12.0,12.0,11.06,94.0,1005.52,1013.04,0.0,0.0,0.0,261.0,W,0.0,0.0,0.0,70.61,5999.99,118.98,1.0
2026-09-24T17:16:00Z,2026-09-24T10:16:00-07:00,Brambley,12.11,12.11,11.01,93.0,1005.52,1013.04,0.0,0.0,0.0,259.0,W,0.0,0.0,0.0,70.61,5999.99,82.04,0.0
2026-09-24T17:20:00Z,2026-09-24T10:20:00-07:00,Brambley,12.11,12.11,11.01,93.0,1005.62,1013.14,0.0,0.0,0.0,256.0,WSW,0.0,0.0,0.0,70.61,5999.99,73.31,0.0
2026-09-24T17:25:00Z,2026-09-24T10:25:00-07:00,Brambley,12.22,12.22,10.96,92.0,1005.62,1013.14,0.0,0.0,0.0,260.0,W,0.0,0.0,0.0,70.61,5999.99,67.78,0.0
2026-09-24T17:30:00Z,2026-09-24T10:30:00-07:00,Brambley,12.22,12.22,10.96,92.0,1005.62,1013.14,0.0,0.0,0.0,262.0,W,0.0,0.0,0.0,70.61,5999.99,65.71,0.0
2026-09-24T17:36:00Z,2026-09-24T10:36:00-07:00,Brambley,12.39,12.39,10.96,91.0,1005.62,1013.14,0.0,0.0,0.0,264.0,W,0.0,0.0,0.0,70.61,5999.99,71.07,0.0
2026-09-24T17:40:00Z,2026-09-24T10:40:00-07:00,Brambley,12.5,12.5,11.07,91.0,1006.03,1013.51,0.0,0.0,0.0,262.0,W,0.0,0.0,0.0,70.61,5999.99,77.89,0.0
2026-09-24T17:45:00Z,2026-09-24T10:45:00-07:00,Brambley,12.61,12.61,11.01,90.0,1005.72,1013.24,0.0,0.0,0.0,263.0,W,0.0,0.0,0.0,70.61,5999.99,94.78,0.0
2026-09-24T17:50:00Z,2026-09-24T10:50:00-07:00,Brambley,12.61,12.61,11.01,90.0,1005.83,1013.34,0.0,0.0,0.0,266.0,W,0.0,0.0,0.0,70.61,5999.99,115.75,1.0
2026-09-24T17:56:00Z,2026-09-24T10:56:00-07:00,Brambley,12.61,12.61,10.84,89.0,1005.42,1012.94,0.0,0.0,0.0,260.0,W,0.0,0.0,0.0,70.61,5999.99,107.75,1.0
2026-09-24T18:00:00Z,2026-09-24T11:00:00-07:00,Brambley,12.78,12.78,11.01,89.0,1005.22,1012.73,0.0,0.0,0.0,264.0,W,0.0,0.0,0.0,70.61,5999.99,100.98,0.0
2026-09-24T18:05:00Z,2026-09-24T11:05:00-07:00,Brambley,12.78,12.78,11.01,89.0,1005.72,1013.24,0.0,0.0,0.0,263.0,W,0.0,0.0,0.0,70.61,5999.99,86.41,0.0
2026-09-24T18:10:00Z,2026-09-24T11:10:00-07:00,Brambley,13.0,13.0,11.06,88.0,1005.52,1013.04,0.0,0.0,0.0,262.0,W,0.0,0.0,0.0,70.61,5999.99,85.45,0.0
2026-09-24T18:16:00Z,2026-09-24T11:16:00-07:00,Brambley,13.22,13.22,11.28,88.0,1005.32,1012.83,0.0,0.0,0.0,262.0,W,0.0,0.0,0.0,70.61,5999.99,100.21,0.0
2026-09-24T18:20:00Z,2026-09-24T11:20:00-07:00,Brambley,13.11,13.11,11.17,88.0,1005.22,1012.73,0.0,0.0,0.0,262.0,W,0.0,0.0,0.0,70.61,5999.99,124.91,1.0
2026-09-24T18:25:00Z,2026-09-24T11:25:00-07:00,Brambley,13.28,13.28,11.16,87.0,1005.42,1012.94,0.0,0.0,0.0,265.0,W,0.0,0.0,0.0,70.61,5999.99,164.25,1.0
2026-09-24T18:30:00Z,2026-09-24T11:30:00-07:00,Brambley,13.61,13.61,11.49,87.0,1005.11,1012.63,0.0,0.0,0.0,265.0,W,0.0,0.0,0.0,70.61,5999.99,92.94,0.0
2026-09-24T18:36:00Z,2026-09-24T11:36:00-07:00,Brambley,13.5,13.5,11.38,87.0,1004.91,1012.43,0.0,0.0,0.0,265.0,W,0.0,0.0,0.0,70.61,5999.99,99.46,0.0
2026-09-24T18:40:00Z,2026-09-24T11:40:00-07:00,Brambley,13.61,13.61,11.31,86.0,1004.74,1012.23,0.0,0.0,0.0,261.0,W,0.0,0.0,0.0,70.61,5999.99,117.48,1.0
2026-09-24T18:45:00Z,2026-09-24T11:45:00-07:00,Brambley,13.78,13.78,11.48,86.0,1004.84,1012.33,0.0,0.0,0.0,266.0,W,0.0,0.0,0.0,70.61,5999.99,121.32,1.0
2026-09-24T18:50:00Z,2026-09-24T11:50:00-07:00,Brambley,13.89,13.89,11.58,86.0,1004.54,1012.02,0.0,0.0,0.0,263.0,W,0.0,0.0,0.0,70.61,5999.99,91.2,0.0
2026-09-24T18:56:00Z,2026-09-24T11:56:00-07:00,Brambley,13.72,13.72,11.42,86.0,1004.64,1012.12,0.0,0.0,0.0,261.0,W,0.0,0.0,0.0,70.61,5999.99,85.15,0.0
2026-09-24T19:00:00Z,2026-09-24T12:00:00-07:00,Brambley,13.61,13.61,11.49,87.0,1004.74,1012.23,0.0,0.0,0.0,264.0,W,0.0,0.0,0.0,70.61,5999.99,82.69,0.0
2026-09-24T19:05:00Z,2026-09-24T12:05:00-07:00,Brambley,13.72,13.72,11.59,87.0,1004.64,1012.12,0.0,0.0,0.0,263.0,W,0.0,0.0,0.0,70.61,5999.99,86.62,0.0
2026-09-24T19:10:00Z,2026-09-24T12:10:00-07:00,Brambley,13.72,13.72,11.59,87.0,1004.44,1011.92,0.0,0.0,0.0,281.0,W,0.0,0.0,0.0,70.61,5999.99,114.21,1.0
2026-09-24T19:15:00Z,2026-09-24T12:15:00-07:00,Brambley,13.72,13.72,11.59,87.0,1004.23,1011.72,0.0,0.0,0.0,263.0,W,0.0,0.0,0.0,70.61,5999.99,93.95,0.0
2026-09-24T19:20:00Z,2026-09-24T12:20:00-07:00,Brambley,13.72,13.72,11.59,87.0,1004.54,1012.02,0.0,0.0,0.0,260.0,W,0.0,0.0,0.0,70.61,5999.99,102.93,1.0
2026-09-24T19:25:00Z,2026-09-24T12:25:00-07:00,Brambley,13.89,13.89,11.93,88.0,1004.74,1012.23,0.0,0.0,0.0,255.0,WSW,0.0,0.0,0.0,70.61,5999.99,93.91,0.0
2026-09-24T19:30:00Z,2026-09-24T12:30:00-07:00,Brambley,14.0,14.0,12.04,88.0,1004.64,1012.12,0.0,0.0,0.0,258.0,WSW,1.27,0.25,0.25,70.87,5999.99,126.57,1.0
2026-09-24T19:36:00Z,2026-09-24T12:36:00-07:00,Brambley,14.28,14.28,12.32,88.0,1004.44,1011.92,0.0,0.0,0.0,261.0,W,1.27,0.25,0.25,70.87,5999.99,182.58,1.0
2026-09-24T19:40:00Z,2026-09-24T12:40:00-07:00,Brambley,14.5,14.5,12.53,88.0,1004.23,1011.72,0.0,0.0,0.0,266.0,W,0.0,0.25,0.25,70.87,5999.99,117.07,1.0
2026-09-24T19:45:00Z,2026-09-24T12:45:00-07:00,Brambley,14.28,14.28,12.49,89.0,1004.54,1012.02,0.0,0.0,0.0,259.0,W,0.0,0.25,0.25,70.87,5999.99,148.51,1.0
2026-09-24T19:50:00Z,2026-09-24T12:50:00-07:00,Brambley,14.28,14.28,12.49,89.0,1004.23,1011.72,0.0,0.0,0.0,261.0,W,0.0,0.25,0.25,70.87,5999.99,142.41,1.0
2026-09-24T19:55:00Z,2026-09-24T12:55:00-07:00,Brambley,14.61,14.61,12.82,89.0,1004.54,1012.02,0.0,0.0,0.0,261.0,W,0.0,0.25,0.25,70.87,5999.99,170.96,1.0
2026-09-24T20:00:00Z,2026-09-24T13:00:00-07:00,Brambley,14.78,14.78,12.98,89.0,1004.44,1011.92,0.0,0.0,0.0,261.0,W,0.0,0.25,0.25,70.87,5999.99,182.65,1.0
2026-09-24T20:05:00Z,2026-09-24T13:05:00-07:00,Brambley,15.0,15.0,13.2,89.0,1004.44,1011.92,0.0,0.0,0.0,261.0,W,0.0,0.25,0.25,70.87,5999.99,139.16,1.0
2026-09-24T20:10:00Z,2026-09-24T13:10:00-07:00,Brambley,14.78,14.78,12.98,89.0,1004.13,1011.62,0.0,0.0,0.0,266.0,W,0.0,0.25,0.25,70.87,5999.99,100.57,0.0
2026-09-24T20:15:00Z,2026-09-24T13:15:00-07:00,Brambley,14.61,14.61,12.82,89.0,1004.03,1011.51,0.0,0.0,0.0,271.0,W,0.0,0.25,0.25,70.87,5999.99,109.75,1.0
2026-09-24T20:20:00Z,2026-09-24T13:20:00-07:00,Brambley,14.11,14.11,12.32,89.0,1003.73,1011.24,0.0,0.0,0.96,267.0,W,0.0,0.25,0.25,70.87,5999.99,126.57,1.0
2026-09-24T20:25:00Z,2026-09-24T13:25:00-07:00,Brambley,14.28,14.28,12.49,89.0,1003.73,1011.24,0.61,0.96,0.96,279.0,W,0.0,0.25,0.25,70.87,5999.99,105.38,1.0
2026-09-24T20:30:00Z,2026-09-24T13:30:00-07:00,Brambley,14.0,14.0,12.04,88.0,1003.83,1011.31,0.0,0.0,0.96,257.0,WSW,0.0,0.25,0.25,70.87,5999.99,95.42,0.0
2026-09-24T20:35:00Z,2026-09-24T13:35:00-07:00,Brambley,14.0,14.0,12.04,88.0,1003.42,1010.94,0.17,0.96,0.96,262.0,W,0.0,0.25,0.25,70.87,5999.99,88.78,0.0
2026-09-24T20:40:00Z,2026-09-24T13:40:00-07:00,Brambley,13.78,13.78,11.82,88.0,1003.52,1011.04,0.0,0.0,0.96,269.0,W,0.0,0.25,0.25,70.87,5999.99,109.68,1.0
2026-09-24T20:45:00Z,2026-09-24T13:45:00-07:00,Brambley,13.78,13.78,11.82,88.0,1003.42,1010.94,0.0,0.0,0.96,265.0,W,0.0,0.25,0.25,70.87,5999.99,140.57,1.0
2026-09-24T20:50:00Z,2026-09-24T13:50:00-07:00,Brambley,14.0,14.0,12.04,88.0,1003.42,1010.94,0.0,0.0,1.91,258.0,WSW,0.0,0.25,0.25,70.87,5999.99,121.78,1.0
2026-09-24T20:55:00Z,2026-09-24T13:55:00-07:00,Brambley,13.89,13.89,11.93,88.0,1003.42,1010.94,0.0,0.0,1.91,256.0,WSW,0.0,0.25,0.25,70.87,5999.99,105.11,1.0
2026-09-24T21:00:00Z,2026-09-24T14:00:00-07:00,Brambley,13.89,13.89,11.76,87.0,1003.93,1011.41,0.0,0.0,1.91,257.0,WSW,0.0,0.25,0.0,70.87,5999.99,100.45,0.0
2026-09-24T21:05:00Z,2026-09-24T14:05:00-07:00,Brambley,14.11,14.11,11.98,87.0,1003.62,1011.14,0.0,0.0,1.91,260.0,W,0.0,0.25,0.0,70.87,5999.99,68.11,0.0
2026-09-24T21:10:00Z,2026-09-24T14:10:00-07:00,Brambley,14.0,14.0,11.87,87.0,1003.42,1010.94,0.0,0.0,1.91,255.0,WSW,0.0,0.25,0.0,70.87,5999.99,77.24,0.0
2026-09-24T21:15:00Z,2026-09-24T14:15:00-07:00,Brambley,14.11,14.11,11.98,87.0,1003.62,1011.14,0.0,0.0,1.91,259.0,W,1.78,0.51,0.25,71.12,5999.99,80.99,0.0
2026-09-24T21:20:00Z,2026-09-24T14:20:00-07:00,Brambley,14.11,14.11,11.98,87.0,1003.73,1011.24,0.0,0.0,1.91,260.0,W,1.78,0.51,0.25,71.12,5999.99,79.37,0.0
2026-09-24T21:25:00Z,2026-09-24T14:25:00-07:00,Brambley,14.22,14.22,12.09,87.0,1003.32,1010.84,0.0,0.0,1.91,260.0,W,0.0,0.51,0.25,71.12,5999.99,60.72,0.0
2026-09-24T21:30:00Z,2026-09-24T14:30:00-07:00,Brambley,14.11,14.11,12.15,88.0,1003.42,1010.94,0.0,0.0,1.91,263.0,W,0.0,0.51,0.25,71.12,5999.99,75.22,0.0
2026-09-24T21:35:00Z,2026-09-24T14:35:00-07:00,Brambley,13.89,13.89,11.93,88.0,1003.52,1011.04,0.0,0.0,1.91,271.0,W,0.0,0.51,0.25,71.12,5999.99,70.23,0.0
2026-09-24T21:40:00Z,2026-09-24T14:40:00-07:00,Brambley,13.72,13.72,11.77,88.0,1003.42,1010.94,0.17,0.96,1.91,253.0,WSW,0.0,0.51,0.25,71.12,5999.99,78.93,0.0
2026-09-24T21:45:00Z,2026-09-24T14:45:00-07:00,Brambley,13.61,13.61,11.83,89.0,1003.62,1011.14,0.0,0.0,1.91,257.0,WSW,0.0,0.51,0.25,71.12,5999.99,71.73,0.0
2026-09-24T21:50:00Z,2026-09-24T14:50:00-07:00,Brambley,13.78,13.78,11.99,89.0,1003.83,1011.31,0.0,0.0,1.91,260.0,W,0.0,0.51,0.25,71.12,5999.99,66.28,0.0
2026-09-24T21:56:00Z,2026-09-24T14:56:00-07:00,Brambley,13.89,13.89,12.11,89.0,1003.62,1011.14,0.0,0.0,1.91,259.0,W,0.0,0.51,0.25,71.12,5999.99,63.96,0.0
2026-09-24T22:00:00Z,2026-09-24T15:00:00-07:00,Brambley,13.72,13.72,12.11,90.0,1003.32,1010.84,0.0,0.0,1.91,266.0,W,0.0,0.51,0.25,71.12,5999.99,58.93,0.0
2026-09-24T22:05:00Z,2026-09-24T15:05:00-07:00,Brambley,13.61,13.61,12.0,90.0,1003.42,1010.94,0.0,0.0,1.91,268.0,W,0.0,0.51,0.25,71.12,5999.99,48.22,0.0
2026-09-24T22:10:00Z,2026-09-24T15:10:00-07:00,Brambley,13.39,13.39,11.78,90.0,1003.32,1010.84,0.17,0.96,1.91,266.0,W,0.0,0.51,0.25,71.12,5999.99,61.98,0.0
2026-09-24T22:15:00Z,2026-09-24T15:15:00-07:00,Brambley,13.28,13.28,11.67,90.0,1002.81,1010.33,0.17,0.96,1.91,270.0,W,0.0,0.51,0.25,71.12,5999.99,42.91,0.0
2026-09-24T22:20:00Z,2026-09-24T15:20:00-07:00,Brambley,13.22,13.22,11.78,91.0,1003.01,1010.53,0.0,0.0,1.91,291.0,WNW,0.0,0.51,0.25,71.12,5999.99,38.18,0.0
2026-09-24T22:25:00Z,2026-09-24T15:25:00-07:00,Brambley,13.22,13.22,11.78,91.0,1002.91,1010.43,0.96,0.96,1.91,306.0,NW,0.0,0.51,0.25,71.12,5999.99,36.98,0.0
2026-09-24T22:30:00Z,2026-09-24T15:30:00-07:00,Brambley,13.28,13.28,11.84,91.0,1002.81,1010.33,0.61,0.96,1.91,340.0,NNW,1.27,0.76,0.51,71.37,5999.99,34.68,0.0
2026-09-24T22:35:00Z,2026-09-24T15:35:00-07:00,Brambley,13.22,13.22,11.95,92.0,1002.44,1009.92,1.39,1.91,3.91,350.0,N,1.27,0.76,0.51,71.37,5999.99,34.72,0.0
2026-09-24T22:40:00Z,2026-09-24T15:40:00-07:00,Brambley,13.11,13.11,11.84,92.0,1002.34,1009.82,1.39,1.91,3.91,304.0,NW,1.78,1.02,0.76,71.63,5999.99,48.53,0.0
2026-09-24T22:45:00Z,2026-09-24T15:45:00-07:00,Brambley,13.0,13.0,11.89,93.0,1002.03,1009.52,1.39,1.91,3.91,278.0,W,4.83,1.52,1.27,72.14,5999.99,43.02,0.0
2026-09-24T22:50:00Z,2026-09-24T15:50:00-07:00,Brambley,12.89,12.89,11.78,93.0,1001.93,1009.41,1.13,1.91,3.91,316.0,NW,4.32,1.78,1.52,72.39,5999.99,51.82,0.0
2026-09-24T22:55:00Z,2026-09-24T15:55:00-07:00,Brambley,12.78,12.78,11.83,94.0,1001.93,1009.41,0.61,0.96,3.91,317.0,NW,4.83,2.29,2.03,72.9,5999.99,61.81,0.0
2026-09-24T23:00:00Z,2026-09-24T16:00:00-07:00,Brambley,12.89,12.89,11.94,94.0,1002.24,1009.72,0.78,0.96,3.91,323.0,NW,4.83,2.54,2.29,73.15,5999.99,50.52,0.0
2026-09-24T23:05:00Z,2026-09-24T16:05:00-07:00,Brambley,12.78,12.78,11.83,94.0,1001.93,1009.41,0.61,0.96,3.91,307.0,NW,1.27,2.54,2.29,73.15,5999.99,56.87,0.0
2026-09-24T23:10:00Z,2026-09-24T16:10:00-07:00,Brambley,12.89,12.89,12.11,95.0,1002.03,1009.52,0.35,0.96,3.91,50.0,NE,1.78,2.79,2.54,73.41,5999.99,65.36,0.0
2026-09-24T23:15:00Z,2026-09-24T16:15:00-07:00,Brambley,12.89,12.89,12.11,95.0,1002.13,1009.62,0.61,0.96,3.91,284.0,WNW,1.78,2.79,2.54,73.41,5999.99,65.31,0.0
2026-09-24T23:20:00Z,2026-09-24T16:20:00-07:00,Brambley,13.0,13.0,12.22,95.0,1001.93,1009.41,0.78,1.91,3.91,279.0,W,0.0,2.79,2.54,73.41,5999.99,54.6,0.0
2026-09-24T23:25:00Z,2026-09-24T16:25:00-07:00,Brambley,12.89,12.89,12.27,96.0,1001.93,1009.41,0.61,0.96,3.91,317.0,NW,0.0,2.79,2.54,73.41,5999.99,55.41,0.0
2026-09-24T23:30:00Z,2026-09-24T16:30:00-07:00,Brambley,12.89,12.89,12.27,96.0,1002.03,1009.52,0.17,0.96,3.91,283.0,WNW,0.0,2.79,2.54,73.41,5999.99,36.99,0.0
2026-09-24T23:35:00Z,2026-09-24T16:35:00-07:00,Brambley,12.78,12.78,12.16,96.0,1002.03,1009.52,0.0,0.0,3.91,315.0,NW,0.0,2.79,2.54,73.41,5999.99,30.24,0.0
2026-09-24T23:40:00Z,2026-09-24T16:40:00-07:00,Brambley,12.78,12.78,12.16,96.0,1002.03,1009.52,0.17,0.96,3.91,291.0,WNW,0.0,2.79,2.54,73.41,5999.99,32.19,0.0
2026-09-24T23:45:00Z,2026-09-24T16:45:00-07:00,Brambley,12.78,12.78,12.16,96.0,1002.13,1009.62,0.17,0.96,3.91,315.0,NW,1.27,3.05,2.79,73.66,5999.99,33.26,0.0
2026-09-24T23:50:00Z,2026-09-24T16:50:00-07:00,Brambley,12.78,12.78,12.16,96.0,1002.34,1009.82,0.17,0.96,3.91,333.0,NNW,1.27,3.05,2.79,73.66,5999.99,25.01,0.0
2026-09-24T23:55:00Z,2026-09-24T16:55:00-07:00,Brambley,12.78,12.78,12.31,97.0,1001.73,1009.21,0.61,0.96,3.91,275.0,W,0.0,3.05,2.79,73.66,5999.99,32.22,0.0
2026-09-25T00:00:00Z,2026-09-24T17:00:00-07:00,Brambley,12.78,12.78,12.31,97.0,1002.03,1009.52,0.0,0.0,3.91,264.0,W,0.0,3.05,2.79,73.66,5999.99,28.6,0.0
2026-09-25T00:05:00Z,2026-09-24T17:05:00-07:00,Brambley,12.78,12.78,12.31,97.0,1002.13,1009.62,0.0,0.0,3.91,279.0,W,0.0,3.05,2.79,73.66,5999.99,20.4,0.0
2026-09-25T00:10:00Z,2026-09-24T17:10:00-07:00,Brambley,12.78,12.78,12.31,97.0,1002.24,1009.72,0.0,0.0,3.91,259.0,W,1.78,3.3,3.05,73.91,5999.99,19.24,0.0
2026-09-25T00:15:00Z,2026-09-24T17:15:00-07:00,Brambley,12.78,12.78,12.31,97.0,1002.03,1009.52,0.0,0.0,3.91,258.0,WSW,1.78,3.3,3.05,73.91,5999.99,17.45,0.0
2026-09-25T00:20:00Z,2026-09-24T17:20:00-07:00,Brambley,12.78,12.78,12.31,97.0,1002.34,1009.82,0.0,0.0,3.91,247.0,WSW,1.27,3.56,3.3,74.17,5999.99,13.88,0.0
2026-09-25T00:25:00Z,2026-09-24T17:25:00-07:00,Brambley,12.78,12.78,12.31,97.0,1002.24,1009.72,0.0,0.0,3.91,253.0,WSW,3.05,3.81,3.56,74.42,5999.99,10.95,0.0
2026-09-25T00:30:00Z,2026-09-24T17:30:00-07:00,Brambley,12.78,12.78,12.31,97.0,1002.34,1009.82,0.0,0.0,3.91,252.0,WSW,4.83,4.32,4.06,74.93,5999.99,12.68,0.0
2026-09-25T00:35:00Z,2026-09-24T17:35:00-07:00,Brambley,12.78,12.78,12.31,97.0,1002.13,1009.62,0.0,0.0,3.91,253.0,WSW,6.1,4.83,4.57,75.44,5999.99,14.43,0.0
2026-09-25T00:40:00Z,2026-09-24T17:40:00-07:00,Brambley,12.78,12.78,12.31,97.0,1002.24,1009.72,0.0,0.0,3.91,253.0,WSW,6.1,5.33,5.08,75.95,5999.99,10.52,0.0
2026-09-25T00:45:00Z,2026-09-24T17:45:00-07:00,Brambley,12.72,12.72,12.26,97.0,1002.54,1010.02,0.0,0.0,3.91,253.0,WSW,7.87,6.1,5.84,76.71,5999.99,8.64,0.0
2026-09-25T00:50:00Z,2026-09-24T17:50:00-07:00,Brambley,12.72,12.72,12.26,97.0,1002.44,1009.92,0.0,0.0,3.91,248.0,WSW,7.87,6.6,6.35,77.22,5999.99,8.53,0.0
2026-09-25T00:55:00Z,2026-09-24T17:55:00-07:00,Brambley,12.72,12.72,12.42,98.0,1002.44,1009.92,0.0,0.0,3.91,254.0,WSW,6.1,7.11,6.86,77.72,5999.99,9.19,0.0
2026-09-25T01:00:00Z,2026-09-24T18:00:00-07:00,Brambley,12.72,12.72,12.42,98.0,1002.44,1009.92,0.0,0.0,3.91,255.0,WSW,6.1,7.87,7.62,78.49,5999.99,7.17,0.0
2026-09-25T01:05:00Z,2026-09-24T18:05:00-07:00,Brambley,12.72,12.72,12.42,98.0,1002.34,1009.82,0.17,0.96,3.91,295.0,WNW,8.89,8.64,8.38,79.25,5999.99,7.14,0.0
2026-09-25T01:10:00Z,2026-09-24T18:10:00-07:00,Brambley,12.72,12.72,12.42,98.0,1002.03,1009.52,0.0,0.0,3.91,312.0,NW,7.87,9.4,9.14,80.01,5999.99,6.59,0.0
2026-09-25T01:15:00Z,2026-09-24T18:15:00-07:00,Brambley,12.78,12.78,12.47,98.0,1001.52,1009.04,0.0,0.0,3.91,300.0,WNW,6.1,9.65,9.4,80.26,5999.99,6.91,0.0
2026-09-25T01:20:00Z,2026-09-24T18:20:00-07:00,Brambley,12.72,12.72,12.42,98.0,1001.63,1009.11,0.17,0.96,3.91,284.0,WNW,6.1,10.16,9.91,80.77,5999.99,5.94,0.0
2026-09-25T01:25:00Z,2026-09-24T18:25:00-07:00,Brambley,12.61,12.61,12.31,98.0,1001.83,1009.31,0.0,0.0,3.91,271.0,W,4.83,10.41,10.16,81.03,5999.99,4.8,0.0
2026-09-25T01:30:00Z,2026-09-24T18:30:00-07:00,Brambley,12.61,12.61,12.31,98.0,1001.73,1009.21,0.0,0.0,3.91,269.0,W,3.05,10.67,10.41,81.28,5999.99,3.39,0.0
2026-09-25T01:35:00Z,2026-09-24T18:35:00-07:00,Brambley,12.61,12.61,12.31,98.0,1001.63,1009.11,0.0,0.0,3.91,281.0,W,3.05,10.92,10.67,81.53,5999.99,3.26,0.0
2026-09-25T01:40:00Z,2026-09-24T18:40:00-07:00,Brambley,12.61,12.61,12.31,98.0,1001.63,1009.11,0.0,0.0,3.91,272.0,W,3.05,11.18,10.92,81.79,5999.99,2.38,0.0
2026-09-25T01:45:00Z,2026-09-24T18:45:00-07:00,Brambley,12.61,12.61,12.31,98.0,1001.42,1008.94,0.0,0.0,3.91,280.0,W,1.27,11.18,10.92,81.79,5999.99,1.93,0.0
2026-09-25T01:50:00Z,2026-09-24T18:50:00-07:00,Brambley,12.61,12.61,12.31,98.0,1001.32,1008.84,0.0,0.0,3.91,281.0,W,3.05,11.43,11.18,82.04,5999.99,1.52,0.0
2026-09-25T01:55:00Z,2026-09-24T18:55:00-07:00,Brambley,12.61,12.61,12.31,98.0,1001.52,1009.04,0.0,0.0,3.91,270.0,W,1.78,11.43,11.18,82.04,5999.99,0.99,0.0
2026-09-25T02:00:00Z,2026-09-24T19:00:00-07:00,Brambley,12.61,12.61,12.31,98.0,1001.63,1009.11,0.0,0.0,3.91,265.0,W,1.78,11.68,11.43,82.3,5999.99,0.66,0.0
2026-09-25T02:05:00Z,2026-09-24T19:05:00-07:00,Brambley,12.61,12.61,12.31,98.0,1001.63,1009.11,0.0,0.0,3.91,267.0,W,1.78,11.68,11.43,82.3,5999.99,0.35,0.0
2026-09-25T02:10:00Z,2026-09-24T19:10:00-07:00,Brambley,12.61,12.61,12.46,99.0,1001.73,1009.21,0.0,0.0,3.91,268.0,W,1.27,11.94,11.68,82.55,5999.99,0.19,0.0
2026-09-25T02:15:00Z,2026-09-24T19:15:00-07:00,Brambley,12.61,12.61,12.46,99.0,1001.63,1009.11,0.0,0.0,3.91,276.0,W,1.27,11.94,11.68,82.55,5999.99,0.1,0.0
2026-09-25T02:20:00Z,2026-09-24T19:20:00-07:00,Brambley,12.61,12.61,12.46,99.0,1001.73,1009.21,0.0,0.0,3.91,275.0,W,1.78,12.19,11.94,82.8,5999.99,0.07,0.0
2026-09-25T02:25:00Z,2026-09-24T19:25:00-07:00,Brambley,12.61,12.61,12.46,99.0,1001.63,1009.11,0.0,0.0,3.91,267.0,W,1.78,12.19,11.94,82.8,5999.99,0.03,0.0
2026-09-25T02:30:00Z,2026-09-24T19:30:00-07:00,Brambley,12.61,12.61,12.46,99.0,1001.52,1009.04,0.0,0.0,3.91,272.0,W,1.27,12.45,12.19,83.06,5999.99,0.01,0.0
2026-09-25T02:35:00Z,2026-09-24T19:35:00-07:00,Brambley,12.61,12.61,12.46,99.0,1001.63,1009.11,0.0,0.0,3.91,285.0,WNW,3.05,12.7,12.45,83.31,5999.99,0.0,0.0
2026-09-25T02:40:00Z,2026-09-24T19:40:00-07:00,Brambley,12.61,12.61,12.46,99.0,1001.63,1009.11,0.0,0.0,3.91,265.0,W,3.05,12.95,12.7,83.57,5999.99,0.0,0.0
2026-09-25T02:45:00Z,2026-09-24T19:45:00-07:00,Brambley,12.61,12.61,12.46,99.0,1001.42,1008.94,0.0,0.0,3.91,265.0,W,1.27,12.95,12.7,83.57,5999.99,0.0,0.0
2026-09-25T02:50:00Z,2026-09-24T19:50:00-07:00,Brambley,12.61,12.61,12.46,99.0,1001.73,1009.21,0.0,0.0,3.91,265.0,W,3.05,13.21,12.95,83.82,5999.99,0.0,0.0
2026-09-25T02:55:00Z,2026-09-24T19:55:00-07:00,Brambley,12.61,12.61,12.46,99.0,1001.63,1009.11,0.0,0.0,3.91,265.0,W,3.05,13.46,13.21,84.07,5999.99,0.0,0.0
2026-09-25T03:00:00Z,2026-09-24T20:00:00-07:00,Brambley,12.61,12.61,12.46,99.0,1001.63,1009.11,0.0,0.0,3.91,265.0,W,4.32,13.97,13.72,84.58,5999.99,0.0,0.0
2026-09-25T03:05:00Z,2026-09-24T20:05:00-07:00,Brambley,12.61,12.61,12.46,99.0,1001.73,1009.21,0.0,0.0,3.91,270.0,W,4.83,14.22,13.97,84.84,5999.99,0.0,0.0
2026-09-25T03:10:00Z,2026-09-24T20:10:00-07:00,Brambley,12.61,12.61,12.46,99.0,1001.73,1009.21,0.0,0.0,3.91,269.0,W,3.05,14.48,14.22,85.09,5999.99,0.0,0.0
2026-09-25T03:15:00Z,2026-09-24T20:15:00-07:00,Brambley,12.61,12.61,12.46,99.0,1001.63,1009.11,0.0,0.0,3.91,268.0,W,4.83,14.99,14.73,85.6,5999.99,0.0,0.0
2026-09-25T03:20:00Z,2026-09-24T20:20:00-07:00,Brambley,12.61,12.61,12.46,99.0,1001.73,1009.21,0.0,0.0,3.91,273.0,W,6.6,15.49,15.24,86.11,5999.99,0.0,0.0
2026-09-25T03:25:00Z,2026-09-24T20:25:00-07:00,Brambley,12.61,12.61,12.46,99.0,1001.52,1009.04,0.0,0.0,3.91,275.0,W,6.1,16.0,15.75,86.61,5999.99,0.0,0.0
2026-09-25T03:30:00Z,2026-09-24T20:30:00-07:00,Brambley,12.5,12.5,12.34,99.0,1001.22,1008.74,0.0,0.0,3.91,274.0,W,6.1,16.26,16.0,86.87,5999.99,0.0,0.0
2026-09-25T03:35:00Z,2026-09-24T20:35:00-07:00,Brambley,12.5,12.5,12.34,99.0,1001.22,1008.74,0.0,0.0,3.91,267.0,W,3.05,16.51,16.26,87.12,5999.99,0.0,0.0
2026-09-25T03:40:00Z,2026-09-24T20:40:00-07:00,Brambley,12.5,12.5,12.34,99.0,1000.71,1008.23,0.0,0.0,3.91,285.0,WNW,4.83,17.02,16.76,87.63,5999.99,0.0,0.0
2026-09-25T03:45:00Z,2026-09-24T20:45:00-07:00,Brambley,12.5,12.5,12.34,99.0,1000.34,1007.82,0.0,0.0,3.91,288.0,WNW,4.32,17.27,17.02,87.88,5999.99,0.0,0.0
2026-09-25T03:50:00Z,2026-09-24T20:50:00-07:00,Brambley,12.5,12.5,12.34,99.0,1000.34,1007.82,0.0,0.0,3.91,273.0,W,3.05,17.53,17.27,88.14,5999.99,0.0,0.0
2026-09-25T03:55:00Z,2026-09-24T20:55:00-07:00,Brambley,12.61,12.61,12.46,99.0,1000.34,1007.82,0.35,0.96,3.91,313.0,NW,1.78,17.53,17.27,88.14,5999.99,0.0,0.0
2026-09-25T04:00:00Z,2026-09-24T21:00:00-07:00,Brambley,12.61,12.61,12.46,99.0,999.93,1007.42,0.96,0.96,3.91,36.0,NE,1.78,17.78,17.53,88.39,5999.99,0.0,0.0
2026-09-25T04:05:00Z,2026-09-24T21:05:00-07:00,Brambley,12.61,12.61,12.46,99.0,1000.24,1007.72,0.96,1.91,3.91,38.0,NE,1.78,17.78,17.53,88.39,5999.99,0.0,0.0
2026-09-25T04:10:00Z,2026-09-24T21:10:00-07:00,Brambley,12.61,12.61,12.46,99.0,1000.44,1007.92,0.0,0.0,3.91,261.0,W,0.0,17.78,17.53,88.39,5999.99,0.0,0.0
2026-09-25T04:15:00Z,2026-09-24T21:15:00-07:00,Brambley,12.61,12.61,12.46,99.0,1000.91,1008.43,0.61,0.96,3.91,219.0,SW,1.27,18.03,17.78,88.65,5999.99,0.0,0.0
2026-09-25T04:20:00Z,2026-09-24T21:20:00-07:00,Brambley,12.72,12.72,12.57,99.0,1000.81,1008.33,0.0,0.0,3.91,259.0,W,1.27,18.03,17.78,88.65,5999.99,0.0,0.0
2026-09-25T04:25:00Z,2026-09-24T21:25:00-07:00,Brambley,12.72,12.72,12.57,99.0,1000.71,1008.23,0.0,0.0,3.91,267.0,W,1.78,18.29,18.03,88.9,5999.99,0.0,0.0
2026-09-25T04:30:00Z,2026-09-24T21:30:00-07:00,Brambley,12.72,12.72,12.57,99.0,1000.91,1008.43,0.0,0.0,3.91,274.0,W,1.78,18.29,18.03,88.9,5999.99,0.0,0.0
2026-09-25T04:35:00Z,2026-09-24T21:35:00-07:00,Brambley,12.72,12.72,12.57,99.0,1001.02,1008.53,0.0,0.0,3.91,273.0,W,0.0,18.29,18.03,88.9,5999.99,0.0,0.0
2026-09-25T04:40:00Z,2026-09-24T21:40:00-07:00,Brambley,12.72,12.72,12.57,99.0,1000.81,1008.33,0.0,0.0,3.91,267.0,W,0.0,18.29,18.03,88.9,5999.99,0.0,0.0
2026-09-25T04:45:00Z,2026-09-24T21:45:00-07:00,Brambley,12.72,12.72,12.57,99.0,1000.61,1008.13,0.0,0.0,3.91,278.0,W,0.0,18.29,18.03,88.9,5999.99,0.0,0.0
2026-09-25T04:50:00Z,2026-09-24T21:50:00-07:00,Brambley,12.72,12.72,12.57,99.0,1000.54,1008.03,0.0,0.0,3.91,269.0,W,0.0,18.29,18.03,88.9,5999.99,0.0,0.0
2026-09-25T04:55:00Z,2026-09-24T21:55:00-07:00,Brambley,12.72,12.72,12.57,99.0,1000.44,1007.92,0.0,0.0,3.91,270.0,W,0.0,18.29,18.03,88.9,5999.99,0.0,0.0
2026-09-25T05:00:00Z,2026-09-24T22:00:00-07:00,Brambley,12.61,12.61,12.46,99.0,1000.03,1007.52,0.0,0.0,3.91,271.0,W,0.0,18.29,18.03,88.9,5999.99,0.0,0.0
